person_id,simulation_phenotype,segment_id,event_id,start_time,end_time,duration_minutes,peak_time,peak_glucose_mg_dl,observations_above_threshold,event_type
SYN-0002,No diabetes-like,0,SYN-0002-0-0,2026-01-07 12:55:00,2026-01-07 13:20:00,25.0,2026-01-07 13:15:00,189.5,6,multi_observation
SYN-0006,No diabetes-like,0,SYN-0006-0-0,2026-01-02 08:45:00,2026-01-02 09:30:00,45.0,2026-01-02 09:05:00,195.8,10,multi_observation
SYN-0006,No diabetes-like,0,SYN-0006-0-1,2026-01-02 14:20:00,2026-01-02 14:45:00,25.0,2026-01-02 14:30:00,190.6,6,multi_observation
SYN-0013,No diabetes-like,0,SYN-0013-0-0,2026-01-04 20:30:00,2026-01-04 20:50:00,20.0,2026-01-04 20:40:00,189.1,5,multi_observation
SYN-0018,No diabetes-like,0,SYN-0018-0-0,2026-01-07 13:10:00,2026-01-07 13:30:00,20.0,2026-01-07 13:20:00,185.4,5,multi_observation
SYN-0037,No diabetes-like,0,SYN-0037-0-0,2026-01-02 13:35:00,2026-01-02 13:45:00,10.0,2026-01-02 13:45:00,186.6,3,multi_observation
SYN-0041,Prediabetes-like,0,SYN-0041-0-0,2026-01-01 13:45:00,2026-01-01 14:55:00,70.0,2026-01-01 14:10:00,243.2,15,multi_observation
SYN-0041,Prediabetes-like,0,SYN-0041-0-1,2026-01-01 18:00:00,2026-01-01 18:50:00,50.0,2026-01-01 18:20:00,219.9,11,multi_observation
SYN-0041,Prediabetes-like,0,SYN-0041-0-2,2026-01-03 08:40:00,2026-01-03 09:50:00,70.0,2026-01-03 09:05:00,230.8,15,multi_observation
SYN-0041,Prediabetes-like,0,SYN-0041-0-3,2026-01-03 13:30:00,2026-01-03 13:45:00,15.0,2026-01-03 13:40:00,187.0,4,multi_observation
SYN-0041,Prediabetes-like,0,SYN-0041-0-4,2026-01-05 13:55:00,2026-01-05 14:25:00,30.0,2026-01-05 14:05:00,190.5,7,multi_observation
SYN-0041,Prediabetes-like,0,SYN-0041-0-5,2026-01-06 09:20:00,2026-01-06 10:15:00,55.0,2026-01-06 09:35:00,218.2,12,multi_observation
SYN-0041,Prediabetes-like,0,SYN-0041-0-6,2026-01-06 19:00:00,2026-01-06 19:40:00,40.0,2026-01-06 19:10:00,218.1,9,multi_observation
SYN-0041,Prediabetes-like,0,SYN-0041-0-7,2026-01-07 09:00:00,2026-01-07 09:10:00,10.0,2026-01-07 09:05:00,182.7,3,multi_observation
SYN-0041,Prediabetes-like,0,SYN-0041-0-8,2026-01-07 14:00:00,2026-01-07 14:55:00,55.0,2026-01-07 14:25:00,214.0,12,multi_observation
SYN-0042,Prediabetes-like,0,SYN-0042-0-0,2026-01-01 07:55:00,2026-01-01 08:45:00,50.0,2026-01-01 08:10:00,206.1,11,multi_observation
SYN-0042,Prediabetes-like,0,SYN-0042-0-1,2026-01-01 12:55:00,2026-01-01 13:25:00,30.0,2026-01-01 13:10:00,190.0,7,multi_observation
SYN-0042,Prediabetes-like,0,SYN-0042-0-2,2026-01-02 08:20:00,2026-01-02 08:40:00,20.0,2026-01-02 08:30:00,185.5,5,multi_observation
SYN-0042,Prediabetes-like,0,SYN-0042-0-3,2026-01-02 12:40:00,2026-01-02 13:50:00,70.0,2026-01-02 13:00:00,232.3,15,multi_observation
SYN-0042,Prediabetes-like,0,SYN-0042-0-4,2026-01-02 18:25:00,2026-01-02 19:25:00,60.0,2026-01-02 18:45:00,222.9,13,multi_observation
SYN-0042,Prediabetes-like,0,SYN-0042-0-5,2026-01-03 19:10:00,2026-01-03 20:30:00,80.0,2026-01-03 19:40:00,246.6,17,multi_observation
SYN-0042,Prediabetes-like,0,SYN-0042-0-6,2026-01-05 08:55:00,2026-01-05 10:00:00,65.0,2026-01-05 09:30:00,221.7,14,multi_observation
SYN-0042,Prediabetes-like,0,SYN-0042-0-7,2026-01-05 14:05:00,2026-01-05 14:50:00,45.0,2026-01-05 14:20:00,203.2,10,multi_observation
SYN-0042,Prediabetes-like,0,SYN-0042-0-8,2026-01-06 08:25:00,2026-01-06 09:35:00,70.0,2026-01-06 08:55:00,226.4,15,multi_observation
SYN-0042,Prediabetes-like,0,SYN-0042-0-9,2026-01-06 19:20:00,2026-01-06 20:00:00,40.0,2026-01-06 19:30:00,200.3,9,multi_observation
SYN-0042,Prediabetes-like,0,SYN-0042-0-10,2026-01-07 13:15:00,2026-01-07 13:20:00,5.0,2026-01-07 13:15:00,183.1,2,multi_observation
SYN-0042,Prediabetes-like,0,SYN-0042-0-11,2026-01-07 19:25:00,2026-01-07 19:50:00,25.0,2026-01-07 19:30:00,183.2,5,multi_observation
SYN-0043,Prediabetes-like,0,SYN-0043-0-0,2026-01-01 07:40:00,2026-01-01 08:35:00,55.0,2026-01-01 08:00:00,208.4,12,multi_observation
SYN-0043,Prediabetes-like,0,SYN-0043-0-1,2026-01-02 14:20:00,2026-01-02 15:00:00,40.0,2026-01-02 14:25:00,197.3,9,multi_observation
SYN-0043,Prediabetes-like,0,SYN-0043-0-2,2026-01-02 19:10:00,2026-01-02 19:30:00,20.0,2026-01-02 19:20:00,192.1,5,multi_observation
SYN-0043,Prediabetes-like,0,SYN-0043-0-3,2026-01-03 14:10:00,2026-01-03 14:50:00,40.0,2026-01-03 14:25:00,199.4,9,multi_observation
SYN-0043,Prediabetes-like,0,SYN-0043-0-4,2026-01-07 19:55:00,2026-01-07 19:55:00,0.0,2026-01-07 19:55:00,185.1,1,single_observation
SYN-0044,Prediabetes-like,0,SYN-0044-0-0,2026-01-03 12:50:00,2026-01-03 13:15:00,25.0,2026-01-03 12:50:00,190.5,5,multi_observation
SYN-0044,Prediabetes-like,0,SYN-0044-0-1,2026-01-04 12:55:00,2026-01-04 13:30:00,35.0,2026-01-04 13:10:00,190.7,8,multi_observation
SYN-0044,Prediabetes-like,0,SYN-0044-0-2,2026-01-05 13:55:00,2026-01-05 14:35:00,40.0,2026-01-05 14:05:00,205.3,8,multi_observation
SYN-0044,Prediabetes-like,0,SYN-0044-0-3,2026-01-05 19:35:00,2026-01-05 20:25:00,50.0,2026-01-05 19:45:00,197.6,11,multi_observation
SYN-0044,Prediabetes-like,0,SYN-0044-0-4,2026-01-06 08:20:00,2026-01-06 08:40:00,20.0,2026-01-06 08:25:00,190.3,5,multi_observation
SYN-0044,Prediabetes-like,0,SYN-0044-0-5,2026-01-06 13:40:00,2026-01-06 14:35:00,55.0,2026-01-06 14:10:00,212.3,12,multi_observation
SYN-0044,Prediabetes-like,0,SYN-0044-0-6,2026-01-07 13:10:00,2026-01-07 13:55:00,45.0,2026-01-07 13:25:00,200.4,10,multi_observation
SYN-0045,Prediabetes-like,0,SYN-0045-0-0,2026-01-03 14:15:00,2026-01-03 14:15:00,0.0,2026-01-03 14:15:00,180.1,1,single_observation
SYN-0045,Prediabetes-like,0,SYN-0045-0-1,2026-01-04 13:45:00,2026-01-04 13:55:00,10.0,2026-01-04 13:45:00,182.6,3,multi_observation
SYN-0045,Prediabetes-like,0,SYN-0045-0-2,2026-01-04 19:45:00,2026-01-04 20:30:00,45.0,2026-01-04 20:00:00,221.2,10,multi_observation
SYN-0045,Prediabetes-like,0,SYN-0045-0-3,2026-01-05 08:05:00,2026-01-05 09:00:00,55.0,2026-01-05 08:20:00,197.6,12,multi_observation
SYN-0045,Prediabetes-like,0,SYN-0045-0-4,2026-01-05 14:00:00,2026-01-05 14:55:00,55.0,2026-01-05 14:20:00,201.0,12,multi_observation
SYN-0045,Prediabetes-like,0,SYN-0045-0-5,2026-01-06 07:50:00,2026-01-06 09:35:00,105.0,2026-01-06 08:15:00,237.6,21,multi_observation
SYN-0045,Prediabetes-like,0,SYN-0045-0-6,2026-01-06 13:30:00,2026-01-06 14:20:00,50.0,2026-01-06 13:50:00,221.8,11,multi_observation
SYN-0045,Prediabetes-like,0,SYN-0045-0-7,2026-01-06 18:30:00,2026-01-06 19:15:00,45.0,2026-01-06 18:50:00,193.1,10,multi_observation
SYN-0045,Prediabetes-like,0,SYN-0045-0-8,2026-01-07 09:15:00,2026-01-07 10:05:00,50.0,2026-01-07 09:45:00,202.1,11,multi_observation
SYN-0045,Prediabetes-like,0,SYN-0045-0-9,2026-01-07 12:40:00,2026-01-07 13:25:00,45.0,2026-01-07 12:50:00,203.0,10,multi_observation
SYN-0045,Prediabetes-like,0,SYN-0045-0-10,2026-01-07 18:45:00,2026-01-07 19:15:00,30.0,2026-01-07 18:55:00,192.5,7,multi_observation
SYN-0046,Prediabetes-like,0,SYN-0046-0-0,2026-01-01 08:10:00,2026-01-01 08:10:00,0.0,2026-01-01 08:10:00,180.2,1,single_observation
SYN-0046,Prediabetes-like,0,SYN-0046-0-1,2026-01-01 12:30:00,2026-01-01 13:20:00,50.0,2026-01-01 12:45:00,212.3,11,multi_observation
SYN-0046,Prediabetes-like,0,SYN-0046-0-2,2026-01-02 08:30:00,2026-01-02 09:35:00,65.0,2026-01-02 08:55:00,222.6,14,multi_observation
SYN-0046,Prediabetes-like,0,SYN-0046-0-3,2026-01-02 13:45:00,2026-01-02 14:20:00,35.0,2026-01-02 13:55:00,190.3,8,multi_observation
SYN-0046,Prediabetes-like,0,SYN-0046-0-4,2026-01-02 19:10:00,2026-01-02 19:45:00,35.0,2026-01-02 19:25:00,202.5,8,multi_observation
SYN-0046,Prediabetes-like,0,SYN-0046-0-5,2026-01-03 08:50:00,2026-01-03 10:10:00,80.0,2026-01-03 09:20:00,248.4,17,multi_observation
SYN-0046,Prediabetes-like,0,SYN-0046-0-6,2026-01-04 13:15:00,2026-01-04 14:05:00,50.0,2026-01-04 13:40:00,201.6,11,multi_observation
SYN-0046,Prediabetes-like,0,SYN-0046-0-7,2026-01-04 19:00:00,2026-01-04 20:20:00,80.0,2026-01-04 19:25:00,260.5,16,multi_observation
SYN-0046,Prediabetes-like,0,SYN-0046-0-8,2026-01-05 09:05:00,2026-01-05 10:10:00,65.0,2026-01-05 09:25:00,202.5,14,multi_observation
SYN-0046,Prediabetes-like,0,SYN-0046-0-9,2026-01-05 14:30:00,2026-01-05 14:30:00,0.0,2026-01-05 14:30:00,180.1,1,single_observation
SYN-0046,Prediabetes-like,0,SYN-0046-0-10,2026-01-05 19:35:00,2026-01-05 20:35:00,60.0,2026-01-05 19:55:00,229.5,13,multi_observation
SYN-0046,Prediabetes-like,0,SYN-0046-0-11,2026-01-06 18:35:00,2026-01-06 18:45:00,10.0,2026-01-06 18:40:00,184.2,3,multi_observation
SYN-0046,Prediabetes-like,0,SYN-0046-0-12,2026-01-07 08:45:00,2026-01-07 10:05:00,80.0,2026-01-07 09:05:00,260.2,17,multi_observation
SYN-0046,Prediabetes-like,0,SYN-0046-0-13,2026-01-07 12:25:00,2026-01-07 13:45:00,80.0,2026-01-07 12:50:00,235.8,17,multi_observation
SYN-0047,Prediabetes-like,0,SYN-0047-0-0,2026-01-01 09:20:00,2026-01-01 09:20:00,0.0,2026-01-01 09:20:00,181.1,1,single_observation
SYN-0047,Prediabetes-like,0,SYN-0047-0-1,2026-01-01 14:20:00,2026-01-01 14:35:00,15.0,2026-01-01 14:35:00,182.1,2,multi_observation
SYN-0047,Prediabetes-like,0,SYN-0047-0-2,2026-01-02 14:10:00,2026-01-02 14:35:00,25.0,2026-01-02 14:30:00,182.8,4,multi_observation
SYN-0047,Prediabetes-like,0,SYN-0047-0-3,2026-01-03 08:40:00,2026-01-03 08:45:00,5.0,2026-01-03 08:40:00,184.6,2,multi_observation
SYN-0047,Prediabetes-like,0,SYN-0047-0-4,2026-01-03 13:35:00,2026-01-03 14:30:00,55.0,2026-01-03 14:00:00,209.7,12,multi_observation
SYN-0047,Prediabetes-like,0,SYN-0047-0-5,2026-01-04 07:45:00,2026-01-04 08:30:00,45.0,2026-01-04 07:50:00,195.1,9,multi_observation
SYN-0047,Prediabetes-like,0,SYN-0047-0-6,2026-01-04 13:20:00,2026-01-04 14:35:00,75.0,2026-01-04 13:45:00,226.1,16,multi_observation
SYN-0047,Prediabetes-like,0,SYN-0047-0-7,2026-01-04 18:35:00,2026-01-04 19:10:00,35.0,2026-01-04 18:40:00,183.7,5,multi_observation
SYN-0047,Prediabetes-like,0,SYN-0047-0-8,2026-01-05 08:50:00,2026-01-05 10:05:00,75.0,2026-01-05 09:10:00,222.8,16,multi_observation
SYN-0047,Prediabetes-like,0,SYN-0047-0-9,2026-01-05 13:50:00,2026-01-05 15:15:00,85.0,2026-01-05 14:25:00,240.7,18,multi_observation
SYN-0047,Prediabetes-like,0,SYN-0047-0-10,2026-01-07 14:05:00,2026-01-07 14:25:00,20.0,2026-01-07 14:10:00,187.7,5,multi_observation
SYN-0048,Prediabetes-like,0,SYN-0048-0-0,2026-01-01 07:55:00,2026-01-01 08:15:00,20.0,2026-01-01 07:55:00,183.6,3,multi_observation
SYN-0048,Prediabetes-like,0,SYN-0048-0-1,2026-01-01 14:00:00,2026-01-01 14:45:00,45.0,2026-01-01 14:20:00,192.0,10,multi_observation
SYN-0048,Prediabetes-like,0,SYN-0048-0-2,2026-01-01 19:45:00,2026-01-01 20:05:00,20.0,2026-01-01 19:55:00,189.9,5,multi_observation
SYN-0048,Prediabetes-like,0,SYN-0048-0-3,2026-01-02 08:25:00,2026-01-02 09:45:00,80.0,2026-01-02 08:55:00,231.6,17,multi_observation
SYN-0048,Prediabetes-like,0,SYN-0048-0-4,2026-01-02 14:05:00,2026-01-02 14:15:00,10.0,2026-01-02 14:05:00,186.5,3,multi_observation
SYN-0048,Prediabetes-like,0,SYN-0048-0-5,2026-01-03 07:35:00,2026-01-03 07:55:00,20.0,2026-01-03 07:45:00,187.7,4,multi_observation
SYN-0048,Prediabetes-like,0,SYN-0048-0-6,2026-01-04 19:10:00,2026-01-04 20:10:00,60.0,2026-01-04 19:25:00,227.8,13,multi_observation
SYN-0048,Prediabetes-like,0,SYN-0048-0-7,2026-01-05 08:20:00,2026-01-05 09:50:00,90.0,2026-01-05 08:50:00,275.0,19,multi_observation
SYN-0048,Prediabetes-like,0,SYN-0048-0-8,2026-01-06 09:45:00,2026-01-06 09:45:00,0.0,2026-01-06 09:45:00,184.5,1,single_observation
SYN-0048,Prediabetes-like,0,SYN-0048-0-9,2026-01-06 19:55:00,2026-01-06 20:55:00,60.0,2026-01-06 20:15:00,228.6,13,multi_observation
SYN-0048,Prediabetes-like,0,SYN-0048-0-10,2026-01-07 07:35:00,2026-01-07 08:00:00,25.0,2026-01-07 07:40:00,188.0,4,multi_observation
SYN-0048,Prediabetes-like,0,SYN-0048-0-11,2026-01-07 13:55:00,2026-01-07 14:30:00,35.0,2026-01-07 14:10:00,195.7,8,multi_observation
SYN-0049,Prediabetes-like,0,SYN-0049-0-0,2026-01-01 08:00:00,2026-01-01 09:05:00,65.0,2026-01-01 08:30:00,216.8,14,multi_observation
SYN-0049,Prediabetes-like,0,SYN-0049-0-1,2026-01-01 19:35:00,2026-01-01 20:25:00,50.0,2026-01-01 19:50:00,206.8,10,multi_observation
SYN-0049,Prediabetes-like,0,SYN-0049-0-2,2026-01-03 13:35:00,2026-01-03 14:50:00,75.0,2026-01-03 14:00:00,227.6,16,multi_observation
SYN-0049,Prediabetes-like,0,SYN-0049-0-3,2026-01-04 08:10:00,2026-01-04 08:10:00,0.0,2026-01-04 08:10:00,180.3,1,single_observation
SYN-0049,Prediabetes-like,0,SYN-0049-0-4,2026-01-04 13:40:00,2026-01-04 14:55:00,75.0,2026-01-04 13:55:00,223.4,16,multi_observation
SYN-0049,Prediabetes-like,0,SYN-0049-0-5,2026-01-06 12:15:00,2026-01-06 12:45:00,30.0,2026-01-06 12:45:00,188.7,7,multi_observation
SYN-0049,Prediabetes-like,0,SYN-0049-0-6,2026-01-07 07:35:00,2026-01-07 08:55:00,80.0,2026-01-07 08:00:00,225.9,16,multi_observation
SYN-0050,Prediabetes-like,0,SYN-0050-0-0,2026-01-04 19:20:00,2026-01-04 19:55:00,35.0,2026-01-04 19:35:00,195.5,8,multi_observation
SYN-0051,Prediabetes-like,0,SYN-0051-0-0,2026-01-04 18:35:00,2026-01-04 19:30:00,55.0,2026-01-04 18:55:00,214.4,12,multi_observation
SYN-0051,Prediabetes-like,0,SYN-0051-0-1,2026-01-05 19:30:00,2026-01-05 19:30:00,0.0,2026-01-05 19:30:00,180.2,1,single_observation
SYN-0051,Prediabetes-like,0,SYN-0051-0-2,2026-01-06 12:50:00,2026-01-06 14:00:00,70.0,2026-01-06 13:15:00,245.9,15,multi_observation
SYN-0052,Prediabetes-like,0,SYN-0052-0-0,2026-01-01 08:55:00,2026-01-01 10:20:00,85.0,2026-01-01 09:15:00,213.8,18,multi_observation
SYN-0052,Prediabetes-like,0,SYN-0052-0-1,2026-01-01 14:15:00,2026-01-01 14:15:00,0.0,2026-01-01 14:15:00,183.0,1,single_observation
SYN-0052,Prediabetes-like,0,SYN-0052-0-2,2026-01-02 08:40:00,2026-01-02 10:45:00,125.0,2026-01-02 09:05:00,273.2,24,multi_observation
SYN-0052,Prediabetes-like,0,SYN-0052-0-3,2026-01-02 13:45:00,2026-01-02 14:55:00,70.0,2026-01-02 14:10:00,207.6,14,multi_observation
SYN-0052,Prediabetes-like,0,SYN-0052-0-4,2026-01-02 19:00:00,2026-01-02 19:40:00,40.0,2026-01-02 19:20:00,189.1,9,multi_observation
SYN-0052,Prediabetes-like,0,SYN-0052-0-5,2026-01-03 08:35:00,2026-01-03 09:10:00,35.0,2026-01-03 08:45:00,199.3,8,multi_observation
SYN-0052,Prediabetes-like,0,SYN-0052-0-6,2026-01-03 09:35:00,2026-01-03 09:35:00,0.0,2026-01-03 09:35:00,180.9,1,single_observation
SYN-0052,Prediabetes-like,0,SYN-0052-0-7,2026-01-03 13:55:00,2026-01-03 13:55:00,0.0,2026-01-03 13:55:00,181.9,1,single_observation
SYN-0052,Prediabetes-like,0,SYN-0052-0-8,2026-01-03 14:15:00,2026-01-03 14:50:00,35.0,2026-01-03 14:25:00,193.0,8,multi_observation
SYN-0052,Prediabetes-like,0,SYN-0052-0-9,2026-01-03 18:40:00,2026-01-03 18:50:00,10.0,2026-01-03 18:40:00,180.5,2,multi_observation
SYN-0052,Prediabetes-like,0,SYN-0052-0-10,2026-01-04 07:50:00,2026-01-04 08:20:00,30.0,2026-01-04 07:50:00,189.7,7,multi_observation
SYN-0052,Prediabetes-like,0,SYN-0052-0-11,2026-01-04 13:20:00,2026-01-04 14:25:00,65.0,2026-01-04 13:50:00,206.4,14,multi_observation
SYN-0052,Prediabetes-like,0,SYN-0052-0-12,2026-01-04 18:45:00,2026-01-04 19:00:00,15.0,2026-01-04 18:55:00,184.4,4,multi_observation
SYN-0052,Prediabetes-like,0,SYN-0052-0-13,2026-01-05 09:25:00,2026-01-05 10:30:00,65.0,2026-01-05 09:40:00,209.9,14,multi_observation
SYN-0052,Prediabetes-like,0,SYN-0052-0-14,2026-01-05 13:45:00,2026-01-05 14:30:00,45.0,2026-01-05 14:05:00,193.3,10,multi_observation
SYN-0052,Prediabetes-like,0,SYN-0052-0-15,2026-01-05 20:25:00,2026-01-05 21:00:00,35.0,2026-01-05 20:35:00,198.4,8,multi_observation
SYN-0052,Prediabetes-like,0,SYN-0052-0-16,2026-01-06 07:15:00,2026-01-06 07:15:00,0.0,2026-01-06 07:15:00,182.4,1,single_observation
SYN-0052,Prediabetes-like,0,SYN-0052-0-17,2026-01-06 07:35:00,2026-01-06 07:35:00,0.0,2026-01-06 07:35:00,180.1,1,single_observation
SYN-0052,Prediabetes-like,0,SYN-0052-0-18,2026-01-06 13:10:00,2026-01-06 13:55:00,45.0,2026-01-06 13:25:00,192.6,9,multi_observation
SYN-0052,Prediabetes-like,0,SYN-0052-0-19,2026-01-06 20:05:00,2026-01-06 21:15:00,70.0,2026-01-06 20:35:00,235.0,15,multi_observation
SYN-0052,Prediabetes-like,0,SYN-0052-0-20,2026-01-07 09:35:00,2026-01-07 10:15:00,40.0,2026-01-07 09:50:00,197.4,9,multi_observation
SYN-0052,Prediabetes-like,0,SYN-0052-0-21,2026-01-07 12:30:00,2026-01-07 13:15:00,45.0,2026-01-07 12:55:00,195.6,10,multi_observation
SYN-0052,Prediabetes-like,0,SYN-0052-0-22,2026-01-07 13:35:00,2026-01-07 13:35:00,0.0,2026-01-07 13:35:00,180.4,1,single_observation
SYN-0053,Prediabetes-like,0,SYN-0053-0-0,2026-01-01 08:55:00,2026-01-01 09:15:00,20.0,2026-01-01 09:10:00,193.5,5,multi_observation
SYN-0053,Prediabetes-like,0,SYN-0053-0-1,2026-01-01 14:10:00,2026-01-01 15:20:00,70.0,2026-01-01 14:30:00,219.3,15,multi_observation
SYN-0053,Prediabetes-like,0,SYN-0053-0-2,2026-01-01 20:00:00,2026-01-01 20:05:00,5.0,2026-01-01 20:05:00,188.6,2,multi_observation
SYN-0053,Prediabetes-like,0,SYN-0053-0-3,2026-01-02 07:30:00,2026-01-02 08:25:00,55.0,2026-01-02 08:00:00,195.6,10,multi_observation
SYN-0053,Prediabetes-like,0,SYN-0053-0-4,2026-01-02 13:10:00,2026-01-02 14:15:00,65.0,2026-01-02 13:30:00,219.5,14,multi_observation
SYN-0053,Prediabetes-like,0,SYN-0053-0-5,2026-01-03 07:45:00,2026-01-03 08:15:00,30.0,2026-01-03 08:00:00,194.1,7,multi_observation
SYN-0053,Prediabetes-like,0,SYN-0053-0-6,2026-01-03 08:40:00,2026-01-03 08:40:00,0.0,2026-01-03 08:40:00,180.7,1,single_observation
SYN-0053,Prediabetes-like,0,SYN-0053-0-7,2026-01-03 13:05:00,2026-01-03 13:55:00,50.0,2026-01-03 13:20:00,221.9,11,multi_observation
SYN-0053,Prediabetes-like,0,SYN-0053-0-8,2026-01-03 19:05:00,2026-01-03 19:55:00,50.0,2026-01-03 19:10:00,213.3,11,multi_observation
SYN-0053,Prediabetes-like,0,SYN-0053-0-9,2026-01-04 09:35:00,2026-01-04 10:10:00,35.0,2026-01-04 09:35:00,202.1,8,multi_observation
SYN-0053,Prediabetes-like,0,SYN-0053-0-10,2026-01-04 13:35:00,2026-01-04 14:50:00,75.0,2026-01-04 14:10:00,214.2,16,multi_observation
SYN-0053,Prediabetes-like,0,SYN-0053-0-11,2026-01-04 19:45:00,2026-01-04 20:30:00,45.0,2026-01-04 20:00:00,208.5,9,multi_observation
SYN-0053,Prediabetes-like,0,SYN-0053-0-12,2026-01-05 08:25:00,2026-01-05 09:15:00,50.0,2026-01-05 08:40:00,197.4,11,multi_observation
SYN-0053,Prediabetes-like,0,SYN-0053-0-13,2026-01-05 09:40:00,2026-01-05 09:50:00,10.0,2026-01-05 09:40:00,191.4,3,multi_observation
SYN-0053,Prediabetes-like,0,SYN-0053-0-14,2026-01-05 12:55:00,2026-01-05 13:45:00,50.0,2026-01-05 13:00:00,202.0,11,multi_observation
SYN-0053,Prediabetes-like,0,SYN-0053-0-15,2026-01-05 18:35:00,2026-01-05 19:15:00,40.0,2026-01-05 18:55:00,204.1,9,multi_observation
SYN-0053,Prediabetes-like,0,SYN-0053-0-16,2026-01-06 08:30:00,2026-01-06 09:35:00,65.0,2026-01-06 09:05:00,223.2,14,multi_observation
SYN-0053,Prediabetes-like,0,SYN-0053-0-17,2026-01-06 12:30:00,2026-01-06 13:25:00,55.0,2026-01-06 12:40:00,207.8,11,multi_observation
SYN-0053,Prediabetes-like,0,SYN-0053-0-18,2026-01-06 18:55:00,2026-01-06 18:55:00,0.0,2026-01-06 18:55:00,181.2,1,single_observation
SYN-0053,Prediabetes-like,0,SYN-0053-0-19,2026-01-07 07:35:00,2026-01-07 07:45:00,10.0,2026-01-07 07:40:00,189.3,3,multi_observation
SYN-0053,Prediabetes-like,0,SYN-0053-0-20,2026-01-07 13:15:00,2026-01-07 14:15:00,60.0,2026-01-07 13:40:00,228.2,13,multi_observation
SYN-0053,Prediabetes-like,0,SYN-0053-0-21,2026-01-07 18:45:00,2026-01-07 19:45:00,60.0,2026-01-07 19:10:00,220.0,12,multi_observation
SYN-0054,Prediabetes-like,0,SYN-0054-0-0,2026-01-01 09:05:00,2026-01-01 10:15:00,70.0,2026-01-01 09:30:00,206.1,14,multi_observation
SYN-0054,Prediabetes-like,0,SYN-0054-0-1,2026-01-01 14:20:00,2026-01-01 15:05:00,45.0,2026-01-01 14:45:00,203.1,10,multi_observation
SYN-0054,Prediabetes-like,0,SYN-0054-0-2,2026-01-01 18:50:00,2026-01-01 19:45:00,55.0,2026-01-01 19:10:00,200.3,12,multi_observation
SYN-0054,Prediabetes-like,0,SYN-0054-0-3,2026-01-02 07:20:00,2026-01-02 07:45:00,25.0,2026-01-02 07:35:00,192.9,6,multi_observation
SYN-0054,Prediabetes-like,0,SYN-0054-0-4,2026-01-02 12:35:00,2026-01-02 13:00:00,25.0,2026-01-02 12:45:00,185.4,5,multi_observation
SYN-0054,Prediabetes-like,0,SYN-0054-0-5,2026-01-03 08:10:00,2026-01-03 08:10:00,0.0,2026-01-03 08:10:00,182.3,1,single_observation
SYN-0054,Prediabetes-like,0,SYN-0054-0-6,2026-01-03 13:05:00,2026-01-03 13:45:00,40.0,2026-01-03 13:25:00,198.2,9,multi_observation
SYN-0054,Prediabetes-like,0,SYN-0054-0-7,2026-01-03 20:40:00,2026-01-03 21:05:00,25.0,2026-01-03 20:50:00,200.8,6,multi_observation
SYN-0054,Prediabetes-like,0,SYN-0054-0-8,2026-01-04 07:35:00,2026-01-04 08:15:00,40.0,2026-01-04 07:50:00,191.1,9,multi_observation
SYN-0054,Prediabetes-like,0,SYN-0054-0-9,2026-01-04 13:30:00,2026-01-04 15:15:00,105.0,2026-01-04 14:00:00,284.7,22,multi_observation
SYN-0054,Prediabetes-like,0,SYN-0054-0-10,2026-01-04 19:55:00,2026-01-04 20:30:00,35.0,2026-01-04 20:05:00,197.3,8,multi_observation
SYN-0054,Prediabetes-like,0,SYN-0054-0-11,2026-01-05 09:15:00,2026-01-05 10:10:00,55.0,2026-01-05 09:30:00,206.9,12,multi_observation
SYN-0054,Prediabetes-like,0,SYN-0054-0-12,2026-01-05 18:40:00,2026-01-05 19:10:00,30.0,2026-01-05 18:50:00,193.5,7,multi_observation
SYN-0054,Prediabetes-like,0,SYN-0054-0-13,2026-01-06 07:55:00,2026-01-06 09:30:00,95.0,2026-01-06 08:15:00,267.4,20,multi_observation
SYN-0054,Prediabetes-like,0,SYN-0054-0-14,2026-01-06 13:15:00,2026-01-06 14:15:00,60.0,2026-01-06 13:35:00,214.6,13,multi_observation
SYN-0054,Prediabetes-like,0,SYN-0054-0-15,2026-01-06 18:30:00,2026-01-06 18:30:00,0.0,2026-01-06 18:30:00,180.2,1,single_observation
SYN-0054,Prediabetes-like,0,SYN-0054-0-16,2026-01-07 07:30:00,2026-01-07 08:30:00,60.0,2026-01-07 07:55:00,212.7,13,multi_observation
SYN-0054,Prediabetes-like,0,SYN-0054-0-17,2026-01-07 12:50:00,2026-01-07 13:55:00,65.0,2026-01-07 13:10:00,207.2,12,multi_observation
SYN-0054,Prediabetes-like,0,SYN-0054-0-18,2026-01-07 19:00:00,2026-01-07 19:50:00,50.0,2026-01-07 19:15:00,208.5,11,multi_observation
SYN-0055,Prediabetes-like,0,SYN-0055-0-0,2026-01-01 07:45:00,2026-01-01 08:10:00,25.0,2026-01-01 08:00:00,185.2,6,multi_observation
SYN-0055,Prediabetes-like,0,SYN-0055-0-1,2026-01-01 13:40:00,2026-01-01 14:30:00,50.0,2026-01-01 13:50:00,203.6,11,multi_observation
SYN-0055,Prediabetes-like,0,SYN-0055-0-2,2026-01-03 08:10:00,2026-01-03 08:45:00,35.0,2026-01-03 08:20:00,193.3,8,multi_observation
SYN-0055,Prediabetes-like,0,SYN-0055-0-3,2026-01-03 13:45:00,2026-01-03 14:25:00,40.0,2026-01-03 13:55:00,192.7,9,multi_observation
SYN-0055,Prediabetes-like,0,SYN-0055-0-4,2026-01-04 07:30:00,2026-01-04 07:55:00,25.0,2026-01-04 07:40:00,202.7,6,multi_observation
SYN-0055,Prediabetes-like,0,SYN-0055-0-5,2026-01-04 13:35:00,2026-01-04 13:35:00,0.0,2026-01-04 13:35:00,182.4,1,single_observation
SYN-0055,Prediabetes-like,0,SYN-0055-0-6,2026-01-04 19:00:00,2026-01-04 19:55:00,55.0,2026-01-04 19:20:00,223.8,12,multi_observation
SYN-0055,Prediabetes-like,0,SYN-0055-0-7,2026-01-05 12:55:00,2026-01-05 14:05:00,70.0,2026-01-05 13:15:00,245.7,15,multi_observation
SYN-0055,Prediabetes-like,0,SYN-0055-0-8,2026-01-06 13:15:00,2026-01-06 13:50:00,35.0,2026-01-06 13:40:00,191.2,8,multi_observation
SYN-0055,Prediabetes-like,0,SYN-0055-0-9,2026-01-06 19:35:00,2026-01-06 20:45:00,70.0,2026-01-06 20:00:00,233.0,15,multi_observation
SYN-0055,Prediabetes-like,0,SYN-0055-0-10,2026-01-07 06:55:00,2026-01-07 07:05:00,10.0,2026-01-07 07:00:00,184.2,3,multi_observation
SYN-0056,Prediabetes-like,0,SYN-0056-0-0,2026-01-01 14:00:00,2026-01-01 14:25:00,25.0,2026-01-01 14:10:00,185.1,6,multi_observation
SYN-0056,Prediabetes-like,0,SYN-0056-0-1,2026-01-02 08:20:00,2026-01-02 09:05:00,45.0,2026-01-02 08:50:00,191.9,10,multi_observation
SYN-0056,Prediabetes-like,0,SYN-0056-0-2,2026-01-02 12:05:00,2026-01-02 13:30:00,85.0,2026-01-02 12:35:00,258.2,18,multi_observation
SYN-0056,Prediabetes-like,0,SYN-0056-0-3,2026-01-02 19:15:00,2026-01-02 19:45:00,30.0,2026-01-02 19:25:00,188.5,7,multi_observation
SYN-0056,Prediabetes-like,0,SYN-0056-0-4,2026-01-03 08:50:00,2026-01-03 09:35:00,45.0,2026-01-03 09:05:00,202.1,10,multi_observation
SYN-0056,Prediabetes-like,0,SYN-0056-0-5,2026-01-03 20:10:00,2026-01-03 20:10:00,0.0,2026-01-03 20:10:00,180.3,1,single_observation
SYN-0056,Prediabetes-like,0,SYN-0056-0-6,2026-01-04 13:25:00,2026-01-04 14:35:00,70.0,2026-01-04 13:55:00,223.5,15,multi_observation
SYN-0056,Prediabetes-like,0,SYN-0056-0-7,2026-01-05 08:20:00,2026-01-05 08:45:00,25.0,2026-01-05 08:20:00,188.5,6,multi_observation
SYN-0056,Prediabetes-like,0,SYN-0056-0-8,2026-01-06 09:25:00,2026-01-06 09:25:00,0.0,2026-01-06 09:25:00,183.1,1,single_observation
SYN-0056,Prediabetes-like,0,SYN-0056-0-9,2026-01-06 13:40:00,2026-01-06 14:05:00,25.0,2026-01-06 13:50:00,188.7,6,multi_observation
SYN-0056,Prediabetes-like,0,SYN-0056-0-10,2026-01-06 19:55:00,2026-01-06 20:15:00,20.0,2026-01-06 20:05:00,186.4,5,multi_observation
SYN-0056,Prediabetes-like,0,SYN-0056-0-11,2026-01-07 08:55:00,2026-01-07 09:20:00,25.0,2026-01-07 09:05:00,192.4,6,multi_observation
SYN-0056,Prediabetes-like,0,SYN-0056-0-12,2026-01-07 13:30:00,2026-01-07 14:30:00,60.0,2026-01-07 14:00:00,214.8,13,multi_observation
SYN-0057,Prediabetes-like,0,SYN-0057-0-0,2026-01-03 08:35:00,2026-01-03 09:35:00,60.0,2026-01-03 08:50:00,232.2,13,multi_observation
SYN-0057,Prediabetes-like,0,SYN-0057-0-1,2026-01-03 13:10:00,2026-01-03 14:05:00,55.0,2026-01-03 13:40:00,216.0,12,multi_observation
SYN-0057,Prediabetes-like,0,SYN-0057-0-2,2026-01-06 08:10:00,2026-01-06 09:00:00,50.0,2026-01-06 08:35:00,223.1,11,multi_observation
SYN-0057,Prediabetes-like,0,SYN-0057-0-3,2026-01-07 09:00:00,2026-01-07 09:45:00,45.0,2026-01-07 09:15:00,199.1,10,multi_observation
SYN-0058,Prediabetes-like,0,SYN-0058-0-0,2026-01-01 08:10:00,2026-01-01 09:30:00,80.0,2026-01-01 08:30:00,226.6,17,multi_observation
SYN-0058,Prediabetes-like,0,SYN-0058-0-1,2026-01-01 14:30:00,2026-01-01 15:40:00,70.0,2026-01-01 14:55:00,226.6,15,multi_observation
SYN-0058,Prediabetes-like,0,SYN-0058-0-2,2026-01-01 19:25:00,2026-01-01 20:15:00,50.0,2026-01-01 19:45:00,218.2,11,multi_observation
SYN-0058,Prediabetes-like,0,SYN-0058-0-3,2026-01-04 12:25:00,2026-01-04 12:30:00,5.0,2026-01-04 12:30:00,182.3,2,multi_observation
SYN-0058,Prediabetes-like,0,SYN-0058-0-4,2026-01-06 08:20:00,2026-01-06 08:35:00,15.0,2026-01-06 08:35:00,181.8,3,multi_observation
SYN-0059,Prediabetes-like,0,SYN-0059-0-0,2026-01-01 08:20:00,2026-01-01 09:00:00,40.0,2026-01-01 08:40:00,189.7,9,multi_observation
SYN-0059,Prediabetes-like,0,SYN-0059-0-1,2026-01-01 13:15:00,2026-01-01 14:10:00,55.0,2026-01-01 13:40:00,214.4,12,multi_observation
SYN-0059,Prediabetes-like,0,SYN-0059-0-2,2026-01-02 13:25:00,2026-01-02 13:55:00,30.0,2026-01-02 13:30:00,188.5,7,multi_observation
SYN-0059,Prediabetes-like,0,SYN-0059-0-3,2026-01-02 19:40:00,2026-01-02 20:45:00,65.0,2026-01-02 20:00:00,225.7,14,multi_observation
SYN-0059,Prediabetes-like,0,SYN-0059-0-4,2026-01-03 13:05:00,2026-01-03 13:35:00,30.0,2026-01-03 13:15:00,190.2,7,multi_observation
SYN-0059,Prediabetes-like,0,SYN-0059-0-5,2026-01-04 09:15:00,2026-01-04 09:50:00,35.0,2026-01-04 09:25:00,198.7,8,multi_observation
SYN-0059,Prediabetes-like,0,SYN-0059-0-6,2026-01-05 07:50:00,2026-01-05 08:20:00,30.0,2026-01-05 08:05:00,188.8,6,multi_observation
SYN-0059,Prediabetes-like,0,SYN-0059-0-7,2026-01-05 13:35:00,2026-01-05 14:40:00,65.0,2026-01-05 14:00:00,237.2,14,multi_observation
SYN-0059,Prediabetes-like,0,SYN-0059-0-8,2026-01-05 19:10:00,2026-01-05 20:15:00,65.0,2026-01-05 19:25:00,222.0,14,multi_observation
SYN-0059,Prediabetes-like,0,SYN-0059-0-9,2026-01-06 19:40:00,2026-01-06 19:50:00,10.0,2026-01-06 19:45:00,185.8,3,multi_observation
SYN-0059,Prediabetes-like,0,SYN-0059-0-10,2026-01-07 08:05:00,2026-01-07 08:05:00,0.0,2026-01-07 08:05:00,180.2,1,single_observation
SYN-0059,Prediabetes-like,0,SYN-0059-0-11,2026-01-07 12:45:00,2026-01-07 12:50:00,5.0,2026-01-07 12:45:00,180.5,2,multi_observation
SYN-0060,Prediabetes-like,0,SYN-0060-0-0,2026-01-02 12:10:00,2026-01-02 13:15:00,65.0,2026-01-02 12:35:00,237.0,14,multi_observation
SYN-0060,Prediabetes-like,0,SYN-0060-0-1,2026-01-02 19:20:00,2026-01-02 19:25:00,5.0,2026-01-02 19:25:00,190.3,2,multi_observation
SYN-0060,Prediabetes-like,0,SYN-0060-0-2,2026-01-03 08:50:00,2026-01-03 09:45:00,55.0,2026-01-03 09:00:00,189.0,10,multi_observation
SYN-0060,Prediabetes-like,0,SYN-0060-0-3,2026-01-05 18:50:00,2026-01-05 19:05:00,15.0,2026-01-05 19:00:00,192.1,4,multi_observation
SYN-0060,Prediabetes-like,0,SYN-0060-0-4,2026-01-06 14:15:00,2026-01-06 15:10:00,55.0,2026-01-06 14:30:00,212.1,12,multi_observation
SYN-0060,Prediabetes-like,0,SYN-0060-0-5,2026-01-06 19:25:00,2026-01-06 20:20:00,55.0,2026-01-06 19:45:00,218.4,12,multi_observation
SYN-0061,Prediabetes-like,0,SYN-0061-0-0,2026-01-01 08:30:00,2026-01-01 09:30:00,60.0,2026-01-01 09:20:00,202.2,12,multi_observation
SYN-0061,Prediabetes-like,0,SYN-0061-0-1,2026-01-02 13:10:00,2026-01-02 13:25:00,15.0,2026-01-02 13:15:00,187.4,3,multi_observation
SYN-0061,Prediabetes-like,0,SYN-0061-0-2,2026-01-03 14:00:00,2026-01-03 14:25:00,25.0,2026-01-03 14:20:00,185.8,4,multi_observation
SYN-0061,Prediabetes-like,0,SYN-0061-0-3,2026-01-03 18:35:00,2026-01-03 19:00:00,25.0,2026-01-03 18:55:00,194.4,6,multi_observation
SYN-0061,Prediabetes-like,0,SYN-0061-0-4,2026-01-05 08:15:00,2026-01-05 08:15:00,0.0,2026-01-05 08:15:00,185.4,1,single_observation
SYN-0061,Prediabetes-like,0,SYN-0061-0-5,2026-01-05 13:05:00,2026-01-05 13:10:00,5.0,2026-01-05 13:10:00,183.3,2,multi_observation
SYN-0061,Prediabetes-like,0,SYN-0061-0-6,2026-01-06 08:30:00,2026-01-06 08:35:00,5.0,2026-01-06 08:30:00,182.2,2,multi_observation
SYN-0061,Prediabetes-like,0,SYN-0061-0-7,2026-01-06 20:05:00,2026-01-06 21:05:00,60.0,2026-01-06 20:30:00,206.6,13,multi_observation
SYN-0061,Prediabetes-like,0,SYN-0061-0-8,2026-01-07 14:05:00,2026-01-07 15:10:00,65.0,2026-01-07 14:25:00,222.4,14,multi_observation
SYN-0061,Prediabetes-like,0,SYN-0061-0-9,2026-01-07 18:45:00,2026-01-07 18:45:00,0.0,2026-01-07 18:45:00,180.3,1,single_observation
SYN-0062,Prediabetes-like,0,SYN-0062-0-0,2026-01-01 08:25:00,2026-01-01 09:50:00,85.0,2026-01-01 08:45:00,247.1,18,multi_observation
SYN-0062,Prediabetes-like,0,SYN-0062-0-1,2026-01-01 20:35:00,2026-01-01 20:40:00,5.0,2026-01-01 20:40:00,182.0,2,multi_observation
SYN-0062,Prediabetes-like,0,SYN-0062-0-2,2026-01-03 18:35:00,2026-01-03 19:30:00,55.0,2026-01-03 18:55:00,218.4,12,multi_observation
SYN-0062,Prediabetes-like,0,SYN-0062-0-3,2026-01-06 08:10:00,2026-01-06 08:30:00,20.0,2026-01-06 08:15:00,182.9,4,multi_observation
SYN-0063,Prediabetes-like,0,SYN-0063-0-0,2026-01-01 12:10:00,2026-01-01 13:15:00,65.0,2026-01-01 12:35:00,204.7,14,multi_observation
SYN-0063,Prediabetes-like,0,SYN-0063-0-1,2026-01-03 13:05:00,2026-01-03 14:20:00,75.0,2026-01-03 13:20:00,205.7,16,multi_observation
SYN-0063,Prediabetes-like,0,SYN-0063-0-2,2026-01-04 08:15:00,2026-01-04 08:15:00,0.0,2026-01-04 08:15:00,180.9,1,single_observation
SYN-0063,Prediabetes-like,0,SYN-0063-0-3,2026-01-04 13:05:00,2026-01-04 13:45:00,40.0,2026-01-04 13:30:00,191.3,9,multi_observation
SYN-0063,Prediabetes-like,0,SYN-0063-0-4,2026-01-04 20:10:00,2026-01-04 20:10:00,0.0,2026-01-04 20:10:00,180.9,1,single_observation
SYN-0063,Prediabetes-like,0,SYN-0063-0-5,2026-01-05 13:05:00,2026-01-05 14:40:00,95.0,2026-01-05 13:40:00,236.5,20,multi_observation
SYN-0063,Prediabetes-like,0,SYN-0063-0-6,2026-01-06 08:40:00,2026-01-06 09:25:00,45.0,2026-01-06 09:05:00,195.2,9,multi_observation
SYN-0063,Prediabetes-like,0,SYN-0063-0-7,2026-01-06 13:35:00,2026-01-06 14:35:00,60.0,2026-01-06 14:00:00,199.1,13,multi_observation
SYN-0063,Prediabetes-like,0,SYN-0063-0-8,2026-01-07 14:15:00,2026-01-07 14:20:00,5.0,2026-01-07 14:15:00,181.6,2,multi_observation
SYN-0064,Prediabetes-like,0,SYN-0064-0-0,2026-01-01 13:30:00,2026-01-01 13:35:00,5.0,2026-01-01 13:30:00,184.1,2,multi_observation
SYN-0064,Prediabetes-like,0,SYN-0064-0-1,2026-01-01 19:20:00,2026-01-01 20:40:00,80.0,2026-01-01 19:40:00,254.0,17,multi_observation
SYN-0064,Prediabetes-like,0,SYN-0064-0-2,2026-01-02 07:50:00,2026-01-02 09:00:00,70.0,2026-01-02 08:15:00,202.4,14,multi_observation
SYN-0064,Prediabetes-like,0,SYN-0064-0-3,2026-01-03 08:45:00,2026-01-03 08:45:00,0.0,2026-01-03 08:45:00,180.9,1,single_observation
SYN-0064,Prediabetes-like,0,SYN-0064-0-4,2026-01-03 13:30:00,2026-01-03 14:15:00,45.0,2026-01-03 13:45:00,197.3,10,multi_observation
SYN-0064,Prediabetes-like,0,SYN-0064-0-5,2026-01-04 07:40:00,2026-01-04 07:50:00,10.0,2026-01-04 07:40:00,186.5,3,multi_observation
SYN-0064,Prediabetes-like,0,SYN-0064-0-6,2026-01-05 08:20:00,2026-01-05 08:30:00,10.0,2026-01-05 08:20:00,183.5,2,multi_observation
SYN-0064,Prediabetes-like,0,SYN-0064-0-7,2026-01-05 13:30:00,2026-01-05 15:00:00,90.0,2026-01-05 13:55:00,254.8,19,multi_observation
SYN-0064,Prediabetes-like,0,SYN-0064-0-8,2026-01-06 07:25:00,2026-01-06 08:05:00,40.0,2026-01-06 07:55:00,188.8,9,multi_observation
SYN-0064,Prediabetes-like,0,SYN-0064-0-9,2026-01-07 19:05:00,2026-01-07 20:15:00,70.0,2026-01-07 19:30:00,211.5,15,multi_observation
SYN-0065,Prediabetes-like,0,SYN-0065-0-0,2026-01-01 09:20:00,2026-01-01 11:15:00,115.0,2026-01-01 09:45:00,256.2,22,multi_observation
SYN-0065,Prediabetes-like,0,SYN-0065-0-1,2026-01-01 13:05:00,2026-01-01 14:40:00,95.0,2026-01-01 13:20:00,249.5,20,multi_observation
SYN-0065,Prediabetes-like,0,SYN-0065-0-2,2026-01-01 19:10:00,2026-01-01 19:45:00,35.0,2026-01-01 19:15:00,189.9,8,multi_observation
SYN-0065,Prediabetes-like,0,SYN-0065-0-3,2026-01-02 08:15:00,2026-01-02 08:50:00,35.0,2026-01-02 08:30:00,191.3,7,multi_observation
SYN-0065,Prediabetes-like,0,SYN-0065-0-4,2026-01-03 08:25:00,2026-01-03 08:25:00,0.0,2026-01-03 08:25:00,182.1,1,single_observation
SYN-0065,Prediabetes-like,0,SYN-0065-0-5,2026-01-03 13:15:00,2026-01-03 13:35:00,20.0,2026-01-03 13:30:00,184.5,4,multi_observation
SYN-0065,Prediabetes-like,0,SYN-0065-0-6,2026-01-04 14:40:00,2026-01-04 14:40:00,0.0,2026-01-04 14:40:00,180.5,1,single_observation
SYN-0065,Prediabetes-like,0,SYN-0065-0-7,2026-01-04 15:00:00,2026-01-04 15:00:00,0.0,2026-01-04 15:00:00,181.8,1,single_observation
SYN-0065,Prediabetes-like,0,SYN-0065-0-8,2026-01-04 18:25:00,2026-01-04 19:45:00,80.0,2026-01-04 18:40:00,221.8,17,multi_observation
SYN-0065,Prediabetes-like,0,SYN-0065-0-9,2026-01-05 08:15:00,2026-01-05 09:05:00,50.0,2026-01-05 08:40:00,189.0,9,multi_observation
SYN-0065,Prediabetes-like,0,SYN-0065-0-10,2026-01-05 13:50:00,2026-01-05 15:00:00,70.0,2026-01-05 14:15:00,196.7,14,multi_observation
SYN-0065,Prediabetes-like,0,SYN-0065-0-11,2026-01-05 18:40:00,2026-01-05 18:50:00,10.0,2026-01-05 18:45:00,185.1,3,multi_observation
SYN-0065,Prediabetes-like,0,SYN-0065-0-12,2026-01-05 19:15:00,2026-01-05 19:20:00,5.0,2026-01-05 19:15:00,185.7,2,multi_observation
SYN-0065,Prediabetes-like,0,SYN-0065-0-13,2026-01-06 12:55:00,2026-01-06 14:35:00,100.0,2026-01-06 13:20:00,259.0,21,multi_observation
SYN-0065,Prediabetes-like,0,SYN-0065-0-14,2026-01-06 19:50:00,2026-01-06 19:50:00,0.0,2026-01-06 19:50:00,180.3,1,single_observation
SYN-0065,Prediabetes-like,0,SYN-0065-0-15,2026-01-07 08:40:00,2026-01-07 08:45:00,5.0,2026-01-07 08:45:00,182.6,2,multi_observation
SYN-0065,Prediabetes-like,0,SYN-0065-0-16,2026-01-07 13:35:00,2026-01-07 14:50:00,75.0,2026-01-07 14:05:00,218.1,16,multi_observation
SYN-0066,Prediabetes-like,0,SYN-0066-0-0,2026-01-01 08:30:00,2026-01-01 09:10:00,40.0,2026-01-01 08:55:00,205.2,9,multi_observation
SYN-0066,Prediabetes-like,0,SYN-0066-0-1,2026-01-01 12:50:00,2026-01-01 13:30:00,40.0,2026-01-01 12:55:00,197.7,9,multi_observation
SYN-0066,Prediabetes-like,0,SYN-0066-0-2,2026-01-02 09:10:00,2026-01-02 09:55:00,45.0,2026-01-02 09:15:00,193.6,7,multi_observation
SYN-0066,Prediabetes-like,0,SYN-0066-0-3,2026-01-02 19:35:00,2026-01-02 19:35:00,0.0,2026-01-02 19:35:00,180.2,1,single_observation
SYN-0066,Prediabetes-like,0,SYN-0066-0-4,2026-01-03 12:50:00,2026-01-03 14:10:00,80.0,2026-01-03 13:15:00,249.4,17,multi_observation
SYN-0066,Prediabetes-like,0,SYN-0066-0-5,2026-01-03 19:10:00,2026-01-03 20:20:00,70.0,2026-01-03 19:40:00,230.6,15,multi_observation
SYN-0066,Prediabetes-like,0,SYN-0066-0-6,2026-01-04 08:20:00,2026-01-04 09:35:00,75.0,2026-01-04 08:55:00,237.7,16,multi_observation
SYN-0066,Prediabetes-like,0,SYN-0066-0-7,2026-01-05 07:25:00,2026-01-05 07:55:00,30.0,2026-01-05 07:30:00,197.1,7,multi_observation
SYN-0066,Prediabetes-like,0,SYN-0066-0-8,2026-01-05 12:20:00,2026-01-05 13:45:00,85.0,2026-01-05 13:00:00,253.7,18,multi_observation
SYN-0066,Prediabetes-like,0,SYN-0066-0-9,2026-01-05 18:40:00,2026-01-05 19:45:00,65.0,2026-01-05 19:00:00,258.0,14,multi_observation
SYN-0066,Prediabetes-like,0,SYN-0066-0-10,2026-01-06 08:15:00,2026-01-06 09:50:00,95.0,2026-01-06 08:30:00,228.4,20,multi_observation
SYN-0066,Prediabetes-like,0,SYN-0066-0-11,2026-01-06 19:05:00,2026-01-06 19:05:00,0.0,2026-01-06 19:05:00,186.1,1,single_observation
SYN-0066,Prediabetes-like,0,SYN-0066-0-12,2026-01-07 13:00:00,2026-01-07 13:40:00,40.0,2026-01-07 13:20:00,198.0,9,multi_observation
SYN-0066,Prediabetes-like,0,SYN-0066-0-13,2026-01-07 14:00:00,2026-01-07 14:05:00,5.0,2026-01-07 14:00:00,185.8,2,multi_observation
SYN-0067,Prediabetes-like,0,SYN-0067-0-0,2026-01-01 19:45:00,2026-01-01 20:30:00,45.0,2026-01-01 20:00:00,211.3,10,multi_observation
SYN-0067,Prediabetes-like,0,SYN-0067-0-1,2026-01-02 13:00:00,2026-01-02 14:15:00,75.0,2026-01-02 13:35:00,208.9,16,multi_observation
SYN-0067,Prediabetes-like,0,SYN-0067-0-2,2026-01-04 13:35:00,2026-01-04 14:40:00,65.0,2026-01-04 14:00:00,243.7,14,multi_observation
SYN-0067,Prediabetes-like,0,SYN-0067-0-3,2026-01-06 19:05:00,2026-01-06 19:55:00,50.0,2026-01-06 19:40:00,211.9,11,multi_observation
SYN-0068,Prediabetes-like,0,SYN-0068-0-0,2026-01-01 07:50:00,2026-01-01 08:05:00,15.0,2026-01-01 07:50:00,181.8,3,multi_observation
SYN-0068,Prediabetes-like,0,SYN-0068-0-1,2026-01-01 13:10:00,2026-01-01 14:05:00,55.0,2026-01-01 13:25:00,208.1,12,multi_observation
SYN-0068,Prediabetes-like,0,SYN-0068-0-2,2026-01-02 13:50:00,2026-01-02 14:30:00,40.0,2026-01-02 14:05:00,197.6,9,multi_observation
SYN-0068,Prediabetes-like,0,SYN-0068-0-3,2026-01-03 19:00:00,2026-01-03 19:00:00,0.0,2026-01-03 19:00:00,181.0,1,single_observation
SYN-0068,Prediabetes-like,0,SYN-0068-0-4,2026-01-04 08:40:00,2026-01-04 09:20:00,40.0,2026-01-04 08:50:00,195.2,9,multi_observation
SYN-0068,Prediabetes-like,0,SYN-0068-0-5,2026-01-04 13:25:00,2026-01-04 13:30:00,5.0,2026-01-04 13:30:00,183.9,2,multi_observation
SYN-0068,Prediabetes-like,0,SYN-0068-0-6,2026-01-04 19:40:00,2026-01-04 20:05:00,25.0,2026-01-04 19:45:00,193.7,6,multi_observation
SYN-0068,Prediabetes-like,0,SYN-0068-0-7,2026-01-05 07:50:00,2026-01-05 08:00:00,10.0,2026-01-05 08:00:00,184.3,3,multi_observation
SYN-0068,Prediabetes-like,0,SYN-0068-0-8,2026-01-05 17:55:00,2026-01-05 18:45:00,50.0,2026-01-05 18:20:00,224.1,11,multi_observation
SYN-0068,Prediabetes-like,0,SYN-0068-0-9,2026-01-06 08:35:00,2026-01-06 08:35:00,0.0,2026-01-06 08:35:00,180.2,1,single_observation
SYN-0068,Prediabetes-like,0,SYN-0068-0-10,2026-01-06 12:40:00,2026-01-06 12:50:00,10.0,2026-01-06 12:45:00,189.8,3,multi_observation
SYN-0068,Prediabetes-like,0,SYN-0068-0-11,2026-01-07 13:45:00,2026-01-07 13:45:00,0.0,2026-01-07 13:45:00,184.1,1,single_observation
SYN-0068,Prediabetes-like,0,SYN-0068-0-12,2026-01-07 20:10:00,2026-01-07 20:20:00,10.0,2026-01-07 20:15:00,187.1,3,multi_observation
SYN-0069,Prediabetes-like,0,SYN-0069-0-0,2026-01-01 08:40:00,2026-01-01 09:25:00,45.0,2026-01-01 09:00:00,198.0,10,multi_observation
SYN-0069,Prediabetes-like,0,SYN-0069-0-1,2026-01-01 19:05:00,2026-01-01 19:20:00,15.0,2026-01-01 19:10:00,188.4,4,multi_observation
SYN-0069,Prediabetes-like,0,SYN-0069-0-2,2026-01-02 08:10:00,2026-01-02 09:30:00,80.0,2026-01-02 08:35:00,246.4,17,multi_observation
SYN-0069,Prediabetes-like,0,SYN-0069-0-3,2026-01-02 12:55:00,2026-01-02 13:15:00,20.0,2026-01-02 13:00:00,188.1,5,multi_observation
SYN-0069,Prediabetes-like,0,SYN-0069-0-4,2026-01-02 18:55:00,2026-01-02 20:15:00,80.0,2026-01-02 19:15:00,268.7,17,multi_observation
SYN-0069,Prediabetes-like,0,SYN-0069-0-5,2026-01-03 08:10:00,2026-01-03 09:20:00,70.0,2026-01-03 08:25:00,205.0,15,multi_observation
SYN-0069,Prediabetes-like,0,SYN-0069-0-6,2026-01-03 13:30:00,2026-01-03 14:45:00,75.0,2026-01-03 14:05:00,223.9,16,multi_observation
SYN-0069,Prediabetes-like,0,SYN-0069-0-7,2026-01-03 20:10:00,2026-01-03 20:20:00,10.0,2026-01-03 20:15:00,187.2,3,multi_observation
SYN-0069,Prediabetes-like,0,SYN-0069-0-8,2026-01-04 13:30:00,2026-01-04 14:20:00,50.0,2026-01-04 13:50:00,198.3,11,multi_observation
SYN-0069,Prediabetes-like,0,SYN-0069-0-9,2026-01-04 18:10:00,2026-01-04 18:40:00,30.0,2026-01-04 18:30:00,193.9,7,multi_observation
SYN-0069,Prediabetes-like,0,SYN-0069-0-10,2026-01-05 08:35:00,2026-01-05 09:25:00,50.0,2026-01-05 08:55:00,200.0,11,multi_observation
SYN-0069,Prediabetes-like,0,SYN-0069-0-11,2026-01-05 12:35:00,2026-01-05 12:45:00,10.0,2026-01-05 12:35:00,185.3,3,multi_observation
SYN-0069,Prediabetes-like,0,SYN-0069-0-12,2026-01-06 08:50:00,2026-01-06 09:15:00,25.0,2026-01-06 08:50:00,181.9,6,multi_observation
SYN-0069,Prediabetes-like,0,SYN-0069-0-13,2026-01-06 13:50:00,2026-01-06 15:30:00,100.0,2026-01-06 14:20:00,288.1,21,multi_observation
SYN-0069,Prediabetes-like,0,SYN-0069-0-14,2026-01-06 20:05:00,2026-01-06 20:25:00,20.0,2026-01-06 20:15:00,193.4,5,multi_observation
SYN-0069,Prediabetes-like,0,SYN-0069-0-15,2026-01-07 09:05:00,2026-01-07 10:25:00,80.0,2026-01-07 09:30:00,237.2,17,multi_observation
SYN-0069,Prediabetes-like,0,SYN-0069-0-16,2026-01-07 13:30:00,2026-01-07 14:55:00,85.0,2026-01-07 13:55:00,263.6,18,multi_observation
SYN-0070,Prediabetes-like,0,SYN-0070-0-0,2026-01-01 08:00:00,2026-01-01 08:15:00,15.0,2026-01-01 08:15:00,181.1,2,multi_observation
SYN-0070,Prediabetes-like,0,SYN-0070-0-1,2026-01-02 06:50:00,2026-01-02 07:20:00,30.0,2026-01-02 06:55:00,190.2,7,multi_observation
SYN-0070,Prediabetes-like,0,SYN-0070-0-2,2026-01-02 12:40:00,2026-01-02 13:45:00,65.0,2026-01-02 12:50:00,205.4,14,multi_observation
SYN-0070,Prediabetes-like,0,SYN-0070-0-3,2026-01-02 19:35:00,2026-01-02 20:10:00,35.0,2026-01-02 19:55:00,198.9,8,multi_observation
SYN-0070,Prediabetes-like,0,SYN-0070-0-4,2026-01-03 08:40:00,2026-01-03 09:05:00,25.0,2026-01-03 08:50:00,184.8,5,multi_observation
SYN-0070,Prediabetes-like,0,SYN-0070-0-5,2026-01-04 12:35:00,2026-01-04 13:30:00,55.0,2026-01-04 12:55:00,199.8,12,multi_observation
SYN-0070,Prediabetes-like,0,SYN-0070-0-6,2026-01-05 12:40:00,2026-01-05 13:15:00,35.0,2026-01-05 12:50:00,199.2,8,multi_observation
SYN-0070,Prediabetes-like,0,SYN-0070-0-7,2026-01-06 08:10:00,2026-01-06 09:05:00,55.0,2026-01-06 08:35:00,220.4,12,multi_observation
SYN-0070,Prediabetes-like,0,SYN-0070-0-8,2026-01-06 19:15:00,2026-01-06 19:30:00,15.0,2026-01-06 19:20:00,183.3,4,multi_observation
SYN-0070,Prediabetes-like,0,SYN-0070-0-9,2026-01-07 08:40:00,2026-01-07 08:55:00,15.0,2026-01-07 08:55:00,186.7,4,multi_observation
SYN-0070,Prediabetes-like,0,SYN-0070-0-10,2026-01-07 13:25:00,2026-01-07 13:35:00,10.0,2026-01-07 13:30:00,181.9,3,multi_observation
SYN-0071,T2D-like,0,SYN-0071-0-0,2026-01-01 07:50:00,2026-01-01 09:00:00,70.0,2026-01-01 08:25:00,246.4,15,multi_observation
SYN-0071,T2D-like,0,SYN-0071-0-1,2026-01-01 09:35:00,2026-01-01 09:35:00,0.0,2026-01-01 09:35:00,189.1,1,single_observation
SYN-0071,T2D-like,0,SYN-0071-0-2,2026-01-01 10:00:00,2026-01-01 10:00:00,0.0,2026-01-01 10:00:00,182.3,1,single_observation
SYN-0071,T2D-like,0,SYN-0071-0-3,2026-01-01 12:50:00,2026-01-01 13:50:00,60.0,2026-01-01 13:05:00,212.6,12,multi_observation
SYN-0071,T2D-like,0,SYN-0071-0-4,2026-01-01 19:35:00,2026-01-01 21:10:00,95.0,2026-01-01 20:05:00,310.0,20,multi_observation
SYN-0071,T2D-like,0,SYN-0071-0-5,2026-01-02 08:05:00,2026-01-02 09:25:00,80.0,2026-01-02 08:45:00,223.3,17,multi_observation
SYN-0071,T2D-like,0,SYN-0071-0-6,2026-01-02 12:20:00,2026-01-02 14:20:00,120.0,2026-01-02 13:00:00,280.4,25,multi_observation
SYN-0071,T2D-like,0,SYN-0071-0-7,2026-01-02 18:20:00,2026-01-02 19:45:00,85.0,2026-01-02 18:50:00,287.7,18,multi_observation
SYN-0071,T2D-like,0,SYN-0071-0-8,2026-01-03 07:50:00,2026-01-03 09:15:00,85.0,2026-01-03 08:00:00,239.7,18,multi_observation
SYN-0071,T2D-like,0,SYN-0071-0-9,2026-01-03 13:35:00,2026-01-03 14:05:00,30.0,2026-01-03 13:50:00,203.1,7,multi_observation
SYN-0071,T2D-like,0,SYN-0071-0-10,2026-01-03 14:30:00,2026-01-03 14:30:00,0.0,2026-01-03 14:30:00,180.1,1,single_observation
SYN-0071,T2D-like,0,SYN-0071-0-11,2026-01-03 20:05:00,2026-01-03 21:20:00,75.0,2026-01-03 20:20:00,218.2,14,multi_observation
SYN-0071,T2D-like,0,SYN-0071-0-12,2026-01-04 07:55:00,2026-01-04 09:00:00,65.0,2026-01-04 08:10:00,215.6,14,multi_observation
SYN-0071,T2D-like,0,SYN-0071-0-13,2026-01-04 12:15:00,2026-01-04 14:30:00,135.0,2026-01-04 12:50:00,367.2,26,multi_observation
SYN-0071,T2D-like,0,SYN-0071-0-14,2026-01-04 18:45:00,2026-01-04 20:35:00,110.0,2026-01-04 19:20:00,288.2,23,multi_observation
SYN-0071,T2D-like,0,SYN-0071-0-15,2026-01-05 08:40:00,2026-01-05 10:10:00,90.0,2026-01-05 08:50:00,205.9,17,multi_observation
SYN-0071,T2D-like,0,SYN-0071-0-16,2026-01-05 13:30:00,2026-01-05 14:35:00,65.0,2026-01-05 13:45:00,217.8,12,multi_observation
SYN-0071,T2D-like,0,SYN-0071-0-17,2026-01-05 19:10:00,2026-01-05 20:20:00,70.0,2026-01-05 19:25:00,229.2,15,multi_observation
SYN-0071,T2D-like,0,SYN-0071-0-18,2026-01-06 07:55:00,2026-01-06 09:05:00,70.0,2026-01-06 08:35:00,218.9,15,multi_observation
SYN-0071,T2D-like,0,SYN-0071-0-19,2026-01-06 13:00:00,2026-01-06 14:35:00,95.0,2026-01-06 13:45:00,242.4,19,multi_observation
SYN-0071,T2D-like,0,SYN-0071-0-20,2026-01-06 15:00:00,2026-01-06 15:00:00,0.0,2026-01-06 15:00:00,181.2,1,single_observation
SYN-0071,T2D-like,0,SYN-0071-0-21,2026-01-06 19:40:00,2026-01-06 20:25:00,45.0,2026-01-06 20:00:00,201.5,10,multi_observation
SYN-0071,T2D-like,0,SYN-0071-0-22,2026-01-07 08:25:00,2026-01-07 10:20:00,115.0,2026-01-07 09:05:00,303.3,24,multi_observation
SYN-0071,T2D-like,0,SYN-0071-0-23,2026-01-07 12:20:00,2026-01-07 13:55:00,95.0,2026-01-07 12:50:00,288.3,20,multi_observation
SYN-0071,T2D-like,0,SYN-0071-0-24,2026-01-07 18:40:00,2026-01-07 20:55:00,135.0,2026-01-07 19:20:00,309.6,28,multi_observation
SYN-0072,T2D-like,0,SYN-0072-0-0,2026-01-01 06:20:00,2026-01-01 06:20:00,0.0,2026-01-01 06:20:00,188.3,1,single_observation
SYN-0072,T2D-like,0,SYN-0072-0-1,2026-01-01 07:55:00,2026-01-01 07:55:00,0.0,2026-01-01 07:55:00,199.0,1,single_observation
SYN-0072,T2D-like,0,SYN-0072-0-2,2026-01-01 08:30:00,2026-01-01 10:10:00,100.0,2026-01-01 09:00:00,232.4,20,multi_observation
SYN-0072,T2D-like,0,SYN-0072-0-3,2026-01-01 10:40:00,2026-01-01 10:40:00,0.0,2026-01-01 10:40:00,184.8,1,single_observation
SYN-0072,T2D-like,0,SYN-0072-0-4,2026-01-01 13:30:00,2026-01-01 15:50:00,140.0,2026-01-01 14:10:00,300.3,29,multi_observation
SYN-0072,T2D-like,0,SYN-0072-0-5,2026-01-01 19:05:00,2026-01-01 22:25:00,200.0,2026-01-01 20:05:00,342.7,40,multi_observation
SYN-0072,T2D-like,0,SYN-0072-0-6,2026-01-02 07:20:00,2026-01-02 10:20:00,180.0,2026-01-02 07:40:00,260.3,33,multi_observation
SYN-0072,T2D-like,0,SYN-0072-0-7,2026-01-02 12:15:00,2026-01-02 14:20:00,125.0,2026-01-02 12:55:00,272.9,26,multi_observation
SYN-0072,T2D-like,0,SYN-0072-0-8,2026-01-02 14:40:00,2026-01-02 15:00:00,20.0,2026-01-02 14:55:00,189.7,4,multi_observation
SYN-0072,T2D-like,0,SYN-0072-0-9,2026-01-02 16:15:00,2026-01-02 16:25:00,10.0,2026-01-02 16:15:00,191.5,3,multi_observation
SYN-0072,T2D-like,0,SYN-0072-0-10,2026-01-02 18:15:00,2026-01-02 19:20:00,65.0,2026-01-02 19:00:00,213.9,14,multi_observation
SYN-0072,T2D-like,0,SYN-0072-0-11,2026-01-03 02:55:00,2026-01-03 02:55:00,0.0,2026-01-03 02:55:00,181.6,1,single_observation
SYN-0072,T2D-like,0,SYN-0072-0-12,2026-01-03 05:00:00,2026-01-03 05:00:00,0.0,2026-01-03 05:00:00,181.3,1,single_observation
SYN-0072,T2D-like,0,SYN-0072-0-13,2026-01-03 05:50:00,2026-01-03 05:50:00,0.0,2026-01-03 05:50:00,185.6,1,single_observation
SYN-0072,T2D-like,0,SYN-0072-0-14,2026-01-03 08:10:00,2026-01-03 11:30:00,200.0,2026-01-03 08:55:00,361.6,40,multi_observation
SYN-0072,T2D-like,0,SYN-0072-0-15,2026-01-03 12:15:00,2026-01-03 12:15:00,0.0,2026-01-03 12:15:00,181.7,1,single_observation
SYN-0072,T2D-like,0,SYN-0072-0-16,2026-01-03 12:55:00,2026-01-03 12:55:00,0.0,2026-01-03 12:55:00,181.7,1,single_observation
SYN-0072,T2D-like,0,SYN-0072-0-17,2026-01-03 13:40:00,2026-01-03 15:25:00,105.0,2026-01-03 14:30:00,232.5,21,multi_observation
SYN-0072,T2D-like,0,SYN-0072-0-18,2026-01-03 17:25:00,2026-01-03 17:30:00,5.0,2026-01-03 17:25:00,190.8,2,multi_observation
SYN-0072,T2D-like,0,SYN-0072-0-19,2026-01-03 19:25:00,2026-01-03 21:30:00,125.0,2026-01-03 20:35:00,222.3,24,multi_observation
SYN-0072,T2D-like,0,SYN-0072-0-20,2026-01-04 06:10:00,2026-01-04 06:40:00,30.0,2026-01-04 06:30:00,192.3,6,multi_observation
SYN-0072,T2D-like,0,SYN-0072-0-21,2026-01-04 08:05:00,2026-01-04 10:55:00,170.0,2026-01-04 08:25:00,346.5,35,multi_observation
SYN-0072,T2D-like,0,SYN-0072-0-22,2026-01-04 11:35:00,2026-01-04 11:35:00,0.0,2026-01-04 11:35:00,183.2,1,single_observation
SYN-0072,T2D-like,0,SYN-0072-0-23,2026-01-04 12:45:00,2026-01-04 14:35:00,110.0,2026-01-04 13:25:00,262.1,23,multi_observation
SYN-0072,T2D-like,0,SYN-0072-0-24,2026-01-04 15:15:00,2026-01-04 15:20:00,5.0,2026-01-04 15:20:00,194.0,2,multi_observation
SYN-0072,T2D-like,0,SYN-0072-0-25,2026-01-04 15:55:00,2026-01-04 15:55:00,0.0,2026-01-04 15:55:00,190.9,1,single_observation
SYN-0072,T2D-like,0,SYN-0072-0-26,2026-01-04 16:45:00,2026-01-04 17:20:00,35.0,2026-01-04 17:05:00,194.2,7,multi_observation
SYN-0072,T2D-like,0,SYN-0072-0-27,2026-01-04 17:45:00,2026-01-04 17:45:00,0.0,2026-01-04 17:45:00,190.7,1,single_observation
SYN-0072,T2D-like,0,SYN-0072-0-28,2026-01-04 20:00:00,2026-01-04 21:05:00,65.0,2026-01-04 20:20:00,220.3,14,multi_observation
SYN-0072,T2D-like,0,SYN-0072-0-29,2026-01-05 01:15:00,2026-01-05 01:15:00,0.0,2026-01-05 01:15:00,181.9,1,single_observation
SYN-0072,T2D-like,0,SYN-0072-0-30,2026-01-05 06:45:00,2026-01-05 06:45:00,0.0,2026-01-05 06:45:00,180.5,1,single_observation
SYN-0072,T2D-like,0,SYN-0072-0-31,2026-01-05 08:35:00,2026-01-05 12:00:00,205.0,2026-01-05 09:10:00,264.7,37,multi_observation
SYN-0072,T2D-like,0,SYN-0072-0-32,2026-01-05 12:45:00,2026-01-05 14:50:00,125.0,2026-01-05 13:25:00,235.6,25,multi_observation
SYN-0072,T2D-like,0,SYN-0072-0-33,2026-01-05 15:35:00,2026-01-05 15:40:00,5.0,2026-01-05 15:35:00,192.5,2,multi_observation
SYN-0072,T2D-like,0,SYN-0072-0-34,2026-01-05 16:00:00,2026-01-05 16:15:00,15.0,2026-01-05 16:00:00,182.2,4,multi_observation
SYN-0072,T2D-like,0,SYN-0072-0-35,2026-01-05 18:40:00,2026-01-05 20:45:00,125.0,2026-01-05 19:10:00,332.3,26,multi_observation
SYN-0072,T2D-like,0,SYN-0072-0-36,2026-01-06 07:45:00,2026-01-06 09:25:00,100.0,2026-01-06 08:05:00,237.3,21,multi_observation
SYN-0072,T2D-like,0,SYN-0072-0-37,2026-01-06 09:45:00,2026-01-06 11:10:00,85.0,2026-01-06 10:10:00,194.0,15,multi_observation
SYN-0072,T2D-like,0,SYN-0072-0-38,2026-01-06 12:20:00,2026-01-06 15:45:00,205.0,2026-01-06 13:15:00,352.0,40,multi_observation
SYN-0072,T2D-like,0,SYN-0072-0-39,2026-01-06 18:35:00,2026-01-06 20:45:00,130.0,2026-01-06 19:10:00,343.1,27,multi_observation
SYN-0072,T2D-like,0,SYN-0072-0-40,2026-01-06 21:05:00,2026-01-06 21:05:00,0.0,2026-01-06 21:05:00,185.2,1,single_observation
SYN-0072,T2D-like,0,SYN-0072-0-41,2026-01-07 03:55:00,2026-01-07 04:10:00,15.0,2026-01-07 04:05:00,191.1,3,multi_observation
SYN-0072,T2D-like,0,SYN-0072-0-42,2026-01-07 07:05:00,2026-01-07 10:05:00,180.0,2026-01-07 07:25:00,344.2,37,multi_observation
SYN-0072,T2D-like,0,SYN-0072-0-43,2026-01-07 13:00:00,2026-01-07 16:00:00,180.0,2026-01-07 13:30:00,255.9,36,multi_observation
SYN-0072,T2D-like,0,SYN-0072-0-44,2026-01-07 16:20:00,2026-01-07 16:20:00,0.0,2026-01-07 16:20:00,197.0,1,single_observation
SYN-0072,T2D-like,0,SYN-0072-0-45,2026-01-07 19:05:00,2026-01-07 20:20:00,75.0,2026-01-07 19:25:00,248.3,16,multi_observation
SYN-0073,T2D-like,0,SYN-0073-0-0,2026-01-01 08:30:00,2026-01-01 10:30:00,120.0,2026-01-01 09:15:00,228.7,25,multi_observation
SYN-0073,T2D-like,0,SYN-0073-0-1,2026-01-01 13:05:00,2026-01-01 15:15:00,130.0,2026-01-01 13:30:00,300.0,27,multi_observation
SYN-0073,T2D-like,0,SYN-0073-0-2,2026-01-01 19:30:00,2026-01-01 21:05:00,95.0,2026-01-01 20:00:00,293.9,20,multi_observation
SYN-0073,T2D-like,0,SYN-0073-0-3,2026-01-02 01:05:00,2026-01-02 01:05:00,0.0,2026-01-02 01:05:00,184.0,1,single_observation
SYN-0073,T2D-like,0,SYN-0073-0-4,2026-01-02 08:15:00,2026-01-02 10:15:00,120.0,2026-01-02 08:30:00,216.8,25,multi_observation
SYN-0073,T2D-like,0,SYN-0073-0-5,2026-01-02 13:15:00,2026-01-02 15:20:00,125.0,2026-01-02 13:45:00,248.8,24,multi_observation
SYN-0073,T2D-like,0,SYN-0073-0-6,2026-01-02 15:40:00,2026-01-02 15:40:00,0.0,2026-01-02 15:40:00,182.9,1,single_observation
SYN-0073,T2D-like,0,SYN-0073-0-7,2026-01-02 19:20:00,2026-01-02 21:15:00,115.0,2026-01-02 20:00:00,286.1,24,multi_observation
SYN-0073,T2D-like,0,SYN-0073-0-8,2026-01-02 22:15:00,2026-01-02 22:20:00,5.0,2026-01-02 22:15:00,185.6,2,multi_observation
SYN-0073,T2D-like,0,SYN-0073-0-9,2026-01-03 08:05:00,2026-01-03 10:30:00,145.0,2026-01-03 08:45:00,315.2,30,multi_observation
SYN-0073,T2D-like,0,SYN-0073-0-10,2026-01-03 10:50:00,2026-01-03 10:55:00,5.0,2026-01-03 10:55:00,186.0,2,multi_observation
SYN-0073,T2D-like,0,SYN-0073-0-11,2026-01-03 11:55:00,2026-01-03 12:00:00,5.0,2026-01-03 11:55:00,184.2,2,multi_observation
SYN-0073,T2D-like,0,SYN-0073-0-12,2026-01-03 12:45:00,2026-01-03 14:10:00,85.0,2026-01-03 13:25:00,230.0,17,multi_observation
SYN-0073,T2D-like,0,SYN-0073-0-13,2026-01-03 15:00:00,2026-01-03 15:00:00,0.0,2026-01-03 15:00:00,186.9,1,single_observation
SYN-0073,T2D-like,0,SYN-0073-0-14,2026-01-03 15:40:00,2026-01-03 15:40:00,0.0,2026-01-03 15:40:00,183.8,1,single_observation
SYN-0073,T2D-like,0,SYN-0073-0-15,2026-01-03 18:45:00,2026-01-03 21:10:00,145.0,2026-01-03 19:20:00,300.8,28,multi_observation
SYN-0073,T2D-like,0,SYN-0073-0-16,2026-01-04 05:05:00,2026-01-04 05:05:00,0.0,2026-01-04 05:05:00,187.2,1,single_observation
SYN-0073,T2D-like,0,SYN-0073-0-17,2026-01-04 06:45:00,2026-01-04 06:45:00,0.0,2026-01-04 06:45:00,182.5,1,single_observation
SYN-0073,T2D-like,0,SYN-0073-0-18,2026-01-04 07:10:00,2026-01-04 07:15:00,5.0,2026-01-04 07:10:00,181.3,2,multi_observation
SYN-0073,T2D-like,0,SYN-0073-0-19,2026-01-04 07:40:00,2026-01-04 07:40:00,0.0,2026-01-04 07:40:00,183.5,1,single_observation
SYN-0073,T2D-like,0,SYN-0073-0-20,2026-01-04 08:40:00,2026-01-04 10:00:00,80.0,2026-01-04 09:25:00,219.6,17,multi_observation
SYN-0073,T2D-like,0,SYN-0073-0-21,2026-01-04 10:25:00,2026-01-04 11:25:00,60.0,2026-01-04 10:55:00,193.5,11,multi_observation
SYN-0073,T2D-like,0,SYN-0073-0-22,2026-01-04 13:30:00,2026-01-04 14:50:00,80.0,2026-01-04 14:05:00,241.9,17,multi_observation
SYN-0073,T2D-like,0,SYN-0073-0-23,2026-01-04 18:40:00,2026-01-04 19:50:00,70.0,2026-01-04 19:25:00,229.6,15,multi_observation
SYN-0073,T2D-like,0,SYN-0073-0-24,2026-01-05 04:30:00,2026-01-05 04:50:00,20.0,2026-01-05 04:50:00,193.4,5,multi_observation
SYN-0073,T2D-like,0,SYN-0073-0-25,2026-01-05 07:10:00,2026-01-05 07:10:00,0.0,2026-01-05 07:10:00,181.4,1,single_observation
SYN-0073,T2D-like,0,SYN-0073-0-26,2026-01-05 07:40:00,2026-01-05 08:00:00,20.0,2026-01-05 07:55:00,196.1,5,multi_observation
SYN-0073,T2D-like,0,SYN-0073-0-27,2026-01-05 08:30:00,2026-01-05 09:55:00,85.0,2026-01-05 09:00:00,244.6,18,multi_observation
SYN-0073,T2D-like,0,SYN-0073-0-28,2026-01-05 10:55:00,2026-01-05 11:05:00,10.0,2026-01-05 11:00:00,187.5,3,multi_observation
SYN-0073,T2D-like,0,SYN-0073-0-29,2026-01-05 13:15:00,2026-01-05 14:40:00,85.0,2026-01-05 13:45:00,230.9,18,multi_observation
SYN-0073,T2D-like,0,SYN-0073-0-30,2026-01-05 15:20:00,2026-01-05 15:20:00,0.0,2026-01-05 15:20:00,181.7,1,single_observation
SYN-0073,T2D-like,0,SYN-0073-0-31,2026-01-05 15:45:00,2026-01-05 15:45:00,0.0,2026-01-05 15:45:00,187.0,1,single_observation
SYN-0073,T2D-like,0,SYN-0073-0-32,2026-01-05 16:30:00,2026-01-05 16:35:00,5.0,2026-01-05 16:30:00,186.4,2,multi_observation
SYN-0073,T2D-like,0,SYN-0073-0-33,2026-01-05 18:55:00,2026-01-05 20:00:00,65.0,2026-01-05 19:30:00,221.8,14,multi_observation
SYN-0073,T2D-like,0,SYN-0073-0-34,2026-01-06 08:25:00,2026-01-06 10:30:00,125.0,2026-01-06 08:55:00,303.4,26,multi_observation
SYN-0073,T2D-like,0,SYN-0073-0-35,2026-01-06 10:50:00,2026-01-06 15:15:00,265.0,2026-01-06 13:20:00,248.4,54,multi_observation
SYN-0073,T2D-like,0,SYN-0073-0-36,2026-01-06 19:15:00,2026-01-06 20:35:00,80.0,2026-01-06 19:50:00,234.1,17,multi_observation
SYN-0073,T2D-like,0,SYN-0073-0-37,2026-01-07 07:50:00,2026-01-07 09:30:00,100.0,2026-01-07 08:05:00,248.6,21,multi_observation
SYN-0073,T2D-like,0,SYN-0073-0-38,2026-01-07 09:50:00,2026-01-07 09:55:00,5.0,2026-01-07 09:50:00,185.9,2,multi_observation
SYN-0073,T2D-like,0,SYN-0073-0-39,2026-01-07 12:30:00,2026-01-07 14:30:00,120.0,2026-01-07 13:00:00,263.7,24,multi_observation
SYN-0073,T2D-like,0,SYN-0073-0-40,2026-01-07 15:45:00,2026-01-07 16:10:00,25.0,2026-01-07 15:55:00,188.1,5,multi_observation
SYN-0073,T2D-like,0,SYN-0073-0-41,2026-01-07 18:50:00,2026-01-07 20:35:00,105.0,2026-01-07 19:55:00,204.8,18,multi_observation
SYN-0073,T2D-like,0,SYN-0073-0-42,2026-01-07 22:30:00,2026-01-07 22:35:00,5.0,2026-01-07 22:35:00,182.9,2,multi_observation
SYN-0074,T2D-like,0,SYN-0074-0-0,2026-01-01 07:05:00,2026-01-01 07:15:00,10.0,2026-01-01 07:10:00,195.3,3,multi_observation
SYN-0074,T2D-like,0,SYN-0074-0-1,2026-01-01 12:55:00,2026-01-01 14:25:00,90.0,2026-01-01 13:15:00,279.0,19,multi_observation
SYN-0074,T2D-like,0,SYN-0074-0-2,2026-01-02 08:00:00,2026-01-02 09:10:00,70.0,2026-01-02 08:25:00,203.0,14,multi_observation
SYN-0074,T2D-like,0,SYN-0074-0-3,2026-01-02 12:50:00,2026-01-02 14:35:00,105.0,2026-01-02 13:25:00,304.9,22,multi_observation
SYN-0074,T2D-like,0,SYN-0074-0-4,2026-01-03 13:25:00,2026-01-03 14:55:00,90.0,2026-01-03 13:55:00,313.6,19,multi_observation
SYN-0074,T2D-like,0,SYN-0074-0-5,2026-01-03 20:00:00,2026-01-03 20:20:00,20.0,2026-01-03 20:20:00,204.6,5,multi_observation
SYN-0074,T2D-like,0,SYN-0074-0-6,2026-01-04 08:30:00,2026-01-04 10:25:00,115.0,2026-01-04 08:50:00,267.0,24,multi_observation
SYN-0074,T2D-like,0,SYN-0074-0-7,2026-01-04 13:10:00,2026-01-04 14:40:00,90.0,2026-01-04 13:30:00,305.5,19,multi_observation
SYN-0074,T2D-like,0,SYN-0074-0-8,2026-01-04 19:00:00,2026-01-04 20:15:00,75.0,2026-01-04 19:30:00,266.1,16,multi_observation
SYN-0074,T2D-like,0,SYN-0074-0-9,2026-01-05 08:45:00,2026-01-05 09:10:00,25.0,2026-01-05 09:00:00,206.4,6,multi_observation
SYN-0074,T2D-like,0,SYN-0074-0-10,2026-01-05 13:20:00,2026-01-05 14:10:00,50.0,2026-01-05 13:45:00,200.9,10,multi_observation
SYN-0074,T2D-like,0,SYN-0074-0-11,2026-01-05 18:40:00,2026-01-05 20:10:00,90.0,2026-01-05 19:05:00,281.1,19,multi_observation
SYN-0074,T2D-like,0,SYN-0074-0-12,2026-01-06 08:30:00,2026-01-06 09:45:00,75.0,2026-01-06 08:50:00,252.7,16,multi_observation
SYN-0074,T2D-like,0,SYN-0074-0-13,2026-01-06 13:05:00,2026-01-06 13:50:00,45.0,2026-01-06 13:20:00,218.4,10,multi_observation
SYN-0074,T2D-like,0,SYN-0074-0-14,2026-01-06 19:05:00,2026-01-06 19:10:00,5.0,2026-01-06 19:05:00,181.1,2,multi_observation
SYN-0074,T2D-like,0,SYN-0074-0-15,2026-01-07 09:05:00,2026-01-07 09:20:00,15.0,2026-01-07 09:05:00,202.2,4,multi_observation
SYN-0074,T2D-like,0,SYN-0074-0-16,2026-01-07 12:05:00,2026-01-07 13:55:00,110.0,2026-01-07 12:30:00,261.0,22,multi_observation
SYN-0075,T2D-like,0,SYN-0075-0-0,2026-01-01 06:55:00,2026-01-01 07:00:00,5.0,2026-01-01 07:00:00,183.4,2,multi_observation
SYN-0075,T2D-like,0,SYN-0075-0-1,2026-01-02 08:15:00,2026-01-02 09:45:00,90.0,2026-01-02 08:45:00,280.8,19,multi_observation
SYN-0075,T2D-like,0,SYN-0075-0-2,2026-01-03 08:35:00,2026-01-03 09:30:00,55.0,2026-01-03 09:00:00,235.5,12,multi_observation
SYN-0075,T2D-like,0,SYN-0075-0-3,2026-01-03 12:10:00,2026-01-03 13:45:00,95.0,2026-01-03 12:30:00,244.2,19,multi_observation
SYN-0075,T2D-like,0,SYN-0075-0-4,2026-01-04 07:45:00,2026-01-04 09:10:00,85.0,2026-01-04 08:20:00,266.6,18,multi_observation
SYN-0075,T2D-like,0,SYN-0075-0-5,2026-01-04 13:10:00,2026-01-04 14:35:00,85.0,2026-01-04 13:30:00,272.0,18,multi_observation
SYN-0075,T2D-like,0,SYN-0075-0-6,2026-01-05 10:50:00,2026-01-05 11:05:00,15.0,2026-01-05 11:00:00,186.7,3,multi_observation
SYN-0075,T2D-like,0,SYN-0075-0-7,2026-01-05 14:15:00,2026-01-05 14:15:00,0.0,2026-01-05 14:15:00,186.9,1,single_observation
SYN-0075,T2D-like,0,SYN-0075-0-8,2026-01-05 19:00:00,2026-01-05 20:20:00,80.0,2026-01-05 19:20:00,259.9,17,multi_observation
SYN-0075,T2D-like,0,SYN-0075-0-9,2026-01-06 13:20:00,2026-01-06 14:45:00,85.0,2026-01-06 13:35:00,263.8,18,multi_observation
SYN-0075,T2D-like,0,SYN-0075-0-10,2026-01-06 19:30:00,2026-01-06 20:35:00,65.0,2026-01-06 20:05:00,226.0,14,multi_observation
SYN-0075,T2D-like,0,SYN-0075-0-11,2026-01-07 08:50:00,2026-01-07 09:20:00,30.0,2026-01-07 09:15:00,201.4,7,multi_observation
SYN-0076,T2D-like,0,SYN-0076-0-0,2026-01-01 07:30:00,2026-01-01 09:45:00,135.0,2026-01-01 08:00:00,324.8,28,multi_observation
SYN-0076,T2D-like,0,SYN-0076-0-1,2026-01-01 13:25:00,2026-01-01 14:00:00,35.0,2026-01-01 13:50:00,202.0,8,multi_observation
SYN-0076,T2D-like,0,SYN-0076-0-2,2026-01-01 14:25:00,2026-01-01 14:25:00,0.0,2026-01-01 14:25:00,181.4,1,single_observation
SYN-0076,T2D-like,0,SYN-0076-0-3,2026-01-01 18:55:00,2026-01-01 19:55:00,60.0,2026-01-01 19:05:00,218.7,11,multi_observation
SYN-0076,T2D-like,0,SYN-0076-0-4,2026-01-02 08:15:00,2026-01-02 09:40:00,85.0,2026-01-02 08:45:00,215.5,17,multi_observation
SYN-0076,T2D-like,0,SYN-0076-0-5,2026-01-02 13:25:00,2026-01-02 14:20:00,55.0,2026-01-02 13:45:00,207.8,10,multi_observation
SYN-0076,T2D-like,0,SYN-0076-0-6,2026-01-02 14:40:00,2026-01-02 14:40:00,0.0,2026-01-02 14:40:00,180.4,1,single_observation
SYN-0076,T2D-like,0,SYN-0076-0-7,2026-01-02 18:55:00,2026-01-02 19:40:00,45.0,2026-01-02 19:05:00,198.8,10,multi_observation
SYN-0076,T2D-like,0,SYN-0076-0-8,2026-01-02 20:10:00,2026-01-02 20:10:00,0.0,2026-01-02 20:10:00,181.1,1,single_observation
SYN-0076,T2D-like,0,SYN-0076-0-9,2026-01-03 08:50:00,2026-01-03 10:35:00,105.0,2026-01-03 09:25:00,279.5,22,multi_observation
SYN-0076,T2D-like,0,SYN-0076-0-10,2026-01-03 14:15:00,2026-01-03 15:00:00,45.0,2026-01-03 14:25:00,216.1,10,multi_observation
SYN-0076,T2D-like,0,SYN-0076-0-11,2026-01-03 15:25:00,2026-01-03 15:25:00,0.0,2026-01-03 15:25:00,189.7,1,single_observation
SYN-0076,T2D-like,0,SYN-0076-0-12,2026-01-03 19:45:00,2026-01-03 20:10:00,25.0,2026-01-03 19:45:00,194.6,6,multi_observation
SYN-0076,T2D-like,0,SYN-0076-0-13,2026-01-04 08:40:00,2026-01-04 09:45:00,65.0,2026-01-04 09:05:00,231.7,14,multi_observation
SYN-0076,T2D-like,0,SYN-0076-0-14,2026-01-04 12:15:00,2026-01-04 14:00:00,105.0,2026-01-04 12:30:00,236.2,22,multi_observation
SYN-0076,T2D-like,0,SYN-0076-0-15,2026-01-04 18:40:00,2026-01-04 19:30:00,50.0,2026-01-04 18:50:00,213.7,11,multi_observation
SYN-0076,T2D-like,0,SYN-0076-0-16,2026-01-05 07:40:00,2026-01-05 09:40:00,120.0,2026-01-05 08:20:00,258.1,25,multi_observation
SYN-0076,T2D-like,0,SYN-0076-0-17,2026-01-05 13:05:00,2026-01-05 13:40:00,35.0,2026-01-05 13:35:00,195.1,8,multi_observation
SYN-0076,T2D-like,0,SYN-0076-0-18,2026-01-06 07:40:00,2026-01-06 08:45:00,65.0,2026-01-06 08:10:00,215.4,14,multi_observation
SYN-0076,T2D-like,0,SYN-0076-0-19,2026-01-06 12:05:00,2026-01-06 14:30:00,145.0,2026-01-06 12:50:00,365.2,29,multi_observation
SYN-0076,T2D-like,0,SYN-0076-0-20,2026-01-06 19:45:00,2026-01-06 20:40:00,55.0,2026-01-06 20:30:00,200.2,12,multi_observation
SYN-0076,T2D-like,0,SYN-0076-0-21,2026-01-07 09:20:00,2026-01-07 11:30:00,130.0,2026-01-07 09:45:00,328.6,27,multi_observation
SYN-0076,T2D-like,0,SYN-0076-0-22,2026-01-07 11:55:00,2026-01-07 11:55:00,0.0,2026-01-07 11:55:00,183.6,1,single_observation
SYN-0076,T2D-like,0,SYN-0076-0-23,2026-01-07 14:25:00,2026-01-07 16:30:00,125.0,2026-01-07 14:50:00,301.8,26,multi_observation
SYN-0076,T2D-like,0,SYN-0076-0-24,2026-01-07 18:35:00,2026-01-07 19:25:00,50.0,2026-01-07 18:40:00,211.3,11,multi_observation
SYN-0077,T2D-like,0,SYN-0077-0-0,2026-01-01 08:00:00,2026-01-01 10:30:00,150.0,2026-01-01 08:30:00,306.9,31,multi_observation
SYN-0077,T2D-like,0,SYN-0077-0-1,2026-01-01 10:55:00,2026-01-01 11:30:00,35.0,2026-01-01 11:15:00,194.6,8,multi_observation
SYN-0077,T2D-like,0,SYN-0077-0-2,2026-01-01 11:50:00,2026-01-01 11:50:00,0.0,2026-01-01 11:50:00,184.6,1,single_observation
SYN-0077,T2D-like,0,SYN-0077-0-3,2026-01-01 12:50:00,2026-01-01 14:20:00,90.0,2026-01-01 13:25:00,216.4,17,multi_observation
SYN-0077,T2D-like,0,SYN-0077-0-4,2026-01-01 18:30:00,2026-01-01 20:35:00,125.0,2026-01-01 18:55:00,288.9,25,multi_observation
SYN-0077,T2D-like,0,SYN-0077-0-5,2026-01-02 07:10:00,2026-01-02 09:35:00,145.0,2026-01-02 07:30:00,239.9,30,multi_observation
SYN-0077,T2D-like,0,SYN-0077-0-6,2026-01-02 14:05:00,2026-01-02 16:00:00,115.0,2026-01-02 14:40:00,240.1,24,multi_observation
SYN-0077,T2D-like,0,SYN-0077-0-7,2026-01-02 19:25:00,2026-01-02 21:05:00,100.0,2026-01-02 19:55:00,285.3,21,multi_observation
SYN-0077,T2D-like,0,SYN-0077-0-8,2026-01-03 07:55:00,2026-01-03 09:25:00,90.0,2026-01-03 08:20:00,236.8,19,multi_observation
SYN-0077,T2D-like,0,SYN-0077-0-9,2026-01-03 09:45:00,2026-01-03 09:50:00,5.0,2026-01-03 09:45:00,185.0,2,multi_observation
SYN-0077,T2D-like,0,SYN-0077-0-10,2026-01-03 11:45:00,2026-01-03 13:45:00,120.0,2026-01-03 12:20:00,272.5,25,multi_observation
SYN-0077,T2D-like,0,SYN-0077-0-11,2026-01-03 14:05:00,2026-01-03 14:05:00,0.0,2026-01-03 14:05:00,184.5,1,single_observation
SYN-0077,T2D-like,0,SYN-0077-0-12,2026-01-03 18:45:00,2026-01-03 20:35:00,110.0,2026-01-03 19:10:00,285.9,23,multi_observation
SYN-0077,T2D-like,0,SYN-0077-0-13,2026-01-04 07:40:00,2026-01-04 09:35:00,115.0,2026-01-04 08:20:00,234.3,22,multi_observation
SYN-0077,T2D-like,0,SYN-0077-0-14,2026-01-04 10:50:00,2026-01-04 11:20:00,30.0,2026-01-04 11:10:00,189.9,5,multi_observation
SYN-0077,T2D-like,0,SYN-0077-0-15,2026-01-04 13:30:00,2026-01-04 15:00:00,90.0,2026-01-04 13:50:00,233.4,18,multi_observation
SYN-0077,T2D-like,0,SYN-0077-0-16,2026-01-04 19:30:00,2026-01-04 20:35:00,65.0,2026-01-04 20:00:00,203.5,14,multi_observation
SYN-0077,T2D-like,0,SYN-0077-0-17,2026-01-05 08:15:00,2026-01-05 09:40:00,85.0,2026-01-05 08:55:00,229.1,18,multi_observation
SYN-0077,T2D-like,0,SYN-0077-0-18,2026-01-05 13:40:00,2026-01-05 15:15:00,95.0,2026-01-05 13:50:00,198.2,19,multi_observation
SYN-0077,T2D-like,0,SYN-0077-0-19,2026-01-05 19:25:00,2026-01-05 20:25:00,60.0,2026-01-05 19:45:00,236.8,13,multi_observation
SYN-0077,T2D-like,0,SYN-0077-0-20,2026-01-06 08:30:00,2026-01-06 11:05:00,155.0,2026-01-06 09:05:00,327.7,30,multi_observation
SYN-0077,T2D-like,0,SYN-0077-0-21,2026-01-06 11:25:00,2026-01-06 11:50:00,25.0,2026-01-06 11:45:00,192.3,6,multi_observation
SYN-0077,T2D-like,0,SYN-0077-0-22,2026-01-06 13:45:00,2026-01-06 14:55:00,70.0,2026-01-06 14:10:00,231.5,15,multi_observation
SYN-0077,T2D-like,0,SYN-0077-0-23,2026-01-06 19:30:00,2026-01-06 20:20:00,50.0,2026-01-06 20:05:00,205.2,11,multi_observation
SYN-0077,T2D-like,0,SYN-0077-0-24,2026-01-07 08:05:00,2026-01-07 09:20:00,75.0,2026-01-07 08:50:00,228.3,16,multi_observation
SYN-0077,T2D-like,0,SYN-0077-0-25,2026-01-07 10:10:00,2026-01-07 10:10:00,0.0,2026-01-07 10:10:00,181.0,1,single_observation
SYN-0077,T2D-like,0,SYN-0077-0-26,2026-01-07 11:05:00,2026-01-07 11:35:00,30.0,2026-01-07 11:15:00,188.0,7,multi_observation
SYN-0077,T2D-like,0,SYN-0077-0-27,2026-01-07 13:55:00,2026-01-07 15:10:00,75.0,2026-01-07 14:10:00,207.8,15,multi_observation
SYN-0077,T2D-like,0,SYN-0077-0-28,2026-01-07 15:45:00,2026-01-07 15:45:00,0.0,2026-01-07 15:45:00,181.3,1,single_observation
SYN-0077,T2D-like,0,SYN-0077-0-29,2026-01-07 19:45:00,2026-01-07 20:50:00,65.0,2026-01-07 20:00:00,222.9,14,multi_observation
SYN-0078,T2D-like,0,SYN-0078-0-0,2026-01-01 08:35:00,2026-01-01 11:00:00,145.0,2026-01-01 09:00:00,249.8,29,multi_observation
SYN-0078,T2D-like,0,SYN-0078-0-1,2026-01-01 12:35:00,2026-01-01 14:55:00,140.0,2026-01-01 13:15:00,243.3,29,multi_observation
SYN-0078,T2D-like,0,SYN-0078-0-2,2026-01-01 16:30:00,2026-01-01 16:30:00,0.0,2026-01-01 16:30:00,180.6,1,single_observation
SYN-0078,T2D-like,0,SYN-0078-0-3,2026-01-01 19:30:00,2026-01-01 21:05:00,95.0,2026-01-01 20:00:00,229.7,20,multi_observation
SYN-0078,T2D-like,0,SYN-0078-0-4,2026-01-02 09:00:00,2026-01-02 11:25:00,145.0,2026-01-02 09:20:00,214.6,30,multi_observation
SYN-0078,T2D-like,0,SYN-0078-0-5,2026-01-02 12:15:00,2026-01-02 15:05:00,170.0,2026-01-02 12:40:00,294.1,35,multi_observation
SYN-0078,T2D-like,0,SYN-0078-0-6,2026-01-02 15:45:00,2026-01-02 15:55:00,10.0,2026-01-02 15:50:00,185.1,3,multi_observation
SYN-0078,T2D-like,0,SYN-0078-0-7,2026-01-02 16:30:00,2026-01-02 16:30:00,0.0,2026-01-02 16:30:00,180.9,1,single_observation
SYN-0078,T2D-like,0,SYN-0078-0-8,2026-01-02 19:30:00,2026-01-02 21:00:00,90.0,2026-01-02 19:50:00,227.4,17,multi_observation
SYN-0078,T2D-like,0,SYN-0078-0-9,2026-01-03 07:40:00,2026-01-03 10:30:00,170.0,2026-01-03 08:20:00,290.7,34,multi_observation
SYN-0078,T2D-like,0,SYN-0078-0-10,2026-01-03 11:00:00,2026-01-03 11:00:00,0.0,2026-01-03 11:00:00,180.3,1,single_observation
SYN-0078,T2D-like,0,SYN-0078-0-11,2026-01-03 11:25:00,2026-01-03 11:40:00,15.0,2026-01-03 11:35:00,184.3,3,multi_observation
SYN-0078,T2D-like,0,SYN-0078-0-12,2026-01-03 13:10:00,2026-01-03 15:50:00,160.0,2026-01-03 14:00:00,241.6,33,multi_observation
SYN-0078,T2D-like,0,SYN-0078-0-13,2026-01-03 20:00:00,2026-01-03 22:10:00,130.0,2026-01-03 20:30:00,331.0,27,multi_observation
SYN-0078,T2D-like,0,SYN-0078-0-14,2026-01-04 07:40:00,2026-01-04 10:45:00,185.0,2026-01-04 08:15:00,249.7,38,multi_observation
SYN-0078,T2D-like,0,SYN-0078-0-15,2026-01-04 13:10:00,2026-01-04 16:05:00,175.0,2026-01-04 13:40:00,372.3,36,multi_observation
SYN-0078,T2D-like,0,SYN-0078-0-16,2026-01-04 17:25:00,2026-01-04 17:55:00,30.0,2026-01-04 17:45:00,186.7,5,multi_observation
SYN-0078,T2D-like,0,SYN-0078-0-17,2026-01-04 19:00:00,2026-01-04 20:00:00,60.0,2026-01-04 19:40:00,207.8,13,multi_observation
SYN-0078,T2D-like,0,SYN-0078-0-18,2026-01-05 08:25:00,2026-01-05 09:55:00,90.0,2026-01-05 08:55:00,238.3,19,multi_observation
SYN-0078,T2D-like,0,SYN-0078-0-19,2026-01-05 10:20:00,2026-01-05 10:20:00,0.0,2026-01-05 10:20:00,180.1,1,single_observation
SYN-0078,T2D-like,0,SYN-0078-0-20,2026-01-05 11:35:00,2026-01-05 15:25:00,230.0,2026-01-05 12:00:00,223.4,40,multi_observation
SYN-0078,T2D-like,0,SYN-0078-0-21,2026-01-05 18:30:00,2026-01-05 20:50:00,140.0,2026-01-05 18:55:00,307.6,29,multi_observation
SYN-0078,T2D-like,0,SYN-0078-0-22,2026-01-06 08:30:00,2026-01-06 11:40:00,190.0,2026-01-06 09:15:00,245.1,38,multi_observation
SYN-0078,T2D-like,0,SYN-0078-0-23,2026-01-06 12:15:00,2026-01-06 15:55:00,220.0,2026-01-06 12:55:00,295.3,45,multi_observation
SYN-0078,T2D-like,0,SYN-0078-0-24,2026-01-06 18:45:00,2026-01-06 20:45:00,120.0,2026-01-06 19:30:00,225.9,24,multi_observation
SYN-0078,T2D-like,0,SYN-0078-0-25,2026-01-07 07:55:00,2026-01-07 11:10:00,195.0,2026-01-07 08:30:00,324.1,38,multi_observation
SYN-0078,T2D-like,0,SYN-0078-0-26,2026-01-07 12:00:00,2026-01-07 12:05:00,5.0,2026-01-07 12:00:00,184.9,2,multi_observation
SYN-0078,T2D-like,0,SYN-0078-0-27,2026-01-07 13:05:00,2026-01-07 13:15:00,10.0,2026-01-07 13:10:00,187.2,3,multi_observation
SYN-0078,T2D-like,0,SYN-0078-0-28,2026-01-07 13:45:00,2026-01-07 15:50:00,125.0,2026-01-07 14:15:00,259.6,26,multi_observation
SYN-0078,T2D-like,0,SYN-0078-0-29,2026-01-07 16:10:00,2026-01-07 16:15:00,5.0,2026-01-07 16:15:00,184.2,2,multi_observation
SYN-0078,T2D-like,0,SYN-0078-0-30,2026-01-07 17:25:00,2026-01-07 17:25:00,0.0,2026-01-07 17:25:00,180.7,1,single_observation
SYN-0078,T2D-like,0,SYN-0078-0-31,2026-01-07 19:45:00,2026-01-07 21:25:00,100.0,2026-01-07 20:15:00,280.4,21,multi_observation
SYN-0079,T2D-like,0,SYN-0079-0-0,2026-01-01 07:45:00,2026-01-01 08:45:00,60.0,2026-01-01 08:05:00,208.3,13,multi_observation
SYN-0079,T2D-like,0,SYN-0079-0-1,2026-01-01 12:55:00,2026-01-01 14:55:00,120.0,2026-01-01 13:25:00,311.9,23,multi_observation
SYN-0079,T2D-like,0,SYN-0079-0-2,2026-01-01 18:30:00,2026-01-01 20:15:00,105.0,2026-01-01 19:00:00,314.7,22,multi_observation
SYN-0079,T2D-like,0,SYN-0079-0-3,2026-01-02 07:40:00,2026-01-02 09:20:00,100.0,2026-01-02 08:05:00,286.6,21,multi_observation
SYN-0079,T2D-like,0,SYN-0079-0-4,2026-01-02 13:00:00,2026-01-02 14:25:00,85.0,2026-01-02 13:20:00,236.5,18,multi_observation
SYN-0079,T2D-like,0,SYN-0079-0-5,2026-01-02 19:15:00,2026-01-02 20:00:00,45.0,2026-01-02 19:40:00,213.5,10,multi_observation
SYN-0079,T2D-like,0,SYN-0079-0-6,2026-01-03 07:55:00,2026-01-03 08:05:00,10.0,2026-01-03 08:00:00,188.7,3,multi_observation
SYN-0079,T2D-like,0,SYN-0079-0-7,2026-01-03 09:00:00,2026-01-03 09:10:00,10.0,2026-01-03 09:10:00,187.6,2,multi_observation
SYN-0079,T2D-like,0,SYN-0079-0-8,2026-01-03 11:50:00,2026-01-03 13:20:00,90.0,2026-01-03 12:15:00,218.5,19,multi_observation
SYN-0079,T2D-like,0,SYN-0079-0-9,2026-01-03 18:30:00,2026-01-03 20:00:00,90.0,2026-01-03 18:50:00,293.0,19,multi_observation
SYN-0079,T2D-like,0,SYN-0079-0-10,2026-01-04 08:45:00,2026-01-04 10:00:00,75.0,2026-01-04 09:20:00,232.8,16,multi_observation
SYN-0079,T2D-like,0,SYN-0079-0-11,2026-01-04 13:00:00,2026-01-04 14:55:00,115.0,2026-01-04 13:30:00,277.1,22,multi_observation
SYN-0079,T2D-like,0,SYN-0079-0-12,2026-01-04 19:05:00,2026-01-04 20:15:00,70.0,2026-01-04 19:10:00,214.4,15,multi_observation
SYN-0079,T2D-like,0,SYN-0079-0-13,2026-01-05 08:55:00,2026-01-05 09:55:00,60.0,2026-01-05 09:20:00,219.1,13,multi_observation
SYN-0079,T2D-like,0,SYN-0079-0-14,2026-01-05 13:10:00,2026-01-05 15:00:00,110.0,2026-01-05 13:45:00,282.3,23,multi_observation
SYN-0079,T2D-like,0,SYN-0079-0-15,2026-01-05 19:10:00,2026-01-05 20:05:00,55.0,2026-01-05 19:20:00,223.9,12,multi_observation
SYN-0079,T2D-like,0,SYN-0079-0-16,2026-01-06 08:35:00,2026-01-06 10:45:00,130.0,2026-01-06 09:10:00,354.3,26,multi_observation
SYN-0079,T2D-like,0,SYN-0079-0-17,2026-01-06 13:30:00,2026-01-06 15:50:00,140.0,2026-01-06 14:10:00,335.5,29,multi_observation
SYN-0079,T2D-like,0,SYN-0079-0-18,2026-01-06 19:00:00,2026-01-06 19:55:00,55.0,2026-01-06 19:15:00,219.8,12,multi_observation
SYN-0079,T2D-like,0,SYN-0079-0-19,2026-01-07 08:50:00,2026-01-07 10:05:00,75.0,2026-01-07 09:15:00,225.8,16,multi_observation
SYN-0079,T2D-like,0,SYN-0079-0-20,2026-01-07 10:50:00,2026-01-07 10:50:00,0.0,2026-01-07 10:50:00,183.5,1,single_observation
SYN-0079,T2D-like,0,SYN-0079-0-21,2026-01-07 12:40:00,2026-01-07 14:05:00,85.0,2026-01-07 13:15:00,242.3,18,multi_observation
SYN-0079,T2D-like,0,SYN-0079-0-22,2026-01-07 19:00:00,2026-01-07 19:55:00,55.0,2026-01-07 19:20:00,226.2,12,multi_observation
SYN-0080,T2D-like,0,SYN-0080-0-0,2026-01-01 08:30:00,2026-01-01 10:55:00,145.0,2026-01-01 09:15:00,267.0,30,multi_observation
SYN-0080,T2D-like,0,SYN-0080-0-1,2026-01-01 11:25:00,2026-01-01 12:15:00,50.0,2026-01-01 12:05:00,189.4,9,multi_observation
SYN-0080,T2D-like,0,SYN-0080-0-2,2026-01-01 13:40:00,2026-01-01 15:45:00,125.0,2026-01-01 14:15:00,266.7,26,multi_observation
SYN-0080,T2D-like,0,SYN-0080-0-3,2026-01-01 17:35:00,2026-01-01 17:40:00,5.0,2026-01-01 17:40:00,182.9,2,multi_observation
SYN-0080,T2D-like,0,SYN-0080-0-4,2026-01-01 18:40:00,2026-01-01 20:25:00,105.0,2026-01-01 19:10:00,236.0,22,multi_observation
SYN-0080,T2D-like,0,SYN-0080-0-5,2026-01-02 04:55:00,2026-01-02 04:55:00,0.0,2026-01-02 04:55:00,180.2,1,single_observation
SYN-0080,T2D-like,0,SYN-0080-0-6,2026-01-02 08:10:00,2026-01-02 10:35:00,145.0,2026-01-02 08:40:00,237.2,30,multi_observation
SYN-0080,T2D-like,0,SYN-0080-0-7,2026-01-02 12:25:00,2026-01-02 15:20:00,175.0,2026-01-02 13:20:00,276.0,34,multi_observation
SYN-0080,T2D-like,0,SYN-0080-0-8,2026-01-02 18:30:00,2026-01-02 20:25:00,115.0,2026-01-02 18:50:00,258.5,22,multi_observation
SYN-0080,T2D-like,0,SYN-0080-0-9,2026-01-03 07:40:00,2026-01-03 11:55:00,255.0,2026-01-03 08:40:00,326.9,49,multi_observation
SYN-0080,T2D-like,0,SYN-0080-0-10,2026-01-03 13:00:00,2026-01-03 13:00:00,0.0,2026-01-03 13:00:00,182.3,1,single_observation
SYN-0080,T2D-like,0,SYN-0080-0-11,2026-01-03 14:00:00,2026-01-03 16:25:00,145.0,2026-01-03 14:35:00,245.2,30,multi_observation
SYN-0080,T2D-like,0,SYN-0080-0-12,2026-01-03 16:55:00,2026-01-03 17:05:00,10.0,2026-01-03 17:05:00,180.5,2,multi_observation
SYN-0080,T2D-like,0,SYN-0080-0-13,2026-01-03 19:55:00,2026-01-03 20:55:00,60.0,2026-01-03 20:30:00,234.3,13,multi_observation
SYN-0080,T2D-like,0,SYN-0080-0-14,2026-01-03 21:40:00,2026-01-03 21:40:00,0.0,2026-01-03 21:40:00,180.3,1,single_observation
SYN-0080,T2D-like,0,SYN-0080-0-15,2026-01-04 07:30:00,2026-01-04 10:15:00,165.0,2026-01-04 08:10:00,277.4,33,multi_observation
SYN-0080,T2D-like,0,SYN-0080-0-16,2026-01-04 11:00:00,2026-01-04 11:00:00,0.0,2026-01-04 11:00:00,182.5,1,single_observation
SYN-0080,T2D-like,0,SYN-0080-0-17,2026-01-04 11:25:00,2026-01-04 13:35:00,130.0,2026-01-04 12:40:00,252.7,26,multi_observation
SYN-0080,T2D-like,0,SYN-0080-0-18,2026-01-04 14:00:00,2026-01-04 14:20:00,20.0,2026-01-04 14:20:00,186.6,4,multi_observation
SYN-0080,T2D-like,0,SYN-0080-0-19,2026-01-04 18:30:00,2026-01-04 20:20:00,110.0,2026-01-04 19:05:00,321.8,23,multi_observation
SYN-0080,T2D-like,0,SYN-0080-0-20,2026-01-05 08:50:00,2026-01-05 12:20:00,210.0,2026-01-05 09:30:00,270.9,43,multi_observation
SYN-0080,T2D-like,0,SYN-0080-0-21,2026-01-05 12:40:00,2026-01-05 14:45:00,125.0,2026-01-05 13:15:00,243.0,26,multi_observation
SYN-0080,T2D-like,0,SYN-0080-0-22,2026-01-05 16:30:00,2026-01-05 16:50:00,20.0,2026-01-05 16:30:00,184.5,3,multi_observation
SYN-0080,T2D-like,0,SYN-0080-0-23,2026-01-05 19:20:00,2026-01-05 20:40:00,80.0,2026-01-05 19:55:00,248.4,17,multi_observation
SYN-0080,T2D-like,0,SYN-0080-0-24,2026-01-06 08:00:00,2026-01-06 10:25:00,145.0,2026-01-06 08:30:00,243.0,30,multi_observation
SYN-0080,T2D-like,0,SYN-0080-0-25,2026-01-06 10:45:00,2026-01-06 11:20:00,35.0,2026-01-06 11:00:00,211.8,8,multi_observation
SYN-0080,T2D-like,0,SYN-0080-0-26,2026-01-06 11:45:00,2026-01-06 11:55:00,10.0,2026-01-06 11:50:00,191.1,3,multi_observation
SYN-0080,T2D-like,0,SYN-0080-0-27,2026-01-06 13:00:00,2026-01-06 13:00:00,0.0,2026-01-06 13:00:00,183.1,1,single_observation
SYN-0080,T2D-like,0,SYN-0080-0-28,2026-01-06 13:25:00,2026-01-06 15:55:00,150.0,2026-01-06 14:00:00,346.5,31,multi_observation
SYN-0080,T2D-like,0,SYN-0080-0-29,2026-01-06 16:20:00,2026-01-06 16:35:00,15.0,2026-01-06 16:35:00,182.6,2,multi_observation
SYN-0080,T2D-like,0,SYN-0080-0-30,2026-01-06 17:50:00,2026-01-06 17:55:00,5.0,2026-01-06 17:55:00,182.4,2,multi_observation
SYN-0080,T2D-like,0,SYN-0080-0-31,2026-01-06 19:20:00,2026-01-06 20:25:00,65.0,2026-01-06 19:55:00,231.9,14,multi_observation
SYN-0080,T2D-like,0,SYN-0080-0-32,2026-01-07 07:30:00,2026-01-07 11:05:00,215.0,2026-01-07 07:55:00,288.4,44,multi_observation
SYN-0080,T2D-like,0,SYN-0080-0-33,2026-01-07 11:35:00,2026-01-07 12:05:00,30.0,2026-01-07 12:00:00,191.4,5,multi_observation
SYN-0080,T2D-like,0,SYN-0080-0-34,2026-01-07 12:45:00,2026-01-07 15:35:00,170.0,2026-01-07 13:15:00,279.1,34,multi_observation
SYN-0080,T2D-like,0,SYN-0080-0-35,2026-01-07 18:30:00,2026-01-07 19:45:00,75.0,2026-01-07 19:20:00,232.8,16,multi_observation
SYN-0080,T2D-like,0,SYN-0080-0-36,2026-01-07 20:05:00,2026-01-07 20:05:00,0.0,2026-01-07 20:05:00,180.5,1,single_observation
SYN-0081,T2D-like,0,SYN-0081-0-0,2026-01-01 06:50:00,2026-01-01 08:20:00,90.0,2026-01-01 07:15:00,259.2,19,multi_observation
SYN-0081,T2D-like,0,SYN-0081-0-1,2026-01-01 13:40:00,2026-01-01 15:25:00,105.0,2026-01-01 13:55:00,295.8,20,multi_observation
SYN-0081,T2D-like,0,SYN-0081-0-2,2026-01-01 18:25:00,2026-01-01 20:00:00,95.0,2026-01-01 18:50:00,276.9,20,multi_observation
SYN-0081,T2D-like,0,SYN-0081-0-3,2026-01-02 07:40:00,2026-01-02 09:25:00,105.0,2026-01-02 08:15:00,280.6,22,multi_observation
SYN-0081,T2D-like,0,SYN-0081-0-4,2026-01-02 13:05:00,2026-01-02 13:15:00,10.0,2026-01-02 13:05:00,190.3,3,multi_observation
SYN-0081,T2D-like,0,SYN-0081-0-5,2026-01-03 14:40:00,2026-01-03 14:40:00,0.0,2026-01-03 14:40:00,180.4,1,single_observation
SYN-0081,T2D-like,0,SYN-0081-0-6,2026-01-03 15:10:00,2026-01-03 15:10:00,0.0,2026-01-03 15:10:00,182.6,1,single_observation
SYN-0081,T2D-like,0,SYN-0081-0-7,2026-01-04 09:20:00,2026-01-04 09:50:00,30.0,2026-01-04 09:40:00,203.7,7,multi_observation
SYN-0081,T2D-like,0,SYN-0081-0-8,2026-01-04 13:35:00,2026-01-04 13:45:00,10.0,2026-01-04 13:45:00,195.0,3,multi_observation
SYN-0081,T2D-like,0,SYN-0081-0-9,2026-01-04 18:40:00,2026-01-04 18:50:00,10.0,2026-01-04 18:45:00,185.9,3,multi_observation
SYN-0081,T2D-like,0,SYN-0081-0-10,2026-01-04 19:10:00,2026-01-04 19:10:00,0.0,2026-01-04 19:10:00,181.7,1,single_observation
SYN-0081,T2D-like,0,SYN-0081-0-11,2026-01-05 08:15:00,2026-01-05 08:55:00,40.0,2026-01-05 08:35:00,195.6,9,multi_observation
SYN-0081,T2D-like,0,SYN-0081-0-12,2026-01-05 13:25:00,2026-01-05 14:35:00,70.0,2026-01-05 13:35:00,215.9,15,multi_observation
SYN-0081,T2D-like,0,SYN-0081-0-13,2026-01-05 18:40:00,2026-01-05 19:20:00,40.0,2026-01-05 19:05:00,194.8,8,multi_observation
SYN-0081,T2D-like,0,SYN-0081-0-14,2026-01-06 08:10:00,2026-01-06 08:10:00,0.0,2026-01-06 08:10:00,181.7,1,single_observation
SYN-0081,T2D-like,0,SYN-0081-0-15,2026-01-06 08:45:00,2026-01-06 08:45:00,0.0,2026-01-06 08:45:00,180.4,1,single_observation
SYN-0081,T2D-like,0,SYN-0081-0-16,2026-01-06 13:40:00,2026-01-06 13:50:00,10.0,2026-01-06 13:45:00,191.2,3,multi_observation
SYN-0081,T2D-like,0,SYN-0081-0-17,2026-01-06 21:00:00,2026-01-06 21:00:00,0.0,2026-01-06 21:00:00,181.7,1,single_observation
SYN-0081,T2D-like,0,SYN-0081-0-18,2026-01-07 08:20:00,2026-01-07 09:55:00,95.0,2026-01-07 08:40:00,245.6,20,multi_observation
SYN-0081,T2D-like,0,SYN-0081-0-19,2026-01-07 12:25:00,2026-01-07 13:25:00,60.0,2026-01-07 12:40:00,216.6,13,multi_observation
SYN-0082,T2D-like,0,SYN-0082-0-0,2026-01-01 08:05:00,2026-01-01 09:55:00,110.0,2026-01-01 08:35:00,276.7,23,multi_observation
SYN-0082,T2D-like,0,SYN-0082-0-1,2026-01-01 12:35:00,2026-01-01 14:35:00,120.0,2026-01-01 13:00:00,290.9,25,multi_observation
SYN-0082,T2D-like,0,SYN-0082-0-2,2026-01-01 19:00:00,2026-01-01 20:25:00,85.0,2026-01-01 19:35:00,227.8,18,multi_observation
SYN-0082,T2D-like,0,SYN-0082-0-3,2026-01-02 08:25:00,2026-01-02 10:40:00,135.0,2026-01-02 08:45:00,280.1,27,multi_observation
SYN-0082,T2D-like,0,SYN-0082-0-4,2026-01-02 12:40:00,2026-01-02 14:30:00,110.0,2026-01-02 13:00:00,252.9,23,multi_observation
SYN-0082,T2D-like,0,SYN-0082-0-5,2026-01-02 19:20:00,2026-01-02 20:45:00,85.0,2026-01-02 19:50:00,237.2,18,multi_observation
SYN-0082,T2D-like,0,SYN-0082-0-6,2026-01-03 08:25:00,2026-01-03 10:45:00,140.0,2026-01-03 08:55:00,375.0,29,multi_observation
SYN-0082,T2D-like,0,SYN-0082-0-7,2026-01-03 11:05:00,2026-01-03 11:05:00,0.0,2026-01-03 11:05:00,182.7,1,single_observation
SYN-0082,T2D-like,0,SYN-0082-0-8,2026-01-03 12:30:00,2026-01-03 14:35:00,125.0,2026-01-03 12:55:00,348.5,26,multi_observation
SYN-0082,T2D-like,0,SYN-0082-0-9,2026-01-03 19:25:00,2026-01-03 21:30:00,125.0,2026-01-03 20:00:00,339.0,26,multi_observation
SYN-0082,T2D-like,0,SYN-0082-0-10,2026-01-04 08:35:00,2026-01-04 10:30:00,115.0,2026-01-04 09:10:00,268.2,24,multi_observation
SYN-0082,T2D-like,0,SYN-0082-0-11,2026-01-04 12:40:00,2026-01-04 15:15:00,155.0,2026-01-04 13:10:00,366.7,30,multi_observation
SYN-0082,T2D-like,0,SYN-0082-0-12,2026-01-04 18:55:00,2026-01-04 20:35:00,100.0,2026-01-04 19:30:00,287.6,21,multi_observation
SYN-0082,T2D-like,0,SYN-0082-0-13,2026-01-05 08:00:00,2026-01-05 10:30:00,150.0,2026-01-05 08:30:00,360.5,31,multi_observation
SYN-0082,T2D-like,0,SYN-0082-0-14,2026-01-05 13:10:00,2026-01-05 15:15:00,125.0,2026-01-05 13:40:00,265.9,26,multi_observation
SYN-0082,T2D-like,0,SYN-0082-0-15,2026-01-05 19:10:00,2026-01-05 20:45:00,95.0,2026-01-05 19:45:00,230.3,20,multi_observation
SYN-0082,T2D-like,0,SYN-0082-0-16,2026-01-06 08:55:00,2026-01-06 11:25:00,150.0,2026-01-06 09:25:00,344.1,31,multi_observation
SYN-0082,T2D-like,0,SYN-0082-0-17,2026-01-06 13:30:00,2026-01-06 15:40:00,130.0,2026-01-06 14:00:00,257.5,27,multi_observation
SYN-0082,T2D-like,0,SYN-0082-0-18,2026-01-06 19:25:00,2026-01-06 20:30:00,65.0,2026-01-06 19:45:00,214.1,14,multi_observation
SYN-0082,T2D-like,0,SYN-0082-0-19,2026-01-07 08:20:00,2026-01-07 10:30:00,130.0,2026-01-07 08:50:00,247.0,25,multi_observation
SYN-0082,T2D-like,0,SYN-0082-0-20,2026-01-07 13:50:00,2026-01-07 15:45:00,115.0,2026-01-07 14:20:00,296.1,24,multi_observation
SYN-0082,T2D-like,0,SYN-0082-0-21,2026-01-07 19:15:00,2026-01-07 21:00:00,105.0,2026-01-07 19:40:00,271.7,22,multi_observation
SYN-0083,T2D-like,0,SYN-0083-0-0,2026-01-01 07:15:00,2026-01-01 07:15:00,0.0,2026-01-01 07:15:00,181.6,1,single_observation
SYN-0083,T2D-like,0,SYN-0083-0-1,2026-01-01 08:15:00,2026-01-01 10:45:00,150.0,2026-01-01 08:45:00,277.4,31,multi_observation
SYN-0083,T2D-like,0,SYN-0083-0-2,2026-01-01 11:10:00,2026-01-01 11:15:00,5.0,2026-01-01 11:15:00,185.1,2,multi_observation
SYN-0083,T2D-like,0,SYN-0083-0-3,2026-01-01 13:25:00,2026-01-01 15:25:00,120.0,2026-01-01 14:20:00,273.0,25,multi_observation
SYN-0083,T2D-like,0,SYN-0083-0-4,2026-01-01 16:20:00,2026-01-01 17:00:00,40.0,2026-01-01 16:25:00,190.4,6,multi_observation
SYN-0083,T2D-like,0,SYN-0083-0-5,2026-01-01 18:40:00,2026-01-01 20:35:00,115.0,2026-01-01 19:35:00,208.3,23,multi_observation
SYN-0083,T2D-like,0,SYN-0083-0-6,2026-01-02 08:00:00,2026-01-02 10:05:00,125.0,2026-01-02 08:45:00,256.9,26,multi_observation
SYN-0083,T2D-like,0,SYN-0083-0-7,2026-01-02 12:40:00,2026-01-02 15:25:00,165.0,2026-01-02 13:15:00,246.0,32,multi_observation
SYN-0083,T2D-like,0,SYN-0083-0-8,2026-01-02 19:45:00,2026-01-02 21:15:00,90.0,2026-01-02 20:20:00,304.4,19,multi_observation
SYN-0083,T2D-like,0,SYN-0083-0-9,2026-01-03 04:45:00,2026-01-03 05:10:00,25.0,2026-01-03 05:00:00,196.3,5,multi_observation
SYN-0083,T2D-like,0,SYN-0083-0-10,2026-01-03 08:40:00,2026-01-03 11:05:00,145.0,2026-01-03 09:20:00,251.9,30,multi_observation
SYN-0083,T2D-like,0,SYN-0083-0-11,2026-01-03 13:05:00,2026-01-03 15:35:00,150.0,2026-01-03 13:30:00,275.0,31,multi_observation
SYN-0083,T2D-like,0,SYN-0083-0-12,2026-01-03 19:15:00,2026-01-03 21:15:00,120.0,2026-01-03 19:45:00,294.1,25,multi_observation
SYN-0083,T2D-like,0,SYN-0083-0-13,2026-01-04 08:20:00,2026-01-04 10:10:00,110.0,2026-01-04 08:55:00,278.4,23,multi_observation
SYN-0083,T2D-like,0,SYN-0083-0-14,2026-01-04 10:40:00,2026-01-04 10:40:00,0.0,2026-01-04 10:40:00,182.8,1,single_observation
SYN-0083,T2D-like,0,SYN-0083-0-15,2026-01-04 13:10:00,2026-01-04 14:55:00,105.0,2026-01-04 14:00:00,224.7,21,multi_observation
SYN-0083,T2D-like,0,SYN-0083-0-16,2026-01-04 15:55:00,2026-01-04 15:55:00,0.0,2026-01-04 15:55:00,183.8,1,single_observation
SYN-0083,T2D-like,0,SYN-0083-0-17,2026-01-04 18:50:00,2026-01-04 20:55:00,125.0,2026-01-04 19:30:00,345.3,26,multi_observation
SYN-0083,T2D-like,0,SYN-0083-0-18,2026-01-05 07:05:00,2026-01-05 09:40:00,155.0,2026-01-05 07:30:00,271.0,32,multi_observation
SYN-0083,T2D-like,0,SYN-0083-0-19,2026-01-05 13:20:00,2026-01-05 15:25:00,125.0,2026-01-05 14:00:00,278.2,26,multi_observation
SYN-0083,T2D-like,0,SYN-0083-0-20,2026-01-05 18:35:00,2026-01-05 20:05:00,90.0,2026-01-05 19:00:00,258.4,19,multi_observation
SYN-0083,T2D-like,0,SYN-0083-0-21,2026-01-06 07:05:00,2026-01-06 07:45:00,40.0,2026-01-06 07:35:00,209.8,9,multi_observation
SYN-0083,T2D-like,0,SYN-0083-0-22,2026-01-06 08:30:00,2026-01-06 11:00:00,150.0,2026-01-06 08:55:00,304.9,31,multi_observation
SYN-0083,T2D-like,0,SYN-0083-0-23,2026-01-06 13:20:00,2026-01-06 14:20:00,60.0,2026-01-06 13:35:00,201.0,13,multi_observation
SYN-0083,T2D-like,0,SYN-0083-0-24,2026-01-06 15:25:00,2026-01-06 15:25:00,0.0,2026-01-06 15:25:00,183.7,1,single_observation
SYN-0083,T2D-like,0,SYN-0083-0-25,2026-01-06 19:30:00,2026-01-06 21:05:00,95.0,2026-01-06 19:55:00,314.1,20,multi_observation
SYN-0083,T2D-like,0,SYN-0083-0-26,2026-01-07 05:20:00,2026-01-07 06:25:00,65.0,2026-01-07 06:10:00,204.2,12,multi_observation
SYN-0083,T2D-like,0,SYN-0083-0-27,2026-01-07 08:10:00,2026-01-07 08:10:00,0.0,2026-01-07 08:10:00,180.9,1,single_observation
SYN-0083,T2D-like,0,SYN-0083-0-28,2026-01-07 08:35:00,2026-01-07 10:55:00,140.0,2026-01-07 09:10:00,336.3,29,multi_observation
SYN-0083,T2D-like,0,SYN-0083-0-29,2026-01-07 13:20:00,2026-01-07 15:50:00,150.0,2026-01-07 13:45:00,275.4,29,multi_observation
SYN-0083,T2D-like,0,SYN-0083-0-30,2026-01-07 18:25:00,2026-01-07 19:35:00,70.0,2026-01-07 18:50:00,234.8,15,multi_observation
SYN-0083,T2D-like,0,SYN-0083-0-31,2026-01-07 19:55:00,2026-01-07 19:55:00,0.0,2026-01-07 19:55:00,182.5,1,single_observation
SYN-0084,T2D-like,0,SYN-0084-0-0,2026-01-01 08:10:00,2026-01-01 10:40:00,150.0,2026-01-01 08:35:00,260.9,31,multi_observation
SYN-0084,T2D-like,0,SYN-0084-0-1,2026-01-01 11:05:00,2026-01-01 11:25:00,20.0,2026-01-01 11:10:00,191.1,5,multi_observation
SYN-0084,T2D-like,0,SYN-0084-0-2,2026-01-01 13:05:00,2026-01-01 14:15:00,70.0,2026-01-01 13:40:00,242.6,15,multi_observation
SYN-0084,T2D-like,0,SYN-0084-0-3,2026-01-01 18:00:00,2026-01-01 19:45:00,105.0,2026-01-01 18:20:00,216.9,22,multi_observation
SYN-0084,T2D-like,0,SYN-0084-0-4,2026-01-02 08:05:00,2026-01-02 09:35:00,90.0,2026-01-02 08:30:00,211.3,19,multi_observation
SYN-0084,T2D-like,0,SYN-0084-0-5,2026-01-02 09:55:00,2026-01-02 10:10:00,15.0,2026-01-02 10:00:00,196.9,4,multi_observation
SYN-0084,T2D-like,0,SYN-0084-0-6,2026-01-02 13:05:00,2026-01-02 14:40:00,95.0,2026-01-02 13:35:00,260.7,20,multi_observation
SYN-0084,T2D-like,0,SYN-0084-0-7,2026-01-02 18:50:00,2026-01-02 20:05:00,75.0,2026-01-02 19:25:00,228.2,15,multi_observation
SYN-0084,T2D-like,0,SYN-0084-0-8,2026-01-03 08:05:00,2026-01-03 10:25:00,140.0,2026-01-03 08:45:00,296.2,29,multi_observation
SYN-0084,T2D-like,0,SYN-0084-0-9,2026-01-03 14:15:00,2026-01-03 16:40:00,145.0,2026-01-03 14:45:00,312.6,28,multi_observation
SYN-0084,T2D-like,0,SYN-0084-0-10,2026-01-03 19:10:00,2026-01-03 20:30:00,80.0,2026-01-03 19:40:00,207.6,17,multi_observation
SYN-0084,T2D-like,0,SYN-0084-0-11,2026-01-04 08:20:00,2026-01-04 09:55:00,95.0,2026-01-04 08:55:00,224.0,20,multi_observation
SYN-0084,T2D-like,0,SYN-0084-0-12,2026-01-04 12:15:00,2026-01-04 14:35:00,140.0,2026-01-04 12:50:00,343.3,29,multi_observation
SYN-0084,T2D-like,0,SYN-0084-0-13,2026-01-04 18:20:00,2026-01-04 20:10:00,110.0,2026-01-04 19:00:00,315.4,23,multi_observation
SYN-0084,T2D-like,0,SYN-0084-0-14,2026-01-04 20:30:00,2026-01-04 20:30:00,0.0,2026-01-04 20:30:00,180.9,1,single_observation
SYN-0084,T2D-like,0,SYN-0084-0-15,2026-01-05 08:55:00,2026-01-05 10:05:00,70.0,2026-01-05 09:25:00,228.0,15,multi_observation
SYN-0084,T2D-like,0,SYN-0084-0-16,2026-01-05 12:35:00,2026-01-05 12:35:00,0.0,2026-01-05 12:35:00,180.9,1,single_observation
SYN-0084,T2D-like,0,SYN-0084-0-17,2026-01-05 13:45:00,2026-01-05 15:10:00,85.0,2026-01-05 14:00:00,215.6,18,multi_observation
SYN-0084,T2D-like,0,SYN-0084-0-18,2026-01-05 19:15:00,2026-01-05 21:00:00,105.0,2026-01-05 19:45:00,278.7,22,multi_observation
SYN-0084,T2D-like,0,SYN-0084-0-19,2026-01-06 07:45:00,2026-01-06 10:05:00,140.0,2026-01-06 08:20:00,330.7,29,multi_observation
SYN-0084,T2D-like,0,SYN-0084-0-20,2026-01-06 10:40:00,2026-01-06 10:45:00,5.0,2026-01-06 10:45:00,192.1,2,multi_observation
SYN-0084,T2D-like,0,SYN-0084-0-21,2026-01-06 12:30:00,2026-01-06 14:20:00,110.0,2026-01-06 13:30:00,238.1,21,multi_observation
SYN-0084,T2D-like,0,SYN-0084-0-22,2026-01-06 18:20:00,2026-01-06 19:30:00,70.0,2026-01-06 19:05:00,224.4,14,multi_observation
SYN-0084,T2D-like,0,SYN-0084-0-23,2026-01-07 08:40:00,2026-01-07 10:55:00,135.0,2026-01-07 09:05:00,301.2,28,multi_observation
SYN-0084,T2D-like,0,SYN-0084-0-24,2026-01-07 12:50:00,2026-01-07 14:30:00,100.0,2026-01-07 13:15:00,219.5,21,multi_observation
SYN-0084,T2D-like,0,SYN-0084-0-25,2026-01-07 14:55:00,2026-01-07 15:15:00,20.0,2026-01-07 15:00:00,186.1,5,multi_observation
SYN-0084,T2D-like,0,SYN-0084-0-26,2026-01-07 16:50:00,2026-01-07 16:50:00,0.0,2026-01-07 16:50:00,189.6,1,single_observation
SYN-0084,T2D-like,0,SYN-0084-0-27,2026-01-07 19:25:00,2026-01-07 21:25:00,120.0,2026-01-07 19:55:00,352.2,25,multi_observation
SYN-0085,T2D-like,0,SYN-0085-0-0,2026-01-01 02:50:00,2026-01-01 03:00:00,10.0,2026-01-01 02:55:00,187.9,3,multi_observation
SYN-0085,T2D-like,0,SYN-0085-0-1,2026-01-01 06:55:00,2026-01-01 06:55:00,0.0,2026-01-01 06:55:00,181.5,1,single_observation
SYN-0085,T2D-like,0,SYN-0085-0-2,2026-01-01 07:40:00,2026-01-01 07:55:00,15.0,2026-01-01 07:55:00,187.0,3,multi_observation
SYN-0085,T2D-like,0,SYN-0085-0-3,2026-01-01 08:40:00,2026-01-01 11:45:00,185.0,2026-01-01 09:25:00,361.6,37,multi_observation
SYN-0085,T2D-like,0,SYN-0085-0-4,2026-01-01 12:15:00,2026-01-01 15:05:00,170.0,2026-01-01 13:55:00,270.8,35,multi_observation
SYN-0085,T2D-like,0,SYN-0085-0-5,2026-01-01 15:40:00,2026-01-01 16:30:00,50.0,2026-01-01 16:00:00,193.2,7,multi_observation
SYN-0085,T2D-like,0,SYN-0085-0-6,2026-01-01 18:05:00,2026-01-01 18:15:00,10.0,2026-01-01 18:10:00,195.2,3,multi_observation
SYN-0085,T2D-like,0,SYN-0085-0-7,2026-01-01 18:55:00,2026-01-01 21:20:00,145.0,2026-01-01 19:35:00,313.4,30,multi_observation
SYN-0085,T2D-like,0,SYN-0085-0-8,2026-01-02 00:35:00,2026-01-02 00:55:00,20.0,2026-01-02 00:50:00,191.4,3,multi_observation
SYN-0085,T2D-like,0,SYN-0085-0-9,2026-01-02 01:50:00,2026-01-02 02:10:00,20.0,2026-01-02 01:55:00,192.4,5,multi_observation
SYN-0085,T2D-like,0,SYN-0085-0-10,2026-01-02 07:10:00,2026-01-02 07:20:00,10.0,2026-01-02 07:15:00,197.7,3,multi_observation
SYN-0085,T2D-like,0,SYN-0085-0-11,2026-01-02 07:40:00,2026-01-02 10:50:00,190.0,2026-01-02 08:05:00,319.7,39,multi_observation
SYN-0085,T2D-like,0,SYN-0085-0-12,2026-01-02 11:10:00,2026-01-02 11:15:00,5.0,2026-01-02 11:10:00,185.2,2,multi_observation
SYN-0085,T2D-like,0,SYN-0085-0-13,2026-01-02 11:40:00,2026-01-02 11:45:00,5.0,2026-01-02 11:40:00,181.9,2,multi_observation
SYN-0085,T2D-like,0,SYN-0085-0-14,2026-01-02 12:55:00,2026-01-02 15:45:00,170.0,2026-01-02 14:00:00,274.2,35,multi_observation
SYN-0085,T2D-like,0,SYN-0085-0-15,2026-01-02 16:20:00,2026-01-02 16:20:00,0.0,2026-01-02 16:20:00,181.1,1,single_observation
SYN-0085,T2D-like,0,SYN-0085-0-16,2026-01-02 18:00:00,2026-01-02 21:30:00,210.0,2026-01-02 18:55:00,279.5,39,multi_observation
SYN-0085,T2D-like,0,SYN-0085-0-17,2026-01-03 03:55:00,2026-01-03 03:55:00,0.0,2026-01-03 03:55:00,181.3,1,single_observation
SYN-0085,T2D-like,0,SYN-0085-0-18,2026-01-03 04:30:00,2026-01-03 05:40:00,70.0,2026-01-03 04:50:00,199.1,12,multi_observation
SYN-0085,T2D-like,0,SYN-0085-0-19,2026-01-03 06:35:00,2026-01-03 07:10:00,35.0,2026-01-03 07:10:00,202.0,7,multi_observation
SYN-0085,T2D-like,0,SYN-0085-0-20,2026-01-03 08:25:00,2026-01-03 17:05:00,520.0,2026-01-03 08:50:00,348.0,105,multi_observation
SYN-0085,T2D-like,0,SYN-0085-0-21,2026-01-03 18:15:00,2026-01-03 18:15:00,0.0,2026-01-03 18:15:00,180.5,1,single_observation
SYN-0085,T2D-like,0,SYN-0085-0-22,2026-01-03 19:20:00,2026-01-03 21:30:00,130.0,2026-01-03 20:00:00,279.8,26,multi_observation
SYN-0085,T2D-like,0,SYN-0085-0-23,2026-01-04 00:25:00,2026-01-04 00:25:00,0.0,2026-01-04 00:25:00,180.7,1,single_observation
SYN-0085,T2D-like,0,SYN-0085-0-24,2026-01-04 00:45:00,2026-01-04 00:45:00,0.0,2026-01-04 00:45:00,187.4,1,single_observation
SYN-0085,T2D-like,0,SYN-0085-0-25,2026-01-04 03:50:00,2026-01-04 03:50:00,0.0,2026-01-04 03:50:00,184.0,1,single_observation
SYN-0085,T2D-like,0,SYN-0085-0-26,2026-01-04 04:15:00,2026-01-04 04:15:00,0.0,2026-01-04 04:15:00,181.9,1,single_observation
SYN-0085,T2D-like,0,SYN-0085-0-27,2026-01-04 06:10:00,2026-01-04 06:55:00,45.0,2026-01-04 06:40:00,202.7,8,multi_observation
SYN-0085,T2D-like,0,SYN-0085-0-28,2026-01-04 07:20:00,2026-01-04 10:45:00,205.0,2026-01-04 08:20:00,320.3,40,multi_observation
SYN-0085,T2D-like,0,SYN-0085-0-29,2026-01-04 11:30:00,2026-01-04 11:50:00,20.0,2026-01-04 11:35:00,193.7,4,multi_observation
SYN-0085,T2D-like,0,SYN-0085-0-30,2026-01-04 12:15:00,2026-01-04 12:55:00,40.0,2026-01-04 12:35:00,190.7,8,multi_observation
SYN-0085,T2D-like,0,SYN-0085-0-31,2026-01-04 13:15:00,2026-01-04 13:20:00,5.0,2026-01-04 13:20:00,184.3,2,multi_observation
SYN-0085,T2D-like,0,SYN-0085-0-32,2026-01-04 13:40:00,2026-01-04 16:50:00,190.0,2026-01-04 14:10:00,400.0,38,multi_observation
SYN-0085,T2D-like,0,SYN-0085-0-33,2026-01-04 19:40:00,2026-01-04 21:45:00,125.0,2026-01-04 20:25:00,275.0,25,multi_observation
SYN-0085,T2D-like,0,SYN-0085-0-34,2026-01-04 23:25:00,2026-01-04 23:25:00,0.0,2026-01-04 23:25:00,182.1,1,single_observation
SYN-0085,T2D-like,0,SYN-0085-0-35,2026-01-05 03:20:00,2026-01-05 03:20:00,0.0,2026-01-05 03:20:00,188.4,1,single_observation
SYN-0085,T2D-like,0,SYN-0085-0-36,2026-01-05 03:40:00,2026-01-05 03:40:00,0.0,2026-01-05 03:40:00,182.9,1,single_observation
SYN-0085,T2D-like,0,SYN-0085-0-37,2026-01-05 06:05:00,2026-01-05 06:45:00,40.0,2026-01-05 06:20:00,196.2,9,multi_observation
SYN-0085,T2D-like,0,SYN-0085-0-38,2026-01-05 07:30:00,2026-01-05 11:40:00,250.0,2026-01-05 08:40:00,320.1,48,multi_observation
SYN-0085,T2D-like,0,SYN-0085-0-39,2026-01-05 12:05:00,2026-01-05 12:05:00,0.0,2026-01-05 12:05:00,180.7,1,single_observation
SYN-0085,T2D-like,0,SYN-0085-0-40,2026-01-05 12:50:00,2026-01-05 16:25:00,215.0,2026-01-05 13:40:00,346.7,41,multi_observation
SYN-0085,T2D-like,0,SYN-0085-0-41,2026-01-05 16:45:00,2026-01-05 16:45:00,0.0,2026-01-05 16:45:00,182.6,1,single_observation
SYN-0085,T2D-like,0,SYN-0085-0-42,2026-01-05 18:35:00,2026-01-05 21:15:00,160.0,2026-01-05 19:05:00,374.0,33,multi_observation
SYN-0085,T2D-like,0,SYN-0085-0-43,2026-01-06 08:35:00,2026-01-06 11:10:00,155.0,2026-01-06 09:05:00,255.5,32,multi_observation
SYN-0085,T2D-like,0,SYN-0085-0-44,2026-01-06 11:35:00,2026-01-06 11:50:00,15.0,2026-01-06 11:40:00,191.7,4,multi_observation
SYN-0085,T2D-like,0,SYN-0085-0-45,2026-01-06 12:25:00,2026-01-06 12:25:00,0.0,2026-01-06 12:25:00,182.7,1,single_observation
SYN-0085,T2D-like,0,SYN-0085-0-46,2026-01-06 13:30:00,2026-01-06 15:55:00,145.0,2026-01-06 14:05:00,360.8,30,multi_observation
SYN-0085,T2D-like,0,SYN-0085-0-47,2026-01-06 16:45:00,2026-01-06 17:15:00,30.0,2026-01-06 16:45:00,189.0,5,multi_observation
SYN-0085,T2D-like,0,SYN-0085-0-48,2026-01-06 18:25:00,2026-01-06 18:35:00,10.0,2026-01-06 18:25:00,188.4,3,multi_observation
SYN-0085,T2D-like,0,SYN-0085-0-49,2026-01-06 19:35:00,2026-01-06 22:15:00,160.0,2026-01-06 20:05:00,374.1,33,multi_observation
SYN-0085,T2D-like,0,SYN-0085-0-50,2026-01-07 04:00:00,2026-01-07 04:05:00,5.0,2026-01-07 04:05:00,185.7,2,multi_observation
SYN-0085,T2D-like,0,SYN-0085-0-51,2026-01-07 04:55:00,2026-01-07 05:00:00,5.0,2026-01-07 04:55:00,181.1,2,multi_observation
SYN-0085,T2D-like,0,SYN-0085-0-52,2026-01-07 05:20:00,2026-01-07 06:20:00,60.0,2026-01-07 05:45:00,208.3,10,multi_observation
SYN-0085,T2D-like,0,SYN-0085-0-53,2026-01-07 06:50:00,2026-01-07 07:05:00,15.0,2026-01-07 07:05:00,183.7,3,multi_observation
SYN-0085,T2D-like,0,SYN-0085-0-54,2026-01-07 07:55:00,2026-01-07 10:45:00,170.0,2026-01-07 08:25:00,259.1,34,multi_observation
SYN-0085,T2D-like,0,SYN-0085-0-55,2026-01-07 12:00:00,2026-01-07 12:00:00,0.0,2026-01-07 12:00:00,182.7,1,single_observation
SYN-0085,T2D-like,0,SYN-0085-0-56,2026-01-07 13:05:00,2026-01-07 15:40:00,155.0,2026-01-07 14:10:00,278.8,32,multi_observation
SYN-0085,T2D-like,0,SYN-0085-0-57,2026-01-07 16:15:00,2026-01-07 16:30:00,15.0,2026-01-07 16:25:00,194.1,4,multi_observation
SYN-0085,T2D-like,0,SYN-0085-0-58,2026-01-07 17:25:00,2026-01-07 17:40:00,15.0,2026-01-07 17:40:00,191.5,4,multi_observation
SYN-0085,T2D-like,0,SYN-0085-0-59,2026-01-07 18:45:00,2026-01-07 20:50:00,125.0,2026-01-07 19:15:00,255.8,26,multi_observation
SYN-0086,T2D-like,0,SYN-0086-0-0,2026-01-01 07:45:00,2026-01-01 09:10:00,85.0,2026-01-01 08:10:00,240.1,18,multi_observation
SYN-0086,T2D-like,0,SYN-0086-0-1,2026-01-01 13:55:00,2026-01-01 16:10:00,135.0,2026-01-01 14:25:00,354.1,28,multi_observation
SYN-0086,T2D-like,0,SYN-0086-0-2,2026-01-01 19:10:00,2026-01-01 19:15:00,5.0,2026-01-01 19:15:00,184.8,2,multi_observation
SYN-0086,T2D-like,0,SYN-0086-0-3,2026-01-01 19:40:00,2026-01-01 19:50:00,10.0,2026-01-01 19:40:00,180.5,2,multi_observation
SYN-0086,T2D-like,0,SYN-0086-0-4,2026-01-02 09:00:00,2026-01-02 10:20:00,80.0,2026-01-02 09:25:00,232.3,15,multi_observation
SYN-0086,T2D-like,0,SYN-0086-0-5,2026-01-02 12:30:00,2026-01-02 13:55:00,85.0,2026-01-02 12:55:00,233.3,18,multi_observation
SYN-0086,T2D-like,0,SYN-0086-0-6,2026-01-02 19:55:00,2026-01-02 21:40:00,105.0,2026-01-02 20:30:00,323.2,22,multi_observation
SYN-0086,T2D-like,0,SYN-0086-0-7,2026-01-03 08:20:00,2026-01-03 09:20:00,60.0,2026-01-03 08:50:00,205.7,13,multi_observation
SYN-0086,T2D-like,0,SYN-0086-0-8,2026-01-03 09:40:00,2026-01-03 09:40:00,0.0,2026-01-03 09:40:00,180.6,1,single_observation
SYN-0086,T2D-like,0,SYN-0086-0-9,2026-01-03 13:00:00,2026-01-03 13:50:00,50.0,2026-01-03 13:30:00,208.8,11,multi_observation
SYN-0086,T2D-like,0,SYN-0086-0-10,2026-01-03 14:20:00,2026-01-03 14:20:00,0.0,2026-01-03 14:20:00,188.1,1,single_observation
SYN-0086,T2D-like,0,SYN-0086-0-11,2026-01-03 19:40:00,2026-01-03 20:45:00,65.0,2026-01-03 20:00:00,207.6,14,multi_observation
SYN-0086,T2D-like,0,SYN-0086-0-12,2026-01-04 08:25:00,2026-01-04 09:25:00,60.0,2026-01-04 08:50:00,218.5,13,multi_observation
SYN-0086,T2D-like,0,SYN-0086-0-13,2026-01-04 12:45:00,2026-01-04 14:25:00,100.0,2026-01-04 13:05:00,219.9,19,multi_observation
SYN-0086,T2D-like,0,SYN-0086-0-14,2026-01-04 19:10:00,2026-01-04 20:05:00,55.0,2026-01-04 19:25:00,226.4,12,multi_observation
SYN-0086,T2D-like,0,SYN-0086-0-15,2026-01-05 07:30:00,2026-01-05 09:35:00,125.0,2026-01-05 07:55:00,315.6,26,multi_observation
SYN-0086,T2D-like,0,SYN-0086-0-16,2026-01-05 12:00:00,2026-01-05 13:10:00,70.0,2026-01-05 12:30:00,229.1,15,multi_observation
SYN-0086,T2D-like,0,SYN-0086-0-17,2026-01-05 19:10:00,2026-01-05 21:00:00,110.0,2026-01-05 19:40:00,336.0,23,multi_observation
SYN-0086,T2D-like,0,SYN-0086-0-18,2026-01-06 08:00:00,2026-01-06 09:55:00,115.0,2026-01-06 08:25:00,266.7,23,multi_observation
SYN-0086,T2D-like,0,SYN-0086-0-19,2026-01-06 13:20:00,2026-01-06 15:20:00,120.0,2026-01-06 13:40:00,257.6,25,multi_observation
SYN-0086,T2D-like,0,SYN-0086-0-20,2026-01-06 19:30:00,2026-01-06 20:25:00,55.0,2026-01-06 19:45:00,200.0,12,multi_observation
SYN-0086,T2D-like,0,SYN-0086-0-21,2026-01-07 08:30:00,2026-01-07 09:40:00,70.0,2026-01-07 08:55:00,233.5,15,multi_observation
SYN-0086,T2D-like,0,SYN-0086-0-22,2026-01-07 13:35:00,2026-01-07 15:25:00,110.0,2026-01-07 14:10:00,309.9,23,multi_observation
SYN-0086,T2D-like,0,SYN-0086-0-23,2026-01-07 18:25:00,2026-01-07 19:55:00,90.0,2026-01-07 18:50:00,287.2,19,multi_observation
SYN-0087,T2D-like,0,SYN-0087-0-0,2026-01-01 08:25:00,2026-01-01 12:10:00,225.0,2026-01-01 09:10:00,317.1,44,multi_observation
SYN-0087,T2D-like,0,SYN-0087-0-1,2026-01-01 12:40:00,2026-01-01 16:05:00,205.0,2026-01-01 13:10:00,363.4,42,multi_observation
SYN-0087,T2D-like,0,SYN-0087-0-2,2026-01-01 19:10:00,2026-01-01 21:20:00,130.0,2026-01-01 19:30:00,360.9,27,multi_observation
SYN-0087,T2D-like,0,SYN-0087-0-3,2026-01-02 04:15:00,2026-01-02 04:15:00,0.0,2026-01-02 04:15:00,181.9,1,single_observation
SYN-0087,T2D-like,0,SYN-0087-0-4,2026-01-02 06:25:00,2026-01-02 06:25:00,0.0,2026-01-02 06:25:00,184.0,1,single_observation
SYN-0087,T2D-like,0,SYN-0087-0-5,2026-01-02 07:05:00,2026-01-02 08:00:00,55.0,2026-01-02 07:50:00,200.9,10,multi_observation
SYN-0087,T2D-like,0,SYN-0087-0-6,2026-01-02 08:20:00,2026-01-02 10:35:00,135.0,2026-01-02 08:50:00,226.1,28,multi_observation
SYN-0087,T2D-like,0,SYN-0087-0-7,2026-01-02 10:55:00,2026-01-02 12:05:00,70.0,2026-01-02 11:50:00,210.3,13,multi_observation
SYN-0087,T2D-like,0,SYN-0087-0-8,2026-01-02 12:25:00,2026-01-02 15:20:00,175.0,2026-01-02 13:05:00,285.8,36,multi_observation
SYN-0087,T2D-like,0,SYN-0087-0-9,2026-01-02 20:25:00,2026-01-02 22:05:00,100.0,2026-01-02 21:00:00,225.5,21,multi_observation
SYN-0087,T2D-like,0,SYN-0087-0-10,2026-01-03 08:15:00,2026-01-03 10:55:00,160.0,2026-01-03 08:55:00,271.7,33,multi_observation
SYN-0087,T2D-like,0,SYN-0087-0-11,2026-01-03 11:55:00,2026-01-03 12:10:00,15.0,2026-01-03 12:00:00,195.9,4,multi_observation
SYN-0087,T2D-like,0,SYN-0087-0-12,2026-01-03 12:45:00,2026-01-03 16:25:00,220.0,2026-01-03 13:35:00,259.7,45,multi_observation
SYN-0087,T2D-like,0,SYN-0087-0-13,2026-01-03 16:55:00,2026-01-03 16:55:00,0.0,2026-01-03 16:55:00,190.2,1,single_observation
SYN-0087,T2D-like,0,SYN-0087-0-14,2026-01-03 19:20:00,2026-01-03 21:35:00,135.0,2026-01-03 20:10:00,252.7,28,multi_observation
SYN-0087,T2D-like,0,SYN-0087-0-15,2026-01-04 07:15:00,2026-01-04 10:55:00,220.0,2026-01-04 07:50:00,276.2,40,multi_observation
SYN-0087,T2D-like,0,SYN-0087-0-16,2026-01-04 12:35:00,2026-01-04 16:00:00,205.0,2026-01-04 13:05:00,352.3,42,multi_observation
SYN-0087,T2D-like,0,SYN-0087-0-17,2026-01-04 17:00:00,2026-01-04 17:00:00,0.0,2026-01-04 17:00:00,182.6,1,single_observation
SYN-0087,T2D-like,0,SYN-0087-0-18,2026-01-04 19:30:00,2026-01-04 21:35:00,125.0,2026-01-04 20:10:00,322.5,26,multi_observation
SYN-0087,T2D-like,0,SYN-0087-0-19,2026-01-05 07:45:00,2026-01-05 07:50:00,5.0,2026-01-05 07:45:00,189.7,2,multi_observation
SYN-0087,T2D-like,0,SYN-0087-0-20,2026-01-05 08:10:00,2026-01-05 10:40:00,150.0,2026-01-05 08:40:00,269.5,31,multi_observation
SYN-0087,T2D-like,0,SYN-0087-0-21,2026-01-05 11:00:00,2026-01-05 11:00:00,0.0,2026-01-05 11:00:00,183.9,1,single_observation
SYN-0087,T2D-like,0,SYN-0087-0-22,2026-01-05 11:40:00,2026-01-05 15:25:00,225.0,2026-01-05 12:45:00,358.3,44,multi_observation
SYN-0087,T2D-like,0,SYN-0087-0-23,2026-01-05 18:50:00,2026-01-05 20:20:00,90.0,2026-01-05 19:05:00,226.2,19,multi_observation
SYN-0087,T2D-like,0,SYN-0087-0-24,2026-01-06 05:50:00,2026-01-06 05:50:00,0.0,2026-01-06 05:50:00,182.6,1,single_observation
SYN-0087,T2D-like,0,SYN-0087-0-25,2026-01-06 08:10:00,2026-01-06 11:20:00,190.0,2026-01-06 08:45:00,371.1,39,multi_observation
SYN-0087,T2D-like,0,SYN-0087-0-26,2026-01-06 12:35:00,2026-01-06 15:55:00,200.0,2026-01-06 13:30:00,376.9,40,multi_observation
SYN-0087,T2D-like,0,SYN-0087-0-27,2026-01-06 18:25:00,2026-01-06 20:10:00,105.0,2026-01-06 18:45:00,262.2,22,multi_observation
SYN-0087,T2D-like,0,SYN-0087-0-28,2026-01-07 04:45:00,2026-01-07 04:50:00,5.0,2026-01-07 04:45:00,184.8,2,multi_observation
SYN-0087,T2D-like,0,SYN-0087-0-29,2026-01-07 07:20:00,2026-01-07 07:25:00,5.0,2026-01-07 07:25:00,182.6,2,multi_observation
SYN-0087,T2D-like,0,SYN-0087-0-30,2026-01-07 08:10:00,2026-01-07 10:15:00,125.0,2026-01-07 08:35:00,283.9,25,multi_observation
SYN-0087,T2D-like,0,SYN-0087-0-31,2026-01-07 10:45:00,2026-01-07 10:45:00,0.0,2026-01-07 10:45:00,180.6,1,single_observation
SYN-0087,T2D-like,0,SYN-0087-0-32,2026-01-07 11:40:00,2026-01-07 16:20:00,280.0,2026-01-07 13:00:00,294.0,56,multi_observation
SYN-0087,T2D-like,0,SYN-0087-0-33,2026-01-07 17:25:00,2026-01-07 17:25:00,0.0,2026-01-07 17:25:00,182.8,1,single_observation
SYN-0087,T2D-like,0,SYN-0087-0-34,2026-01-07 19:25:00,2026-01-07 21:15:00,110.0,2026-01-07 19:55:00,272.5,23,multi_observation
SYN-0088,T2D-like,0,SYN-0088-0-0,2026-01-01 07:45:00,2026-01-01 09:35:00,110.0,2026-01-01 08:35:00,255.6,23,multi_observation
SYN-0088,T2D-like,0,SYN-0088-0-1,2026-01-01 13:25:00,2026-01-01 15:25:00,120.0,2026-01-01 14:00:00,321.8,25,multi_observation
SYN-0088,T2D-like,0,SYN-0088-0-2,2026-01-01 19:15:00,2026-01-01 21:00:00,105.0,2026-01-01 19:35:00,262.3,22,multi_observation
SYN-0088,T2D-like,0,SYN-0088-0-3,2026-01-02 08:00:00,2026-01-02 10:10:00,130.0,2026-01-02 08:25:00,350.7,27,multi_observation
SYN-0088,T2D-like,0,SYN-0088-0-4,2026-01-02 13:15:00,2026-01-02 15:35:00,140.0,2026-01-02 13:45:00,315.6,27,multi_observation
SYN-0088,T2D-like,0,SYN-0088-0-5,2026-01-02 18:05:00,2026-01-02 20:05:00,120.0,2026-01-02 18:40:00,331.2,25,multi_observation
SYN-0088,T2D-like,0,SYN-0088-0-6,2026-01-02 20:25:00,2026-01-02 20:25:00,0.0,2026-01-02 20:25:00,183.9,1,single_observation
SYN-0088,T2D-like,0,SYN-0088-0-7,2026-01-03 07:55:00,2026-01-03 10:15:00,140.0,2026-01-03 08:25:00,336.9,29,multi_observation
SYN-0088,T2D-like,0,SYN-0088-0-8,2026-01-03 14:15:00,2026-01-03 15:55:00,100.0,2026-01-03 14:45:00,275.8,20,multi_observation
SYN-0088,T2D-like,0,SYN-0088-0-9,2026-01-03 19:20:00,2026-01-03 20:05:00,45.0,2026-01-03 19:30:00,208.4,10,multi_observation
SYN-0088,T2D-like,0,SYN-0088-0-10,2026-01-04 08:15:00,2026-01-04 10:50:00,155.0,2026-01-04 08:45:00,332.5,31,multi_observation
SYN-0088,T2D-like,0,SYN-0088-0-11,2026-01-04 13:30:00,2026-01-04 15:20:00,110.0,2026-01-04 14:05:00,260.9,22,multi_observation
SYN-0088,T2D-like,0,SYN-0088-0-12,2026-01-04 20:00:00,2026-01-04 21:00:00,60.0,2026-01-04 20:20:00,216.4,13,multi_observation
SYN-0088,T2D-like,0,SYN-0088-0-13,2026-01-05 09:05:00,2026-01-05 10:35:00,90.0,2026-01-05 09:25:00,240.7,19,multi_observation
SYN-0088,T2D-like,0,SYN-0088-0-14,2026-01-05 14:10:00,2026-01-05 15:10:00,60.0,2026-01-05 14:25:00,199.8,13,multi_observation
SYN-0088,T2D-like,0,SYN-0088-0-15,2026-01-05 18:15:00,2026-01-05 20:15:00,120.0,2026-01-05 18:55:00,315.4,24,multi_observation
SYN-0088,T2D-like,0,SYN-0088-0-16,2026-01-06 09:00:00,2026-01-06 10:45:00,105.0,2026-01-06 09:25:00,260.3,21,multi_observation
SYN-0088,T2D-like,0,SYN-0088-0-17,2026-01-06 12:45:00,2026-01-06 14:15:00,90.0,2026-01-06 13:25:00,224.3,18,multi_observation
SYN-0088,T2D-like,0,SYN-0088-0-18,2026-01-06 18:50:00,2026-01-06 20:15:00,85.0,2026-01-06 19:15:00,253.0,18,multi_observation
SYN-0088,T2D-like,0,SYN-0088-0-19,2026-01-07 09:05:00,2026-01-07 10:20:00,75.0,2026-01-07 09:30:00,218.4,16,multi_observation
SYN-0088,T2D-like,0,SYN-0088-0-20,2026-01-07 14:45:00,2026-01-07 16:55:00,130.0,2026-01-07 15:30:00,271.7,26,multi_observation
SYN-0088,T2D-like,0,SYN-0088-0-21,2026-01-07 19:45:00,2026-01-07 20:50:00,65.0,2026-01-07 20:05:00,240.0,14,multi_observation
SYN-0089,T2D-like,0,SYN-0089-0-0,2026-01-01 08:15:00,2026-01-01 11:05:00,170.0,2026-01-01 08:55:00,326.2,33,multi_observation
SYN-0089,T2D-like,0,SYN-0089-0-1,2026-01-01 12:10:00,2026-01-01 12:30:00,20.0,2026-01-01 12:10:00,194.1,3,multi_observation
SYN-0089,T2D-like,0,SYN-0089-0-2,2026-01-01 13:00:00,2026-01-01 13:35:00,35.0,2026-01-01 13:05:00,198.5,8,multi_observation
SYN-0089,T2D-like,0,SYN-0089-0-3,2026-01-01 13:55:00,2026-01-01 16:20:00,145.0,2026-01-01 14:20:00,340.2,28,multi_observation
SYN-0089,T2D-like,0,SYN-0089-0-4,2026-01-01 17:45:00,2026-01-01 17:55:00,10.0,2026-01-01 17:45:00,191.9,3,multi_observation
SYN-0089,T2D-like,0,SYN-0089-0-5,2026-01-01 18:30:00,2026-01-01 20:10:00,100.0,2026-01-01 19:05:00,240.6,21,multi_observation
SYN-0089,T2D-like,0,SYN-0089-0-6,2026-01-01 22:40:00,2026-01-01 22:40:00,0.0,2026-01-01 22:40:00,181.4,1,single_observation
SYN-0089,T2D-like,0,SYN-0089-0-7,2026-01-02 03:25:00,2026-01-02 03:30:00,5.0,2026-01-02 03:30:00,183.6,2,multi_observation
SYN-0089,T2D-like,0,SYN-0089-0-8,2026-01-02 08:20:00,2026-01-02 10:45:00,145.0,2026-01-02 08:35:00,232.4,27,multi_observation
SYN-0089,T2D-like,0,SYN-0089-0-9,2026-01-02 12:15:00,2026-01-02 12:30:00,15.0,2026-01-02 12:15:00,185.6,2,multi_observation
SYN-0089,T2D-like,0,SYN-0089-0-10,2026-01-02 12:55:00,2026-01-02 15:00:00,125.0,2026-01-02 13:35:00,249.1,26,multi_observation
SYN-0089,T2D-like,0,SYN-0089-0-11,2026-01-02 15:20:00,2026-01-02 15:45:00,25.0,2026-01-02 15:40:00,192.6,5,multi_observation
SYN-0089,T2D-like,0,SYN-0089-0-12,2026-01-02 19:45:00,2026-01-02 21:05:00,80.0,2026-01-02 20:15:00,243.1,17,multi_observation
SYN-0089,T2D-like,0,SYN-0089-0-13,2026-01-02 21:30:00,2026-01-02 21:30:00,0.0,2026-01-02 21:30:00,183.3,1,single_observation
SYN-0089,T2D-like,0,SYN-0089-0-14,2026-01-03 08:10:00,2026-01-03 11:05:00,175.0,2026-01-03 08:30:00,258.1,34,multi_observation
SYN-0089,T2D-like,0,SYN-0089-0-15,2026-01-03 13:05:00,2026-01-03 14:50:00,105.0,2026-01-03 13:25:00,264.3,22,multi_observation
SYN-0089,T2D-like,0,SYN-0089-0-16,2026-01-03 19:20:00,2026-01-03 21:35:00,135.0,2026-01-03 19:35:00,245.6,26,multi_observation
SYN-0089,T2D-like,0,SYN-0089-0-17,2026-01-03 22:15:00,2026-01-03 22:15:00,0.0,2026-01-03 22:15:00,184.5,1,single_observation
SYN-0089,T2D-like,0,SYN-0089-0-18,2026-01-04 08:20:00,2026-01-04 10:50:00,150.0,2026-01-04 09:15:00,215.2,27,multi_observation
SYN-0089,T2D-like,0,SYN-0089-0-19,2026-01-04 11:10:00,2026-01-04 12:05:00,55.0,2026-01-04 11:40:00,202.0,10,multi_observation
SYN-0089,T2D-like,0,SYN-0089-0-20,2026-01-04 12:45:00,2026-01-04 12:45:00,0.0,2026-01-04 12:45:00,187.1,1,single_observation
SYN-0089,T2D-like,0,SYN-0089-0-21,2026-01-04 13:10:00,2026-01-04 15:00:00,110.0,2026-01-04 13:55:00,261.1,23,multi_observation
SYN-0089,T2D-like,0,SYN-0089-0-22,2026-01-04 16:05:00,2026-01-04 16:10:00,5.0,2026-01-04 16:05:00,187.2,2,multi_observation
SYN-0089,T2D-like,0,SYN-0089-0-23,2026-01-04 19:35:00,2026-01-04 21:00:00,85.0,2026-01-04 20:05:00,245.1,18,multi_observation
SYN-0089,T2D-like,0,SYN-0089-0-24,2026-01-05 07:20:00,2026-01-05 07:20:00,0.0,2026-01-05 07:20:00,180.8,1,single_observation
SYN-0089,T2D-like,0,SYN-0089-0-25,2026-01-05 08:10:00,2026-01-05 10:35:00,145.0,2026-01-05 08:45:00,244.4,30,multi_observation
SYN-0089,T2D-like,0,SYN-0089-0-26,2026-01-05 12:55:00,2026-01-05 14:25:00,90.0,2026-01-05 13:05:00,216.7,17,multi_observation
SYN-0089,T2D-like,0,SYN-0089-0-27,2026-01-05 14:50:00,2026-01-05 15:55:00,65.0,2026-01-05 15:20:00,221.5,12,multi_observation
SYN-0089,T2D-like,0,SYN-0089-0-28,2026-01-05 17:50:00,2026-01-05 19:10:00,80.0,2026-01-05 18:25:00,203.8,15,multi_observation
SYN-0089,T2D-like,0,SYN-0089-0-29,2026-01-05 21:45:00,2026-01-05 21:45:00,0.0,2026-01-05 21:45:00,186.3,1,single_observation
SYN-0089,T2D-like,0,SYN-0089-0-30,2026-01-05 22:35:00,2026-01-05 22:35:00,0.0,2026-01-05 22:35:00,180.2,1,single_observation
SYN-0089,T2D-like,0,SYN-0089-0-31,2026-01-06 07:20:00,2026-01-06 11:35:00,255.0,2026-01-06 07:55:00,274.5,50,multi_observation
SYN-0089,T2D-like,0,SYN-0089-0-32,2026-01-06 13:35:00,2026-01-06 16:00:00,145.0,2026-01-06 14:25:00,262.7,30,multi_observation
SYN-0089,T2D-like,0,SYN-0089-0-33,2026-01-06 19:10:00,2026-01-06 19:10:00,0.0,2026-01-06 19:10:00,190.6,1,single_observation
SYN-0089,T2D-like,0,SYN-0089-0-34,2026-01-06 19:35:00,2026-01-06 21:00:00,85.0,2026-01-06 20:10:00,238.9,17,multi_observation
SYN-0089,T2D-like,0,SYN-0089-0-35,2026-01-07 07:40:00,2026-01-07 10:05:00,145.0,2026-01-07 08:35:00,266.0,28,multi_observation
SYN-0089,T2D-like,0,SYN-0089-0-36,2026-01-07 10:25:00,2026-01-07 10:50:00,25.0,2026-01-07 10:25:00,198.4,6,multi_observation
SYN-0089,T2D-like,0,SYN-0089-0-37,2026-01-07 11:25:00,2026-01-07 11:30:00,5.0,2026-01-07 11:25:00,194.5,2,multi_observation
SYN-0089,T2D-like,0,SYN-0089-0-38,2026-01-07 12:40:00,2026-01-07 12:40:00,0.0,2026-01-07 12:40:00,190.3,1,single_observation
SYN-0089,T2D-like,0,SYN-0089-0-39,2026-01-07 13:00:00,2026-01-07 15:50:00,170.0,2026-01-07 13:25:00,400.0,35,multi_observation
SYN-0089,T2D-like,0,SYN-0089-0-40,2026-01-07 19:05:00,2026-01-07 19:45:00,40.0,2026-01-07 19:20:00,225.3,9,multi_observation
SYN-0089,T2D-like,0,SYN-0089-0-41,2026-01-07 20:10:00,2026-01-07 20:55:00,45.0,2026-01-07 20:35:00,210.8,10,multi_observation
SYN-0090,T2D-like,0,SYN-0090-0-0,2026-01-01 08:45:00,2026-01-01 16:00:00,435.0,2026-01-01 09:20:00,350.8,88,multi_observation
SYN-0090,T2D-like,0,SYN-0090-0-1,2026-01-01 19:05:00,2026-01-01 21:00:00,115.0,2026-01-01 19:30:00,235.4,22,multi_observation
SYN-0090,T2D-like,0,SYN-0090-0-2,2026-01-02 06:55:00,2026-01-02 11:15:00,260.0,2026-01-02 07:40:00,364.4,52,multi_observation
SYN-0090,T2D-like,0,SYN-0090-0-3,2026-01-02 11:45:00,2026-01-02 12:00:00,15.0,2026-01-02 11:45:00,183.4,3,multi_observation
SYN-0090,T2D-like,0,SYN-0090-0-4,2026-01-02 12:35:00,2026-01-02 12:35:00,0.0,2026-01-02 12:35:00,180.9,1,single_observation
SYN-0090,T2D-like,0,SYN-0090-0-5,2026-01-02 13:05:00,2026-01-02 16:35:00,210.0,2026-01-02 14:20:00,300.2,41,multi_observation
SYN-0090,T2D-like,0,SYN-0090-0-6,2026-01-02 17:15:00,2026-01-02 17:15:00,0.0,2026-01-02 17:15:00,182.2,1,single_observation
SYN-0090,T2D-like,0,SYN-0090-0-7,2026-01-02 17:35:00,2026-01-02 17:35:00,0.0,2026-01-02 17:35:00,182.6,1,single_observation
SYN-0090,T2D-like,0,SYN-0090-0-8,2026-01-02 18:40:00,2026-01-02 21:15:00,155.0,2026-01-02 19:05:00,316.7,31,multi_observation
SYN-0090,T2D-like,0,SYN-0090-0-9,2026-01-03 08:00:00,2026-01-03 10:35:00,155.0,2026-01-03 08:25:00,245.7,32,multi_observation
SYN-0090,T2D-like,0,SYN-0090-0-10,2026-01-03 11:45:00,2026-01-03 15:20:00,215.0,2026-01-03 12:50:00,298.9,42,multi_observation
SYN-0090,T2D-like,0,SYN-0090-0-11,2026-01-03 19:10:00,2026-01-03 20:55:00,105.0,2026-01-03 19:45:00,259.3,21,multi_observation
SYN-0090,T2D-like,0,SYN-0090-0-12,2026-01-03 21:15:00,2026-01-03 21:15:00,0.0,2026-01-03 21:15:00,182.7,1,single_observation
SYN-0090,T2D-like,0,SYN-0090-0-13,2026-01-04 07:25:00,2026-01-04 11:40:00,255.0,2026-01-04 07:45:00,218.0,49,multi_observation
SYN-0090,T2D-like,0,SYN-0090-0-14,2026-01-04 12:05:00,2026-01-04 15:20:00,195.0,2026-01-04 13:00:00,253.3,39,multi_observation
SYN-0090,T2D-like,0,SYN-0090-0-15,2026-01-04 17:05:00,2026-01-04 17:05:00,0.0,2026-01-04 17:05:00,180.4,1,single_observation
SYN-0090,T2D-like,0,SYN-0090-0-16,2026-01-04 18:35:00,2026-01-04 19:40:00,65.0,2026-01-04 18:55:00,205.5,14,multi_observation
SYN-0090,T2D-like,0,SYN-0090-0-17,2026-01-05 09:15:00,2026-01-05 13:05:00,230.0,2026-01-05 10:00:00,283.5,47,multi_observation
SYN-0090,T2D-like,0,SYN-0090-0-18,2026-01-05 13:25:00,2026-01-05 15:30:00,125.0,2026-01-05 14:05:00,237.9,25,multi_observation
SYN-0090,T2D-like,0,SYN-0090-0-19,2026-01-05 19:35:00,2026-01-05 21:55:00,140.0,2026-01-05 20:15:00,328.2,29,multi_observation
SYN-0090,T2D-like,0,SYN-0090-0-20,2026-01-06 07:30:00,2026-01-06 10:35:00,185.0,2026-01-06 08:05:00,337.0,38,multi_observation
SYN-0090,T2D-like,0,SYN-0090-0-21,2026-01-06 12:05:00,2026-01-06 14:45:00,160.0,2026-01-06 12:55:00,246.9,32,multi_observation
SYN-0090,T2D-like,0,SYN-0090-0-22,2026-01-06 16:00:00,2026-01-06 16:25:00,25.0,2026-01-06 16:15:00,189.7,6,multi_observation
SYN-0090,T2D-like,0,SYN-0090-0-23,2026-01-06 17:00:00,2026-01-06 17:00:00,0.0,2026-01-06 17:00:00,181.5,1,single_observation
SYN-0090,T2D-like,0,SYN-0090-0-24,2026-01-06 19:10:00,2026-01-06 20:50:00,100.0,2026-01-06 19:35:00,210.6,19,multi_observation
SYN-0090,T2D-like,0,SYN-0090-0-25,2026-01-07 08:40:00,2026-01-07 10:45:00,125.0,2026-01-07 09:15:00,254.9,25,multi_observation
SYN-0090,T2D-like,0,SYN-0090-0-26,2026-01-07 11:10:00,2026-01-07 11:15:00,5.0,2026-01-07 11:10:00,181.6,2,multi_observation
SYN-0090,T2D-like,0,SYN-0090-0-27,2026-01-07 11:40:00,2026-01-07 11:40:00,0.0,2026-01-07 11:40:00,184.3,1,single_observation
SYN-0090,T2D-like,0,SYN-0090-0-28,2026-01-07 12:15:00,2026-01-07 12:30:00,15.0,2026-01-07 12:15:00,193.8,4,multi_observation
SYN-0090,T2D-like,0,SYN-0090-0-29,2026-01-07 13:05:00,2026-01-07 15:55:00,170.0,2026-01-07 13:50:00,297.0,35,multi_observation
SYN-0090,T2D-like,0,SYN-0090-0-30,2026-01-07 18:40:00,2026-01-07 20:00:00,80.0,2026-01-07 19:10:00,224.8,17,multi_observation
SYN-0091,T2D-like,0,SYN-0091-0-0,2026-01-01 08:20:00,2026-01-01 09:45:00,85.0,2026-01-01 09:00:00,205.6,18,multi_observation
SYN-0091,T2D-like,0,SYN-0091-0-1,2026-01-01 10:05:00,2026-01-01 10:05:00,0.0,2026-01-01 10:05:00,180.1,1,single_observation
SYN-0091,T2D-like,0,SYN-0091-0-2,2026-01-01 10:45:00,2026-01-01 10:45:00,0.0,2026-01-01 10:45:00,180.7,1,single_observation
SYN-0091,T2D-like,0,SYN-0091-0-3,2026-01-01 13:00:00,2026-01-01 15:30:00,150.0,2026-01-01 13:25:00,333.1,31,multi_observation
SYN-0091,T2D-like,0,SYN-0091-0-4,2026-01-01 19:00:00,2026-01-01 20:45:00,105.0,2026-01-01 19:20:00,237.6,22,multi_observation
SYN-0091,T2D-like,0,SYN-0091-0-5,2026-01-02 08:15:00,2026-01-02 10:30:00,135.0,2026-01-02 08:50:00,261.4,28,multi_observation
SYN-0091,T2D-like,0,SYN-0091-0-6,2026-01-02 12:10:00,2026-01-02 12:15:00,5.0,2026-01-02 12:15:00,182.7,2,multi_observation
SYN-0091,T2D-like,0,SYN-0091-0-7,2026-01-02 13:10:00,2026-01-02 15:50:00,160.0,2026-01-02 13:40:00,371.6,31,multi_observation
SYN-0091,T2D-like,0,SYN-0091-0-8,2026-01-02 19:15:00,2026-01-02 20:30:00,75.0,2026-01-02 19:35:00,235.0,16,multi_observation
SYN-0091,T2D-like,0,SYN-0091-0-9,2026-01-03 07:10:00,2026-01-03 09:45:00,155.0,2026-01-03 07:30:00,231.6,29,multi_observation
SYN-0091,T2D-like,0,SYN-0091-0-10,2026-01-03 11:55:00,2026-01-03 14:25:00,150.0,2026-01-03 12:20:00,234.0,31,multi_observation
SYN-0091,T2D-like,0,SYN-0091-0-11,2026-01-03 19:40:00,2026-01-03 20:40:00,60.0,2026-01-03 20:05:00,224.1,13,multi_observation
SYN-0091,T2D-like,0,SYN-0091-0-12,2026-01-04 07:40:00,2026-01-04 09:20:00,100.0,2026-01-04 08:10:00,219.9,21,multi_observation
SYN-0091,T2D-like,0,SYN-0091-0-13,2026-01-04 13:30:00,2026-01-04 15:25:00,115.0,2026-01-04 14:05:00,253.9,24,multi_observation
SYN-0091,T2D-like,0,SYN-0091-0-14,2026-01-04 19:35:00,2026-01-04 20:15:00,40.0,2026-01-04 19:40:00,188.9,7,multi_observation
SYN-0091,T2D-like,0,SYN-0091-0-15,2026-01-05 07:55:00,2026-01-05 10:15:00,140.0,2026-01-05 08:20:00,277.3,28,multi_observation
SYN-0091,T2D-like,0,SYN-0091-0-16,2026-01-05 11:20:00,2026-01-05 11:30:00,10.0,2026-01-05 11:25:00,185.6,3,multi_observation
SYN-0091,T2D-like,0,SYN-0091-0-17,2026-01-05 12:05:00,2026-01-05 14:40:00,155.0,2026-01-05 12:35:00,335.3,31,multi_observation
SYN-0091,T2D-like,0,SYN-0091-0-18,2026-01-05 19:35:00,2026-01-05 21:25:00,110.0,2026-01-05 20:10:00,273.5,23,multi_observation
SYN-0091,T2D-like,0,SYN-0091-0-19,2026-01-06 07:25:00,2026-01-06 10:00:00,155.0,2026-01-06 07:50:00,292.6,32,multi_observation
SYN-0091,T2D-like,0,SYN-0091-0-20,2026-01-06 10:30:00,2026-01-06 10:45:00,15.0,2026-01-06 10:35:00,188.2,4,multi_observation
SYN-0091,T2D-like,0,SYN-0091-0-21,2026-01-06 12:20:00,2026-01-06 14:50:00,150.0,2026-01-06 13:05:00,272.7,31,multi_observation
SYN-0091,T2D-like,0,SYN-0091-0-22,2026-01-06 17:45:00,2026-01-06 19:40:00,115.0,2026-01-06 18:15:00,254.6,24,multi_observation
SYN-0091,T2D-like,0,SYN-0091-0-23,2026-01-07 08:40:00,2026-01-07 10:55:00,135.0,2026-01-07 09:05:00,246.1,28,multi_observation
SYN-0091,T2D-like,0,SYN-0091-0-24,2026-01-07 13:05:00,2026-01-07 15:35:00,150.0,2026-01-07 13:45:00,288.1,31,multi_observation
SYN-0091,T2D-like,0,SYN-0091-0-25,2026-01-07 19:20:00,2026-01-07 21:05:00,105.0,2026-01-07 19:50:00,293.7,22,multi_observation
SYN-0092,T2D-like,0,SYN-0092-0-0,2026-01-01 08:40:00,2026-01-01 11:40:00,180.0,2026-01-01 09:20:00,231.7,37,multi_observation
SYN-0092,T2D-like,0,SYN-0092-0-1,2026-01-01 12:10:00,2026-01-01 15:00:00,170.0,2026-01-01 12:35:00,261.9,35,multi_observation
SYN-0092,T2D-like,0,SYN-0092-0-2,2026-01-01 18:55:00,2026-01-01 21:05:00,130.0,2026-01-01 19:35:00,241.6,27,multi_observation
SYN-0092,T2D-like,0,SYN-0092-0-3,2026-01-02 07:45:00,2026-01-02 14:30:00,405.0,2026-01-02 08:00:00,248.8,75,multi_observation
SYN-0092,T2D-like,0,SYN-0092-0-4,2026-01-02 16:05:00,2026-01-02 16:35:00,30.0,2026-01-02 16:30:00,183.7,5,multi_observation
SYN-0092,T2D-like,0,SYN-0092-0-5,2026-01-02 19:15:00,2026-01-02 21:40:00,145.0,2026-01-02 19:50:00,303.7,30,multi_observation
SYN-0092,T2D-like,0,SYN-0092-0-6,2026-01-03 07:45:00,2026-01-03 10:55:00,190.0,2026-01-03 08:20:00,308.3,37,multi_observation
SYN-0092,T2D-like,0,SYN-0092-0-7,2026-01-03 11:35:00,2026-01-03 12:20:00,45.0,2026-01-03 12:15:00,190.6,10,multi_observation
SYN-0092,T2D-like,0,SYN-0092-0-8,2026-01-03 13:50:00,2026-01-03 16:40:00,170.0,2026-01-03 14:10:00,335.0,34,multi_observation
SYN-0092,T2D-like,0,SYN-0092-0-9,2026-01-03 19:55:00,2026-01-03 21:45:00,110.0,2026-01-03 20:20:00,269.7,23,multi_observation
SYN-0092,T2D-like,0,SYN-0092-0-10,2026-01-04 07:05:00,2026-01-04 09:55:00,170.0,2026-01-04 07:45:00,332.2,35,multi_observation
SYN-0092,T2D-like,0,SYN-0092-0-11,2026-01-04 10:20:00,2026-01-04 11:00:00,40.0,2026-01-04 10:45:00,187.3,6,multi_observation
SYN-0092,T2D-like,0,SYN-0092-0-12,2026-01-04 12:15:00,2026-01-04 15:10:00,175.0,2026-01-04 12:55:00,397.4,36,multi_observation
SYN-0092,T2D-like,0,SYN-0092-0-13,2026-01-04 15:40:00,2026-01-04 15:40:00,0.0,2026-01-04 15:40:00,182.4,1,single_observation
SYN-0092,T2D-like,0,SYN-0092-0-14,2026-01-04 16:30:00,2026-01-04 16:35:00,5.0,2026-01-04 16:30:00,187.3,2,multi_observation
SYN-0092,T2D-like,0,SYN-0092-0-15,2026-01-04 17:45:00,2026-01-04 17:45:00,0.0,2026-01-04 17:45:00,182.0,1,single_observation
SYN-0092,T2D-like,0,SYN-0092-0-16,2026-01-04 18:10:00,2026-01-04 18:30:00,20.0,2026-01-04 18:25:00,186.8,5,multi_observation
SYN-0092,T2D-like,0,SYN-0092-0-17,2026-01-04 19:30:00,2026-01-04 22:05:00,155.0,2026-01-04 19:50:00,325.2,32,multi_observation
SYN-0092,T2D-like,0,SYN-0092-0-18,2026-01-05 05:50:00,2026-01-05 05:50:00,0.0,2026-01-05 05:50:00,180.3,1,single_observation
SYN-0092,T2D-like,0,SYN-0092-0-19,2026-01-05 08:10:00,2026-01-05 11:00:00,170.0,2026-01-05 08:50:00,354.1,35,multi_observation
SYN-0092,T2D-like,0,SYN-0092-0-20,2026-01-05 11:40:00,2026-01-05 15:05:00,205.0,2026-01-05 12:40:00,301.5,42,multi_observation
SYN-0092,T2D-like,0,SYN-0092-0-21,2026-01-05 16:10:00,2026-01-05 16:10:00,0.0,2026-01-05 16:10:00,183.2,1,single_observation
SYN-0092,T2D-like,0,SYN-0092-0-22,2026-01-05 17:15:00,2026-01-05 17:25:00,10.0,2026-01-05 17:15:00,182.3,3,multi_observation
SYN-0092,T2D-like,0,SYN-0092-0-23,2026-01-05 19:15:00,2026-01-05 21:05:00,110.0,2026-01-05 19:50:00,296.3,23,multi_observation
SYN-0092,T2D-like,0,SYN-0092-0-24,2026-01-06 07:25:00,2026-01-06 10:15:00,170.0,2026-01-06 08:10:00,373.5,35,multi_observation
SYN-0092,T2D-like,0,SYN-0092-0-25,2026-01-06 10:55:00,2026-01-06 10:55:00,0.0,2026-01-06 10:55:00,180.7,1,single_observation
SYN-0092,T2D-like,0,SYN-0092-0-26,2026-01-06 13:25:00,2026-01-06 16:25:00,180.0,2026-01-06 14:00:00,327.9,37,multi_observation
SYN-0092,T2D-like,0,SYN-0092-0-27,2026-01-06 17:40:00,2026-01-06 17:40:00,0.0,2026-01-06 17:40:00,181.6,1,single_observation
SYN-0092,T2D-like,0,SYN-0092-0-28,2026-01-06 19:35:00,2026-01-06 21:25:00,110.0,2026-01-06 20:05:00,310.0,23,multi_observation
SYN-0092,T2D-like,0,SYN-0092-0-29,2026-01-07 05:35:00,2026-01-07 05:35:00,0.0,2026-01-07 05:35:00,180.7,1,single_observation
SYN-0092,T2D-like,0,SYN-0092-0-30,2026-01-07 07:45:00,2026-01-07 12:05:00,260.0,2026-01-07 09:55:00,259.2,50,multi_observation
SYN-0092,T2D-like,0,SYN-0092-0-31,2026-01-07 12:25:00,2026-01-07 15:15:00,170.0,2026-01-07 12:55:00,249.7,35,multi_observation
SYN-0092,T2D-like,0,SYN-0092-0-32,2026-01-07 18:55:00,2026-01-07 20:40:00,105.0,2026-01-07 19:30:00,282.4,22,multi_observation
SYN-0093,T2D-like,0,SYN-0093-0-0,2026-01-01 08:00:00,2026-01-01 10:25:00,145.0,2026-01-01 08:25:00,265.0,29,multi_observation
SYN-0093,T2D-like,0,SYN-0093-0-1,2026-01-01 12:40:00,2026-01-01 15:30:00,170.0,2026-01-01 13:15:00,370.7,35,multi_observation
SYN-0093,T2D-like,0,SYN-0093-0-2,2026-01-02 08:25:00,2026-01-02 09:55:00,90.0,2026-01-02 08:45:00,212.8,19,multi_observation
SYN-0093,T2D-like,0,SYN-0093-0-3,2026-01-02 13:15:00,2026-01-02 15:45:00,150.0,2026-01-02 13:40:00,345.5,31,multi_observation
SYN-0093,T2D-like,0,SYN-0093-0-4,2026-01-02 19:05:00,2026-01-02 21:05:00,120.0,2026-01-02 19:40:00,317.2,25,multi_observation
SYN-0093,T2D-like,0,SYN-0093-0-5,2026-01-03 08:10:00,2026-01-03 10:20:00,130.0,2026-01-03 08:40:00,280.3,27,multi_observation
SYN-0093,T2D-like,0,SYN-0093-0-6,2026-01-03 14:05:00,2026-01-03 15:30:00,85.0,2026-01-03 14:50:00,219.8,18,multi_observation
SYN-0093,T2D-like,0,SYN-0093-0-7,2026-01-03 18:50:00,2026-01-03 19:55:00,65.0,2026-01-03 19:05:00,218.7,14,multi_observation
SYN-0093,T2D-like,0,SYN-0093-0-8,2026-01-04 08:00:00,2026-01-04 09:30:00,90.0,2026-01-04 09:00:00,202.9,19,multi_observation
SYN-0093,T2D-like,0,SYN-0093-0-9,2026-01-04 13:25:00,2026-01-04 15:35:00,130.0,2026-01-04 14:00:00,336.6,27,multi_observation
SYN-0093,T2D-like,0,SYN-0093-0-10,2026-01-04 15:55:00,2026-01-04 16:05:00,10.0,2026-01-04 16:05:00,181.9,2,multi_observation
SYN-0093,T2D-like,0,SYN-0093-0-11,2026-01-04 18:30:00,2026-01-04 19:50:00,80.0,2026-01-04 18:55:00,233.1,17,multi_observation
SYN-0093,T2D-like,0,SYN-0093-0-12,2026-01-05 07:55:00,2026-01-05 09:55:00,120.0,2026-01-05 08:20:00,258.4,25,multi_observation
SYN-0093,T2D-like,0,SYN-0093-0-13,2026-01-05 13:00:00,2026-01-05 15:15:00,135.0,2026-01-05 13:25:00,329.7,28,multi_observation
SYN-0093,T2D-like,0,SYN-0093-0-14,2026-01-05 19:55:00,2026-01-05 21:30:00,95.0,2026-01-05 20:20:00,262.6,20,multi_observation
SYN-0093,T2D-like,0,SYN-0093-0-15,2026-01-06 07:30:00,2026-01-06 10:00:00,150.0,2026-01-06 08:05:00,246.9,29,multi_observation
SYN-0093,T2D-like,0,SYN-0093-0-16,2026-01-06 13:30:00,2026-01-06 15:35:00,125.0,2026-01-06 14:00:00,373.2,26,multi_observation
SYN-0093,T2D-like,0,SYN-0093-0-17,2026-01-06 19:25:00,2026-01-06 20:35:00,70.0,2026-01-06 19:40:00,194.7,15,multi_observation
SYN-0093,T2D-like,0,SYN-0093-0-18,2026-01-07 07:45:00,2026-01-07 10:15:00,150.0,2026-01-07 08:20:00,267.4,30,multi_observation
SYN-0093,T2D-like,0,SYN-0093-0-19,2026-01-07 13:25:00,2026-01-07 15:35:00,130.0,2026-01-07 13:50:00,239.3,26,multi_observation
SYN-0093,T2D-like,0,SYN-0093-0-20,2026-01-07 18:45:00,2026-01-07 20:20:00,95.0,2026-01-07 19:15:00,245.1,19,multi_observation
SYN-0094,T2D-like,0,SYN-0094-0-0,2026-01-01 04:30:00,2026-01-01 04:30:00,0.0,2026-01-01 04:30:00,181.2,1,single_observation
SYN-0094,T2D-like,0,SYN-0094-0-1,2026-01-01 05:30:00,2026-01-01 06:00:00,30.0,2026-01-01 05:50:00,195.2,7,multi_observation
SYN-0094,T2D-like,0,SYN-0094-0-2,2026-01-01 06:55:00,2026-01-01 06:55:00,0.0,2026-01-01 06:55:00,183.1,1,single_observation
SYN-0094,T2D-like,0,SYN-0094-0-3,2026-01-01 08:50:00,2026-01-01 17:00:00,490.0,2026-01-01 09:20:00,382.7,93,multi_observation
SYN-0094,T2D-like,0,SYN-0094-0-4,2026-01-01 18:00:00,2026-01-01 19:35:00,95.0,2026-01-01 18:25:00,282.2,20,multi_observation
SYN-0094,T2D-like,0,SYN-0094-0-5,2026-01-01 22:40:00,2026-01-01 23:00:00,20.0,2026-01-01 22:50:00,194.5,5,multi_observation
SYN-0094,T2D-like,0,SYN-0094-0-6,2026-01-02 05:20:00,2026-01-02 05:40:00,20.0,2026-01-02 05:35:00,188.4,5,multi_observation
SYN-0094,T2D-like,0,SYN-0094-0-7,2026-01-02 08:20:00,2026-01-02 11:50:00,210.0,2026-01-02 09:00:00,274.9,38,multi_observation
SYN-0094,T2D-like,0,SYN-0094-0-8,2026-01-02 12:55:00,2026-01-02 15:20:00,145.0,2026-01-02 13:30:00,290.1,30,multi_observation
SYN-0094,T2D-like,0,SYN-0094-0-9,2026-01-02 15:55:00,2026-01-02 16:05:00,10.0,2026-01-02 16:00:00,187.3,3,multi_observation
SYN-0094,T2D-like,0,SYN-0094-0-10,2026-01-02 17:10:00,2026-01-02 17:20:00,10.0,2026-01-02 17:15:00,192.3,3,multi_observation
SYN-0094,T2D-like,0,SYN-0094-0-11,2026-01-02 18:05:00,2026-01-02 18:15:00,10.0,2026-01-02 18:05:00,187.6,2,multi_observation
SYN-0094,T2D-like,0,SYN-0094-0-12,2026-01-02 18:45:00,2026-01-02 20:50:00,125.0,2026-01-02 19:10:00,320.8,26,multi_observation
SYN-0094,T2D-like,0,SYN-0094-0-13,2026-01-03 07:30:00,2026-01-03 07:40:00,10.0,2026-01-03 07:30:00,184.2,3,multi_observation
SYN-0094,T2D-like,0,SYN-0094-0-14,2026-01-03 08:00:00,2026-01-03 16:40:00,520.0,2026-01-03 09:10:00,375.7,102,multi_observation
SYN-0094,T2D-like,0,SYN-0094-0-15,2026-01-03 18:20:00,2026-01-03 20:45:00,145.0,2026-01-03 19:05:00,353.9,30,multi_observation
SYN-0094,T2D-like,0,SYN-0094-0-16,2026-01-04 02:20:00,2026-01-04 02:20:00,0.0,2026-01-04 02:20:00,180.7,1,single_observation
SYN-0094,T2D-like,0,SYN-0094-0-17,2026-01-04 04:00:00,2026-01-04 04:00:00,0.0,2026-01-04 04:00:00,188.7,1,single_observation
SYN-0094,T2D-like,0,SYN-0094-0-18,2026-01-04 04:40:00,2026-01-04 04:50:00,10.0,2026-01-04 04:50:00,189.3,3,multi_observation
SYN-0094,T2D-like,0,SYN-0094-0-19,2026-01-04 05:35:00,2026-01-04 05:35:00,0.0,2026-01-04 05:35:00,181.9,1,single_observation
SYN-0094,T2D-like,0,SYN-0094-0-20,2026-01-04 06:50:00,2026-01-04 07:00:00,10.0,2026-01-04 07:00:00,182.6,2,multi_observation
SYN-0094,T2D-like,0,SYN-0094-0-21,2026-01-04 08:00:00,2026-01-04 11:05:00,185.0,2026-01-04 08:50:00,265.9,37,multi_observation
SYN-0094,T2D-like,0,SYN-0094-0-22,2026-01-04 11:45:00,2026-01-04 11:45:00,0.0,2026-01-04 11:45:00,183.5,1,single_observation
SYN-0094,T2D-like,0,SYN-0094-0-23,2026-01-04 12:05:00,2026-01-04 16:25:00,260.0,2026-01-04 13:55:00,293.8,52,multi_observation
SYN-0094,T2D-like,0,SYN-0094-0-24,2026-01-04 17:35:00,2026-01-04 17:45:00,10.0,2026-01-04 17:40:00,195.3,3,multi_observation
SYN-0094,T2D-like,0,SYN-0094-0-25,2026-01-04 19:15:00,2026-01-04 21:35:00,140.0,2026-01-04 19:40:00,332.2,29,multi_observation
SYN-0094,T2D-like,0,SYN-0094-0-26,2026-01-05 07:35:00,2026-01-05 07:35:00,0.0,2026-01-05 07:35:00,181.3,1,single_observation
SYN-0094,T2D-like,0,SYN-0094-0-27,2026-01-05 08:45:00,2026-01-05 15:30:00,405.0,2026-01-05 09:25:00,311.1,78,multi_observation
SYN-0094,T2D-like,0,SYN-0094-0-28,2026-01-05 15:50:00,2026-01-05 16:10:00,20.0,2026-01-05 15:50:00,182.3,3,multi_observation
SYN-0094,T2D-like,0,SYN-0094-0-29,2026-01-05 19:00:00,2026-01-05 20:20:00,80.0,2026-01-05 19:25:00,260.1,17,multi_observation
SYN-0094,T2D-like,0,SYN-0094-0-30,2026-01-06 02:55:00,2026-01-06 02:55:00,0.0,2026-01-06 02:55:00,180.2,1,single_observation
SYN-0094,T2D-like,0,SYN-0094-0-31,2026-01-06 04:10:00,2026-01-06 04:10:00,0.0,2026-01-06 04:10:00,180.6,1,single_observation
SYN-0094,T2D-like,0,SYN-0094-0-32,2026-01-06 05:40:00,2026-01-06 05:40:00,0.0,2026-01-06 05:40:00,180.3,1,single_observation
SYN-0094,T2D-like,0,SYN-0094-0-33,2026-01-06 07:40:00,2026-01-06 07:40:00,0.0,2026-01-06 07:40:00,181.9,1,single_observation
SYN-0094,T2D-like,0,SYN-0094-0-34,2026-01-06 09:05:00,2026-01-06 16:00:00,415.0,2026-01-06 13:20:00,362.3,84,multi_observation
SYN-0094,T2D-like,0,SYN-0094-0-35,2026-01-06 17:55:00,2026-01-06 18:05:00,10.0,2026-01-06 18:05:00,185.6,3,multi_observation
SYN-0094,T2D-like,0,SYN-0094-0-36,2026-01-06 18:30:00,2026-01-06 18:30:00,0.0,2026-01-06 18:30:00,180.6,1,single_observation
SYN-0094,T2D-like,0,SYN-0094-0-37,2026-01-06 19:45:00,2026-01-06 21:50:00,125.0,2026-01-06 20:30:00,339.7,26,multi_observation
SYN-0094,T2D-like,0,SYN-0094-0-38,2026-01-07 05:55:00,2026-01-07 06:25:00,30.0,2026-01-07 05:55:00,187.0,5,multi_observation
SYN-0094,T2D-like,0,SYN-0094-0-39,2026-01-07 06:45:00,2026-01-07 06:45:00,0.0,2026-01-07 06:45:00,183.8,1,single_observation
SYN-0094,T2D-like,0,SYN-0094-0-40,2026-01-07 07:35:00,2026-01-07 07:40:00,5.0,2026-01-07 07:35:00,183.9,2,multi_observation
SYN-0094,T2D-like,0,SYN-0094-0-41,2026-01-07 08:25:00,2026-01-07 12:35:00,250.0,2026-01-07 09:15:00,244.7,47,multi_observation
SYN-0094,T2D-like,0,SYN-0094-0-42,2026-01-07 12:55:00,2026-01-07 13:20:00,25.0,2026-01-07 13:10:00,193.7,5,multi_observation
SYN-0094,T2D-like,0,SYN-0094-0-43,2026-01-07 13:50:00,2026-01-07 16:45:00,175.0,2026-01-07 14:30:00,322.6,35,multi_observation
SYN-0094,T2D-like,0,SYN-0094-0-44,2026-01-07 17:40:00,2026-01-07 17:40:00,0.0,2026-01-07 17:40:00,181.9,1,single_observation
SYN-0094,T2D-like,0,SYN-0094-0-45,2026-01-07 19:00:00,2026-01-07 21:15:00,135.0,2026-01-07 19:25:00,330.5,28,multi_observation
SYN-0094,T2D-like,0,SYN-0094-0-46,2026-01-07 22:55:00,2026-01-07 23:10:00,15.0,2026-01-07 23:00:00,187.8,4,multi_observation
SYN-0095,T2D-like,0,SYN-0095-0-0,2026-01-01 08:00:00,2026-01-01 10:20:00,140.0,2026-01-01 08:25:00,291.3,29,multi_observation
SYN-0095,T2D-like,0,SYN-0095-0-1,2026-01-01 14:10:00,2026-01-01 16:05:00,115.0,2026-01-01 14:45:00,280.8,23,multi_observation
SYN-0095,T2D-like,0,SYN-0095-0-2,2026-01-01 20:05:00,2026-01-01 21:05:00,60.0,2026-01-01 20:20:00,235.6,13,multi_observation
SYN-0095,T2D-like,0,SYN-0095-0-3,2026-01-02 08:25:00,2026-01-02 10:55:00,150.0,2026-01-02 08:45:00,229.0,26,multi_observation
SYN-0095,T2D-like,0,SYN-0095-0-4,2026-01-02 12:40:00,2026-01-02 14:35:00,115.0,2026-01-02 13:05:00,241.8,24,multi_observation
SYN-0095,T2D-like,0,SYN-0095-0-5,2026-01-02 15:10:00,2026-01-02 15:25:00,15.0,2026-01-02 15:10:00,192.8,2,multi_observation
SYN-0095,T2D-like,0,SYN-0095-0-6,2026-01-02 19:35:00,2026-01-02 20:45:00,70.0,2026-01-02 20:05:00,207.6,15,multi_observation
SYN-0095,T2D-like,0,SYN-0095-0-7,2026-01-03 08:35:00,2026-01-03 10:15:00,100.0,2026-01-03 09:25:00,240.7,21,multi_observation
SYN-0095,T2D-like,0,SYN-0095-0-8,2026-01-03 13:00:00,2026-01-03 15:30:00,150.0,2026-01-03 13:30:00,268.5,25,multi_observation
SYN-0095,T2D-like,0,SYN-0095-0-9,2026-01-03 18:45:00,2026-01-03 20:40:00,115.0,2026-01-03 19:20:00,274.5,24,multi_observation
SYN-0095,T2D-like,0,SYN-0095-0-10,2026-01-04 09:25:00,2026-01-04 11:05:00,100.0,2026-01-04 10:10:00,245.0,21,multi_observation
SYN-0095,T2D-like,0,SYN-0095-0-11,2026-01-04 12:55:00,2026-01-04 15:55:00,180.0,2026-01-04 13:15:00,306.0,36,multi_observation
SYN-0095,T2D-like,0,SYN-0095-0-12,2026-01-04 19:20:00,2026-01-04 20:10:00,50.0,2026-01-04 19:40:00,228.6,11,multi_observation
SYN-0095,T2D-like,0,SYN-0095-0-13,2026-01-05 07:50:00,2026-01-05 11:00:00,190.0,2026-01-05 08:05:00,247.2,39,multi_observation
SYN-0095,T2D-like,0,SYN-0095-0-14,2026-01-05 13:00:00,2026-01-05 14:25:00,85.0,2026-01-05 13:20:00,244.5,18,multi_observation
SYN-0095,T2D-like,0,SYN-0095-0-15,2026-01-05 19:40:00,2026-01-05 21:40:00,120.0,2026-01-05 20:15:00,298.5,25,multi_observation
SYN-0095,T2D-like,0,SYN-0095-0-16,2026-01-06 08:30:00,2026-01-06 09:15:00,45.0,2026-01-06 08:50:00,224.2,10,multi_observation
SYN-0095,T2D-like,0,SYN-0095-0-17,2026-01-06 09:40:00,2026-01-06 09:40:00,0.0,2026-01-06 09:40:00,180.8,1,single_observation
SYN-0095,T2D-like,0,SYN-0095-0-18,2026-01-06 12:30:00,2026-01-06 14:30:00,120.0,2026-01-06 13:05:00,285.7,25,multi_observation
SYN-0095,T2D-like,0,SYN-0095-0-19,2026-01-06 18:40:00,2026-01-06 20:15:00,95.0,2026-01-06 19:05:00,295.7,20,multi_observation
SYN-0095,T2D-like,0,SYN-0095-0-20,2026-01-07 08:10:00,2026-01-07 09:45:00,95.0,2026-01-07 08:30:00,241.5,18,multi_observation
SYN-0095,T2D-like,0,SYN-0095-0-21,2026-01-07 10:15:00,2026-01-07 10:25:00,10.0,2026-01-07 10:25:00,185.5,3,multi_observation
SYN-0095,T2D-like,0,SYN-0095-0-22,2026-01-07 14:00:00,2026-01-07 15:20:00,80.0,2026-01-07 14:25:00,225.6,17,multi_observation
SYN-0095,T2D-like,0,SYN-0095-0-23,2026-01-07 15:45:00,2026-01-07 15:45:00,0.0,2026-01-07 15:45:00,180.9,1,single_observation
SYN-0095,T2D-like,0,SYN-0095-0-24,2026-01-07 19:45:00,2026-01-07 20:45:00,60.0,2026-01-07 20:25:00,219.6,11,multi_observation
SYN-0096,T2D-like,0,SYN-0096-0-0,2026-01-01 08:05:00,2026-01-01 11:15:00,190.0,2026-01-01 08:35:00,342.0,37,multi_observation
SYN-0096,T2D-like,0,SYN-0096-0-1,2026-01-01 13:15:00,2026-01-01 15:45:00,150.0,2026-01-01 13:35:00,262.9,30,multi_observation
SYN-0096,T2D-like,0,SYN-0096-0-2,2026-01-01 18:50:00,2026-01-01 20:40:00,110.0,2026-01-01 19:15:00,336.0,23,multi_observation
SYN-0096,T2D-like,0,SYN-0096-0-3,2026-01-02 07:20:00,2026-01-02 08:55:00,95.0,2026-01-02 07:45:00,223.0,17,multi_observation
SYN-0096,T2D-like,0,SYN-0096-0-4,2026-01-02 13:25:00,2026-01-02 15:20:00,115.0,2026-01-02 14:05:00,245.6,21,multi_observation
SYN-0096,T2D-like,0,SYN-0096-0-5,2026-01-02 19:05:00,2026-01-02 20:50:00,105.0,2026-01-02 19:35:00,335.1,22,multi_observation
SYN-0096,T2D-like,0,SYN-0096-0-6,2026-01-03 08:20:00,2026-01-03 09:45:00,85.0,2026-01-03 08:35:00,230.8,18,multi_observation
SYN-0096,T2D-like,0,SYN-0096-0-7,2026-01-03 10:20:00,2026-01-03 10:20:00,0.0,2026-01-03 10:20:00,184.3,1,single_observation
SYN-0096,T2D-like,0,SYN-0096-0-8,2026-01-03 11:55:00,2026-01-03 11:55:00,0.0,2026-01-03 11:55:00,182.6,1,single_observation
SYN-0096,T2D-like,0,SYN-0096-0-9,2026-01-03 13:05:00,2026-01-03 14:45:00,100.0,2026-01-03 13:30:00,284.7,21,multi_observation
SYN-0096,T2D-like,0,SYN-0096-0-10,2026-01-03 19:10:00,2026-01-03 19:30:00,20.0,2026-01-03 19:30:00,184.8,5,multi_observation
SYN-0096,T2D-like,0,SYN-0096-0-11,2026-01-03 19:50:00,2026-01-03 19:50:00,0.0,2026-01-03 19:50:00,184.8,1,single_observation
SYN-0096,T2D-like,0,SYN-0096-0-12,2026-01-04 08:05:00,2026-01-04 09:40:00,95.0,2026-01-04 08:45:00,235.2,20,multi_observation
SYN-0096,T2D-like,0,SYN-0096-0-13,2026-01-04 10:00:00,2026-01-04 10:00:00,0.0,2026-01-04 10:00:00,187.1,1,single_observation
SYN-0096,T2D-like,0,SYN-0096-0-14,2026-01-04 13:10:00,2026-01-04 14:55:00,105.0,2026-01-04 13:40:00,248.7,21,multi_observation
SYN-0096,T2D-like,0,SYN-0096-0-15,2026-01-04 15:40:00,2026-01-04 16:10:00,30.0,2026-01-04 16:05:00,187.6,5,multi_observation
SYN-0096,T2D-like,0,SYN-0096-0-16,2026-01-04 18:10:00,2026-01-04 18:10:00,0.0,2026-01-04 18:10:00,189.6,1,single_observation
SYN-0096,T2D-like,0,SYN-0096-0-17,2026-01-04 19:05:00,2026-01-04 19:15:00,10.0,2026-01-04 19:05:00,188.3,2,multi_observation
SYN-0096,T2D-like,0,SYN-0096-0-18,2026-01-04 20:20:00,2026-01-04 20:35:00,15.0,2026-01-04 20:25:00,199.7,4,multi_observation
SYN-0096,T2D-like,0,SYN-0096-0-19,2026-01-05 08:20:00,2026-01-05 10:20:00,120.0,2026-01-05 09:25:00,240.6,24,multi_observation
SYN-0096,T2D-like,0,SYN-0096-0-20,2026-01-05 10:40:00,2026-01-05 10:45:00,5.0,2026-01-05 10:40:00,189.0,2,multi_observation
SYN-0096,T2D-like,0,SYN-0096-0-21,2026-01-05 12:55:00,2026-01-05 15:10:00,135.0,2026-01-05 13:35:00,319.6,28,multi_observation
SYN-0096,T2D-like,0,SYN-0096-0-22,2026-01-05 19:20:00,2026-01-05 21:15:00,115.0,2026-01-05 19:50:00,315.1,24,multi_observation
SYN-0096,T2D-like,0,SYN-0096-0-23,2026-01-06 07:30:00,2026-01-06 09:10:00,100.0,2026-01-06 08:05:00,246.6,20,multi_observation
SYN-0096,T2D-like,0,SYN-0096-0-24,2026-01-06 11:40:00,2026-01-06 11:40:00,0.0,2026-01-06 11:40:00,185.8,1,single_observation
SYN-0096,T2D-like,0,SYN-0096-0-25,2026-01-06 13:30:00,2026-01-06 14:20:00,50.0,2026-01-06 13:55:00,224.4,11,multi_observation
SYN-0096,T2D-like,0,SYN-0096-0-26,2026-01-06 14:45:00,2026-01-06 15:00:00,15.0,2026-01-06 15:00:00,185.8,3,multi_observation
SYN-0096,T2D-like,0,SYN-0096-0-27,2026-01-06 19:05:00,2026-01-06 19:50:00,45.0,2026-01-06 19:30:00,209.1,10,multi_observation
SYN-0096,T2D-like,0,SYN-0096-0-28,2026-01-07 07:55:00,2026-01-07 09:05:00,70.0,2026-01-07 08:10:00,227.3,15,multi_observation
SYN-0096,T2D-like,0,SYN-0096-0-29,2026-01-07 11:40:00,2026-01-07 14:15:00,155.0,2026-01-07 11:55:00,281.8,32,multi_observation
SYN-0096,T2D-like,0,SYN-0096-0-30,2026-01-07 15:35:00,2026-01-07 15:35:00,0.0,2026-01-07 15:35:00,181.0,1,single_observation
SYN-0096,T2D-like,0,SYN-0096-0-31,2026-01-07 15:55:00,2026-01-07 16:40:00,45.0,2026-01-07 16:40:00,192.2,7,multi_observation
SYN-0096,T2D-like,0,SYN-0096-0-32,2026-01-07 20:00:00,2026-01-07 21:50:00,110.0,2026-01-07 20:40:00,300.7,23,multi_observation
SYN-0097,T2D-like,0,SYN-0097-0-0,2026-01-01 07:45:00,2026-01-01 08:40:00,55.0,2026-01-01 07:55:00,213.4,12,multi_observation
SYN-0097,T2D-like,0,SYN-0097-0-1,2026-01-01 10:45:00,2026-01-01 10:55:00,10.0,2026-01-01 10:45:00,185.4,3,multi_observation
SYN-0097,T2D-like,0,SYN-0097-0-2,2026-01-01 12:55:00,2026-01-01 14:20:00,85.0,2026-01-01 13:45:00,277.7,18,multi_observation
SYN-0097,T2D-like,0,SYN-0097-0-3,2026-01-01 14:40:00,2026-01-01 14:40:00,0.0,2026-01-01 14:40:00,181.9,1,single_observation
SYN-0097,T2D-like,0,SYN-0097-0-4,2026-01-01 19:20:00,2026-01-01 21:10:00,110.0,2026-01-01 19:40:00,300.5,22,multi_observation
SYN-0097,T2D-like,0,SYN-0097-0-5,2026-01-02 07:40:00,2026-01-02 08:50:00,70.0,2026-01-02 08:15:00,203.3,15,multi_observation
SYN-0097,T2D-like,0,SYN-0097-0-6,2026-01-02 12:45:00,2026-01-02 14:40:00,115.0,2026-01-02 13:05:00,286.3,24,multi_observation
SYN-0097,T2D-like,0,SYN-0097-0-7,2026-01-03 07:40:00,2026-01-03 08:45:00,65.0,2026-01-03 08:00:00,233.7,14,multi_observation
SYN-0097,T2D-like,0,SYN-0097-0-8,2026-01-03 13:10:00,2026-01-03 15:25:00,135.0,2026-01-03 13:55:00,316.9,26,multi_observation
SYN-0097,T2D-like,0,SYN-0097-0-9,2026-01-03 18:05:00,2026-01-03 19:30:00,85.0,2026-01-03 18:35:00,267.2,18,multi_observation
SYN-0097,T2D-like,0,SYN-0097-0-10,2026-01-03 19:55:00,2026-01-03 19:55:00,0.0,2026-01-03 19:55:00,180.9,1,single_observation
SYN-0097,T2D-like,0,SYN-0097-0-11,2026-01-04 08:10:00,2026-01-04 10:15:00,125.0,2026-01-04 08:30:00,280.1,26,multi_observation
SYN-0097,T2D-like,0,SYN-0097-0-12,2026-01-04 19:25:00,2026-01-04 20:00:00,35.0,2026-01-04 19:40:00,209.7,8,multi_observation
SYN-0097,T2D-like,0,SYN-0097-0-13,2026-01-05 07:55:00,2026-01-05 10:00:00,125.0,2026-01-05 08:30:00,246.0,24,multi_observation
SYN-0097,T2D-like,0,SYN-0097-0-14,2026-01-05 12:55:00,2026-01-05 13:00:00,5.0,2026-01-05 13:00:00,190.8,2,multi_observation
SYN-0097,T2D-like,0,SYN-0097-0-15,2026-01-05 13:30:00,2026-01-05 13:30:00,0.0,2026-01-05 13:30:00,194.2,1,single_observation
SYN-0097,T2D-like,0,SYN-0097-0-16,2026-01-06 08:15:00,2026-01-06 10:10:00,115.0,2026-01-06 08:55:00,362.2,24,multi_observation
SYN-0097,T2D-like,0,SYN-0097-0-17,2026-01-06 11:55:00,2026-01-06 12:00:00,5.0,2026-01-06 11:55:00,184.2,2,multi_observation
SYN-0097,T2D-like,0,SYN-0097-0-18,2026-01-06 13:45:00,2026-01-06 15:20:00,95.0,2026-01-06 14:05:00,251.9,20,multi_observation
SYN-0097,T2D-like,0,SYN-0097-0-19,2026-01-06 18:50:00,2026-01-06 20:40:00,110.0,2026-01-06 19:25:00,252.3,23,multi_observation
SYN-0097,T2D-like,0,SYN-0097-0-20,2026-01-07 07:35:00,2026-01-07 08:30:00,55.0,2026-01-07 08:20:00,191.9,9,multi_observation
SYN-0097,T2D-like,0,SYN-0097-0-21,2026-01-07 12:40:00,2026-01-07 14:10:00,90.0,2026-01-07 13:15:00,214.9,19,multi_observation
SYN-0098,T2D-like,0,SYN-0098-0-0,2026-01-01 08:00:00,2026-01-01 09:35:00,95.0,2026-01-01 08:25:00,209.1,20,multi_observation
SYN-0098,T2D-like,0,SYN-0098-0-1,2026-01-01 13:45:00,2026-01-01 14:50:00,65.0,2026-01-01 14:05:00,217.4,14,multi_observation
SYN-0098,T2D-like,0,SYN-0098-0-2,2026-01-01 19:45:00,2026-01-01 21:15:00,90.0,2026-01-01 20:20:00,280.2,19,multi_observation
SYN-0098,T2D-like,0,SYN-0098-0-3,2026-01-02 08:15:00,2026-01-02 09:55:00,100.0,2026-01-02 08:20:00,199.9,14,multi_observation
SYN-0098,T2D-like,0,SYN-0098-0-4,2026-01-02 13:00:00,2026-01-02 14:45:00,105.0,2026-01-02 13:35:00,271.2,22,multi_observation
SYN-0098,T2D-like,0,SYN-0098-0-5,2026-01-02 15:10:00,2026-01-02 15:10:00,0.0,2026-01-02 15:10:00,181.9,1,single_observation
SYN-0098,T2D-like,0,SYN-0098-0-6,2026-01-02 18:45:00,2026-01-02 20:20:00,95.0,2026-01-02 19:30:00,290.6,20,multi_observation
SYN-0098,T2D-like,0,SYN-0098-0-7,2026-01-03 07:45:00,2026-01-03 09:30:00,105.0,2026-01-03 08:10:00,229.1,22,multi_observation
SYN-0098,T2D-like,0,SYN-0098-0-8,2026-01-03 09:50:00,2026-01-03 09:55:00,5.0,2026-01-03 09:50:00,187.8,2,multi_observation
SYN-0098,T2D-like,0,SYN-0098-0-9,2026-01-03 13:05:00,2026-01-03 13:50:00,45.0,2026-01-03 13:15:00,232.3,10,multi_observation
SYN-0098,T2D-like,0,SYN-0098-0-10,2026-01-03 18:40:00,2026-01-03 20:05:00,85.0,2026-01-03 19:00:00,222.5,18,multi_observation
SYN-0098,T2D-like,0,SYN-0098-0-11,2026-01-04 02:50:00,2026-01-04 02:55:00,5.0,2026-01-04 02:55:00,183.9,2,multi_observation
SYN-0098,T2D-like,0,SYN-0098-0-12,2026-01-04 08:20:00,2026-01-04 10:20:00,120.0,2026-01-04 08:45:00,295.3,25,multi_observation
SYN-0098,T2D-like,0,SYN-0098-0-13,2026-01-04 12:25:00,2026-01-04 14:10:00,105.0,2026-01-04 12:40:00,209.8,22,multi_observation
SYN-0098,T2D-like,0,SYN-0098-0-14,2026-01-04 18:50:00,2026-01-04 20:35:00,105.0,2026-01-04 19:10:00,257.7,22,multi_observation
SYN-0098,T2D-like,0,SYN-0098-0-15,2026-01-05 07:50:00,2026-01-05 08:45:00,55.0,2026-01-05 08:20:00,192.9,9,multi_observation
SYN-0098,T2D-like,0,SYN-0098-0-16,2026-01-05 09:10:00,2026-01-05 09:20:00,10.0,2026-01-05 09:15:00,196.7,3,multi_observation
SYN-0098,T2D-like,0,SYN-0098-0-17,2026-01-05 11:30:00,2026-01-05 11:40:00,10.0,2026-01-05 11:40:00,184.1,3,multi_observation
SYN-0098,T2D-like,0,SYN-0098-0-18,2026-01-05 12:30:00,2026-01-05 13:15:00,45.0,2026-01-05 13:05:00,213.2,10,multi_observation
SYN-0098,T2D-like,0,SYN-0098-0-19,2026-01-05 14:05:00,2026-01-05 14:20:00,15.0,2026-01-05 14:05:00,185.4,2,multi_observation
SYN-0098,T2D-like,0,SYN-0098-0-20,2026-01-05 18:45:00,2026-01-05 20:00:00,75.0,2026-01-05 19:10:00,225.7,15,multi_observation
SYN-0098,T2D-like,0,SYN-0098-0-21,2026-01-06 08:55:00,2026-01-06 09:55:00,60.0,2026-01-06 09:45:00,201.8,9,multi_observation
SYN-0098,T2D-like,0,SYN-0098-0-22,2026-01-06 11:45:00,2026-01-06 13:55:00,130.0,2026-01-06 12:25:00,216.9,26,multi_observation
SYN-0098,T2D-like,0,SYN-0098-0-23,2026-01-06 19:30:00,2026-01-06 21:15:00,105.0,2026-01-06 19:50:00,296.3,22,multi_observation
SYN-0098,T2D-like,0,SYN-0098-0-24,2026-01-07 07:25:00,2026-01-07 09:35:00,130.0,2026-01-07 07:50:00,332.1,27,multi_observation
SYN-0098,T2D-like,0,SYN-0098-0-25,2026-01-07 13:00:00,2026-01-07 14:00:00,60.0,2026-01-07 13:25:00,207.3,13,multi_observation
SYN-0098,T2D-like,0,SYN-0098-0-26,2026-01-07 19:20:00,2026-01-07 21:25:00,125.0,2026-01-07 20:05:00,351.7,26,multi_observation
SYN-0099,T2D-like,0,SYN-0099-0-0,2026-01-01 06:45:00,2026-01-01 06:45:00,0.0,2026-01-01 06:45:00,182.2,1,single_observation
SYN-0099,T2D-like,0,SYN-0099-0-1,2026-01-01 08:30:00,2026-01-01 11:15:00,165.0,2026-01-01 09:10:00,331.4,30,multi_observation
SYN-0099,T2D-like,0,SYN-0099-0-2,2026-01-01 13:00:00,2026-01-01 15:25:00,145.0,2026-01-01 13:30:00,235.9,26,multi_observation
SYN-0099,T2D-like,0,SYN-0099-0-3,2026-01-01 16:15:00,2026-01-01 16:25:00,10.0,2026-01-01 16:20:00,185.6,3,multi_observation
SYN-0099,T2D-like,0,SYN-0099-0-4,2026-01-01 16:50:00,2026-01-01 17:05:00,15.0,2026-01-01 16:50:00,186.7,3,multi_observation
SYN-0099,T2D-like,0,SYN-0099-0-5,2026-01-01 18:30:00,2026-01-01 18:40:00,10.0,2026-01-01 18:30:00,188.3,3,multi_observation
SYN-0099,T2D-like,0,SYN-0099-0-6,2026-01-01 19:15:00,2026-01-01 21:55:00,160.0,2026-01-01 19:40:00,326.0,32,multi_observation
SYN-0099,T2D-like,0,SYN-0099-0-7,2026-01-02 05:00:00,2026-01-02 05:00:00,0.0,2026-01-02 05:00:00,183.9,1,single_observation
SYN-0099,T2D-like,0,SYN-0099-0-8,2026-01-02 05:55:00,2026-01-02 06:35:00,40.0,2026-01-02 05:55:00,198.0,9,multi_observation
SYN-0099,T2D-like,0,SYN-0099-0-9,2026-01-02 07:25:00,2026-01-02 10:00:00,155.0,2026-01-02 08:10:00,336.4,32,multi_observation
SYN-0099,T2D-like,0,SYN-0099-0-10,2026-01-02 13:50:00,2026-01-02 15:30:00,100.0,2026-01-02 14:25:00,264.1,21,multi_observation
SYN-0099,T2D-like,0,SYN-0099-0-11,2026-01-02 15:50:00,2026-01-02 16:30:00,40.0,2026-01-02 15:55:00,188.0,7,multi_observation
SYN-0099,T2D-like,0,SYN-0099-0-12,2026-01-02 17:00:00,2026-01-02 17:00:00,0.0,2026-01-02 17:00:00,180.6,1,single_observation
SYN-0099,T2D-like,0,SYN-0099-0-13,2026-01-02 19:30:00,2026-01-02 22:05:00,155.0,2026-01-02 20:05:00,336.9,31,multi_observation
SYN-0099,T2D-like,0,SYN-0099-0-14,2026-01-03 07:05:00,2026-01-03 07:05:00,0.0,2026-01-03 07:05:00,193.0,1,single_observation
SYN-0099,T2D-like,0,SYN-0099-0-15,2026-01-03 08:30:00,2026-01-03 10:55:00,145.0,2026-01-03 09:05:00,280.3,30,multi_observation
SYN-0099,T2D-like,0,SYN-0099-0-16,2026-01-03 11:15:00,2026-01-03 11:25:00,10.0,2026-01-03 11:25:00,186.6,2,multi_observation
SYN-0099,T2D-like,0,SYN-0099-0-17,2026-01-03 12:25:00,2026-01-03 14:50:00,145.0,2026-01-03 13:05:00,317.5,29,multi_observation
SYN-0099,T2D-like,0,SYN-0099-0-18,2026-01-03 17:10:00,2026-01-03 17:10:00,0.0,2026-01-03 17:10:00,181.5,1,single_observation
SYN-0099,T2D-like,0,SYN-0099-0-19,2026-01-03 18:55:00,2026-01-03 22:10:00,195.0,2026-01-03 19:25:00,333.5,36,multi_observation
SYN-0099,T2D-like,0,SYN-0099-0-20,2026-01-04 07:20:00,2026-01-04 10:05:00,165.0,2026-01-04 08:00:00,297.4,34,multi_observation
SYN-0099,T2D-like,0,SYN-0099-0-21,2026-01-04 11:45:00,2026-01-04 12:00:00,15.0,2026-01-04 11:50:00,192.0,4,multi_observation
SYN-0099,T2D-like,0,SYN-0099-0-22,2026-01-04 13:45:00,2026-01-04 16:35:00,170.0,2026-01-04 14:10:00,292.6,35,multi_observation
SYN-0099,T2D-like,0,SYN-0099-0-23,2026-01-04 19:05:00,2026-01-04 21:15:00,130.0,2026-01-04 19:40:00,333.2,27,multi_observation
SYN-0099,T2D-like,0,SYN-0099-0-24,2026-01-05 05:50:00,2026-01-05 05:55:00,5.0,2026-01-05 05:55:00,191.8,2,multi_observation
SYN-0099,T2D-like,0,SYN-0099-0-25,2026-01-05 08:10:00,2026-01-05 10:05:00,115.0,2026-01-05 08:30:00,274.6,24,multi_observation
SYN-0099,T2D-like,0,SYN-0099-0-26,2026-01-05 12:40:00,2026-01-05 15:05:00,145.0,2026-01-05 13:20:00,286.3,29,multi_observation
SYN-0099,T2D-like,0,SYN-0099-0-27,2026-01-05 17:35:00,2026-01-05 17:35:00,0.0,2026-01-05 17:35:00,180.3,1,single_observation
SYN-0099,T2D-like,0,SYN-0099-0-28,2026-01-05 18:55:00,2026-01-05 20:55:00,120.0,2026-01-05 19:30:00,306.5,25,multi_observation
SYN-0099,T2D-like,0,SYN-0099-0-29,2026-01-06 02:20:00,2026-01-06 02:40:00,20.0,2026-01-06 02:40:00,183.0,5,multi_observation
SYN-0099,T2D-like,0,SYN-0099-0-30,2026-01-06 07:35:00,2026-01-06 09:45:00,130.0,2026-01-06 07:55:00,251.7,26,multi_observation
SYN-0099,T2D-like,0,SYN-0099-0-31,2026-01-06 12:05:00,2026-01-06 12:05:00,0.0,2026-01-06 12:05:00,181.8,1,single_observation
SYN-0099,T2D-like,0,SYN-0099-0-32,2026-01-06 12:30:00,2026-01-06 15:35:00,185.0,2026-01-06 13:05:00,358.9,38,multi_observation
SYN-0099,T2D-like,0,SYN-0099-0-33,2026-01-06 16:10:00,2026-01-06 16:15:00,5.0,2026-01-06 16:10:00,189.4,2,multi_observation
SYN-0099,T2D-like,0,SYN-0099-0-34,2026-01-06 20:25:00,2026-01-06 22:40:00,135.0,2026-01-06 21:00:00,355.9,28,multi_observation
SYN-0099,T2D-like,0,SYN-0099-0-35,2026-01-07 04:00:00,2026-01-07 04:00:00,0.0,2026-01-07 04:00:00,180.1,1,single_observation
SYN-0099,T2D-like,0,SYN-0099-0-36,2026-01-07 05:05:00,2026-01-07 05:10:00,5.0,2026-01-07 05:10:00,182.6,2,multi_observation
SYN-0099,T2D-like,0,SYN-0099-0-37,2026-01-07 08:45:00,2026-01-07 11:30:00,165.0,2026-01-07 09:10:00,260.2,32,multi_observation
SYN-0099,T2D-like,0,SYN-0099-0-38,2026-01-07 12:25:00,2026-01-07 14:15:00,110.0,2026-01-07 12:45:00,266.0,23,multi_observation
SYN-0099,T2D-like,0,SYN-0099-0-39,2026-01-07 14:45:00,2026-01-07 14:45:00,0.0,2026-01-07 14:45:00,186.1,1,single_observation
SYN-0099,T2D-like,0,SYN-0099-0-40,2026-01-07 16:35:00,2026-01-07 16:40:00,5.0,2026-01-07 16:40:00,186.8,2,multi_observation
SYN-0099,T2D-like,0,SYN-0099-0-41,2026-01-07 19:20:00,2026-01-07 21:10:00,110.0,2026-01-07 19:40:00,238.3,23,multi_observation
SYN-0100,T2D-like,0,SYN-0100-0-0,2026-01-01 07:55:00,2026-01-01 09:55:00,120.0,2026-01-01 08:25:00,305.6,24,multi_observation
SYN-0100,T2D-like,0,SYN-0100-0-1,2026-01-01 12:55:00,2026-01-01 14:50:00,115.0,2026-01-01 13:30:00,308.1,24,multi_observation
SYN-0100,T2D-like,0,SYN-0100-0-2,2026-01-01 15:10:00,2026-01-01 15:10:00,0.0,2026-01-01 15:10:00,184.7,1,single_observation
SYN-0100,T2D-like,0,SYN-0100-0-3,2026-01-01 19:20:00,2026-01-01 21:05:00,105.0,2026-01-01 20:00:00,243.6,22,multi_observation
SYN-0100,T2D-like,0,SYN-0100-0-4,2026-01-02 08:15:00,2026-01-02 10:45:00,150.0,2026-01-02 08:50:00,354.0,30,multi_observation
SYN-0100,T2D-like,0,SYN-0100-0-5,2026-01-02 13:10:00,2026-01-02 15:30:00,140.0,2026-01-02 13:40:00,297.7,28,multi_observation
SYN-0100,T2D-like,0,SYN-0100-0-6,2026-01-02 19:05:00,2026-01-02 20:55:00,110.0,2026-01-02 19:30:00,245.2,22,multi_observation
SYN-0100,T2D-like,0,SYN-0100-0-7,2026-01-03 08:45:00,2026-01-03 10:10:00,85.0,2026-01-03 09:00:00,256.4,17,multi_observation
SYN-0100,T2D-like,0,SYN-0100-0-8,2026-01-03 14:10:00,2026-01-03 15:35:00,85.0,2026-01-03 15:00:00,251.1,18,multi_observation
SYN-0100,T2D-like,0,SYN-0100-0-9,2026-01-03 19:25:00,2026-01-03 21:25:00,120.0,2026-01-03 19:50:00,313.1,25,multi_observation
SYN-0100,T2D-like,0,SYN-0100-0-10,2026-01-04 07:45:00,2026-01-04 08:05:00,20.0,2026-01-04 07:50:00,196.8,5,multi_observation
SYN-0100,T2D-like,0,SYN-0100-0-11,2026-01-04 08:40:00,2026-01-04 08:40:00,0.0,2026-01-04 08:40:00,184.1,1,single_observation
SYN-0100,T2D-like,0,SYN-0100-0-12,2026-01-04 13:05:00,2026-01-04 14:55:00,110.0,2026-01-04 13:45:00,260.7,23,multi_observation
SYN-0100,T2D-like,0,SYN-0100-0-13,2026-01-04 19:35:00,2026-01-04 21:15:00,100.0,2026-01-04 20:10:00,298.2,21,multi_observation
SYN-0100,T2D-like,0,SYN-0100-0-14,2026-01-04 21:40:00,2026-01-04 21:40:00,0.0,2026-01-04 21:40:00,180.2,1,single_observation
SYN-0100,T2D-like,0,SYN-0100-0-15,2026-01-05 07:55:00,2026-01-05 10:00:00,125.0,2026-01-05 08:20:00,249.4,23,multi_observation
SYN-0100,T2D-like,0,SYN-0100-0-16,2026-01-05 15:20:00,2026-01-05 16:55:00,95.0,2026-01-05 15:40:00,244.9,19,multi_observation
SYN-0100,T2D-like,0,SYN-0100-0-17,2026-01-05 19:40:00,2026-01-05 20:55:00,75.0,2026-01-05 20:05:00,245.6,16,multi_observation
SYN-0100,T2D-like,0,SYN-0100-0-18,2026-01-06 08:45:00,2026-01-06 10:35:00,110.0,2026-01-06 09:35:00,274.4,23,multi_observation
SYN-0100,T2D-like,0,SYN-0100-0-19,2026-01-06 12:55:00,2026-01-06 14:25:00,90.0,2026-01-06 13:15:00,240.9,18,multi_observation
SYN-0100,T2D-like,0,SYN-0100-0-20,2026-01-06 18:50:00,2026-01-06 20:40:00,110.0,2026-01-06 19:20:00,311.6,23,multi_observation
SYN-0100,T2D-like,0,SYN-0100-0-21,2026-01-07 08:45:00,2026-01-07 10:10:00,85.0,2026-01-07 09:05:00,245.0,18,multi_observation
SYN-0100,T2D-like,0,SYN-0100-0-22,2026-01-07 13:00:00,2026-01-07 15:00:00,120.0,2026-01-07 13:40:00,294.6,25,multi_observation
SYN-0100,T2D-like,0,SYN-0100-0-23,2026-01-07 19:45:00,2026-01-07 20:45:00,60.0,2026-01-07 20:10:00,235.4,13,multi_observation
