person_id,event_timestamp,event_type,event_magnitude,event_duration_parameter,meal_number
SYN-0001,2026-01-01 07:49:00,meal_disturbance,38.525,0.06584,1
SYN-0001,2026-01-01 12:19:00,meal_disturbance,36.117,0.06584,2
SYN-0001,2026-01-01 19:07:00,meal_disturbance,34.443,0.06584,3
SYN-0001,2026-01-02 07:49:00,meal_disturbance,31.176,0.06584,1
SYN-0001,2026-01-02 13:08:00,meal_disturbance,30.493,0.06584,2
SYN-0001,2026-01-02 18:24:00,meal_disturbance,40.375,0.06584,3
SYN-0001,2026-01-03 08:03:00,meal_disturbance,38.031,0.06584,1
SYN-0001,2026-01-03 13:23:00,meal_disturbance,36.813,0.06584,2
SYN-0001,2026-01-03 18:26:00,meal_disturbance,39.911,0.06584,3
SYN-0001,2026-01-04 07:18:00,meal_disturbance,29.3,0.06584,1
SYN-0001,2026-01-04 12:53:00,meal_disturbance,24.719,0.06584,2
SYN-0001,2026-01-04 19:01:00,meal_disturbance,38.319,0.06584,3
SYN-0001,2026-01-05 08:43:00,meal_disturbance,43.868,0.06584,1
SYN-0001,2026-01-05 13:29:00,meal_disturbance,31.669,0.06584,2
SYN-0001,2026-01-05 20:29:00,meal_disturbance,36.368,0.06584,3
SYN-0001,2026-01-06 08:44:00,meal_disturbance,34.182,0.06584,1
SYN-0001,2026-01-06 13:07:00,meal_disturbance,46.595,0.06584,2
SYN-0001,2026-01-06 19:16:00,meal_disturbance,29.312,0.06584,3
SYN-0001,2026-01-07 09:13:00,meal_disturbance,42.735,0.06584,1
SYN-0001,2026-01-07 12:17:00,meal_disturbance,29.646,0.06584,2
SYN-0001,2026-01-07 17:55:00,meal_disturbance,28.287,0.06584,3
SYN-0002,2026-01-01 07:51:00,meal_disturbance,44.548,0.06557,1
SYN-0002,2026-01-01 12:57:00,meal_disturbance,55.657,0.06557,2
SYN-0002,2026-01-01 19:12:00,meal_disturbance,43.577,0.06557,3
SYN-0002,2026-01-02 07:21:00,meal_disturbance,39.865,0.06557,1
SYN-0002,2026-01-02 12:35:00,meal_disturbance,47.615,0.06557,2
SYN-0002,2026-01-02 19:05:00,meal_disturbance,34.603,0.06557,3
SYN-0002,2026-01-03 07:49:00,meal_disturbance,39.503,0.06557,1
SYN-0002,2026-01-03 12:38:00,meal_disturbance,41.071,0.06557,2
SYN-0002,2026-01-03 18:33:00,meal_disturbance,50.243,0.06557,3
SYN-0002,2026-01-04 07:43:00,meal_disturbance,42.957,0.06557,1
SYN-0002,2026-01-04 13:00:00,meal_disturbance,36.428,0.06557,2
SYN-0002,2026-01-04 18:24:00,meal_disturbance,49.437,0.06557,3
SYN-0002,2026-01-05 08:21:00,meal_disturbance,47.507,0.06557,1
SYN-0002,2026-01-05 11:56:00,meal_disturbance,32.952,0.06557,2
SYN-0002,2026-01-05 18:56:00,meal_plus_hyperglycemic_excursion,89.102,0.06557,3
SYN-0002,2026-01-06 08:21:00,meal_disturbance,36.36,0.06557,1
SYN-0002,2026-01-06 14:27:00,meal_disturbance,39.63,0.06557,2
SYN-0002,2026-01-06 17:15:00,meal_disturbance,49.263,0.06557,3
SYN-0002,2026-01-07 08:37:00,meal_disturbance,38.876,0.06557,1
SYN-0002,2026-01-07 12:31:00,meal_plus_hyperglycemic_excursion,89.786,0.06557,2
SYN-0002,2026-01-07 19:20:00,meal_disturbance,22.441,0.06557,3
SYN-0003,2026-01-01 07:59:00,meal_disturbance,37.427,0.05573,1
SYN-0003,2026-01-01 12:54:00,meal_disturbance,19.916,0.05573,2
SYN-0003,2026-01-01 19:27:00,meal_disturbance,31.322,0.05573,3
SYN-0003,2026-01-02 07:34:00,meal_disturbance,21.657,0.05573,1
SYN-0003,2026-01-02 13:37:00,meal_disturbance,34.172,0.05573,2
SYN-0003,2026-01-02 18:52:00,meal_disturbance,29.768,0.05573,3
SYN-0003,2026-01-03 08:13:00,meal_disturbance,29.283,0.05573,1
SYN-0003,2026-01-03 13:04:00,meal_disturbance,40.458,0.05573,2
SYN-0003,2026-01-03 19:36:00,meal_disturbance,26.479,0.05573,3
SYN-0003,2026-01-04 07:13:00,meal_disturbance,28.708,0.05573,1
SYN-0003,2026-01-04 12:31:00,meal_disturbance,30.188,0.05573,2
SYN-0003,2026-01-04 18:17:00,meal_disturbance,28.009,0.05573,3
SYN-0003,2026-01-05 08:20:00,meal_disturbance,28.352,0.05573,1
SYN-0003,2026-01-05 13:16:00,meal_disturbance,27.91,0.05573,2
SYN-0003,2026-01-05 19:24:00,meal_disturbance,39.26,0.05573,3
SYN-0003,2026-01-06 07:33:00,meal_disturbance,30.076,0.05573,1
SYN-0003,2026-01-06 13:09:00,meal_disturbance,22.62,0.05573,2
SYN-0003,2026-01-06 19:44:00,meal_disturbance,26.293,0.05573,3
SYN-0003,2026-01-07 07:18:00,meal_disturbance,44.563,0.05573,1
SYN-0003,2026-01-07 13:30:00,meal_disturbance,27.18,0.05573,2
SYN-0003,2026-01-07 18:13:00,meal_disturbance,34.126,0.05573,3
SYN-0004,2026-01-01 08:13:00,meal_disturbance,24.783,0.05519,1
SYN-0004,2026-01-01 13:07:00,meal_disturbance,26.123,0.05519,2
SYN-0004,2026-01-01 20:45:00,meal_disturbance,32.928,0.05519,3
SYN-0004,2026-01-02 06:25:00,meal_disturbance,26.159,0.05519,1
SYN-0004,2026-01-02 13:07:00,meal_disturbance,23.641,0.05519,2
SYN-0004,2026-01-02 18:44:00,meal_disturbance,27.061,0.05519,3
SYN-0004,2026-01-03 07:33:00,meal_disturbance,24.739,0.05519,1
SYN-0004,2026-01-03 13:05:00,meal_disturbance,31.285,0.05519,2
SYN-0004,2026-01-03 19:36:00,meal_disturbance,23.499,0.05519,3
SYN-0004,2026-01-04 08:43:00,meal_disturbance,30.051,0.05519,1
SYN-0004,2026-01-04 12:20:00,meal_disturbance,18.056,0.05519,2
SYN-0004,2026-01-04 18:14:00,meal_disturbance,23.416,0.05519,3
SYN-0004,2026-01-05 08:41:00,meal_disturbance,19.456,0.05519,1
SYN-0004,2026-01-05 13:08:00,meal_disturbance,22.834,0.05519,2
SYN-0004,2026-01-05 19:08:00,meal_disturbance,24.993,0.05519,3
SYN-0004,2026-01-06 07:58:00,meal_disturbance,19.972,0.05519,1
SYN-0004,2026-01-06 13:14:00,meal_disturbance,32.535,0.05519,2
SYN-0004,2026-01-06 19:15:00,meal_disturbance,30.181,0.05519,3
SYN-0004,2026-01-07 08:00:00,meal_disturbance,21.293,0.05519,1
SYN-0004,2026-01-07 12:51:00,meal_disturbance,17.889,0.05519,2
SYN-0004,2026-01-07 18:55:00,meal_disturbance,25.333,0.05519,3
SYN-0005,2026-01-01 07:54:00,meal_disturbance,35.898,0.05694,1
SYN-0005,2026-01-01 13:01:00,meal_disturbance,40.489,0.05694,2
SYN-0005,2026-01-01 19:55:00,meal_disturbance,28.645,0.05694,3
SYN-0005,2026-01-02 06:47:00,meal_disturbance,33.601,0.05694,1
SYN-0005,2026-01-02 14:22:00,meal_disturbance,18.005,0.05694,2
SYN-0005,2026-01-02 18:58:00,meal_disturbance,27.408,0.05694,3
SYN-0005,2026-01-03 07:48:00,meal_disturbance,26.108,0.05694,1
SYN-0005,2026-01-03 12:14:00,meal_disturbance,25.111,0.05694,2
SYN-0005,2026-01-03 19:11:00,meal_disturbance,38.79,0.05694,3
SYN-0005,2026-01-04 07:42:00,meal_disturbance,31.204,0.05694,1
SYN-0005,2026-01-04 12:08:00,meal_disturbance,36.163,0.05694,2
SYN-0005,2026-01-04 18:40:00,meal_disturbance,39.091,0.05694,3
SYN-0005,2026-01-05 08:32:00,meal_disturbance,42.726,0.05694,1
SYN-0005,2026-01-05 12:49:00,meal_disturbance,38.35,0.05694,2
SYN-0005,2026-01-05 18:43:00,meal_disturbance,21.513,0.05694,3
SYN-0005,2026-01-06 08:01:00,meal_disturbance,34.722,0.05694,1
SYN-0005,2026-01-06 14:04:00,meal_disturbance,38.483,0.05694,2
SYN-0005,2026-01-06 17:31:00,meal_disturbance,31.893,0.05694,3
SYN-0005,2026-01-07 07:30:00,meal_disturbance,28.845,0.05694,1
SYN-0005,2026-01-07 12:51:00,meal_disturbance,39.881,0.05694,2
SYN-0005,2026-01-07 17:43:00,meal_disturbance,29.314,0.05694,3
SYN-0006,2026-01-01 09:08:00,meal_disturbance,41.249,0.05199,1
SYN-0006,2026-01-01 13:49:00,meal_disturbance,36.327,0.05199,2
SYN-0006,2026-01-01 19:47:00,meal_disturbance,26.142,0.05199,3
SYN-0006,2026-01-02 08:21:00,meal_plus_hyperglycemic_excursion,67.143,0.05199,1
SYN-0006,2026-01-02 13:58:00,meal_plus_hyperglycemic_excursion,64.597,0.05199,2
SYN-0006,2026-01-02 18:55:00,meal_disturbance,30.008,0.05199,3
SYN-0006,2026-01-03 09:03:00,meal_disturbance,38.374,0.05199,1
SYN-0006,2026-01-03 13:20:00,meal_disturbance,35.306,0.05199,2
SYN-0006,2026-01-03 18:42:00,meal_disturbance,44.271,0.05199,3
SYN-0006,2026-01-04 08:34:00,meal_disturbance,44.234,0.05199,1
SYN-0006,2026-01-04 13:09:00,meal_disturbance,35.576,0.05199,2
SYN-0006,2026-01-04 19:36:00,meal_disturbance,38.624,0.05199,3
SYN-0006,2026-01-05 07:34:00,meal_disturbance,34.693,0.05199,1
SYN-0006,2026-01-05 12:40:00,meal_disturbance,31.353,0.05199,2
SYN-0006,2026-01-05 19:32:00,meal_disturbance,34.555,0.05199,3
SYN-0006,2026-01-06 07:14:00,meal_disturbance,43.272,0.05199,1
SYN-0006,2026-01-06 13:04:00,meal_disturbance,34.22,0.05199,2
SYN-0006,2026-01-06 18:48:00,meal_disturbance,36.226,0.05199,3
SYN-0006,2026-01-07 08:00:00,meal_disturbance,33.938,0.05199,1
SYN-0006,2026-01-07 12:59:00,meal_disturbance,33.433,0.05199,2
SYN-0006,2026-01-07 20:10:00,meal_disturbance,45.862,0.05199,3
SYN-0007,2026-01-01 07:30:00,meal_disturbance,38.638,0.06388,1
SYN-0007,2026-01-01 12:40:00,meal_disturbance,38.899,0.06388,2
SYN-0007,2026-01-01 18:49:00,meal_disturbance,40.909,0.06388,3
SYN-0007,2026-01-02 08:21:00,meal_disturbance,33.863,0.06388,1
SYN-0007,2026-01-02 12:28:00,meal_disturbance,20.513,0.06388,2
SYN-0007,2026-01-02 18:44:00,meal_disturbance,55.624,0.06388,3
SYN-0007,2026-01-03 07:42:00,meal_disturbance,49.657,0.06388,1
SYN-0007,2026-01-03 12:32:00,meal_disturbance,48.246,0.06388,2
SYN-0007,2026-01-03 19:43:00,meal_disturbance,35.815,0.06388,3
SYN-0007,2026-01-04 08:21:00,meal_disturbance,47.453,0.06388,1
SYN-0007,2026-01-04 12:06:00,meal_disturbance,36.476,0.06388,2
SYN-0007,2026-01-04 19:25:00,meal_disturbance,28.376,0.06388,3
SYN-0007,2026-01-05 08:45:00,meal_disturbance,42.062,0.06388,1
SYN-0007,2026-01-05 13:13:00,meal_disturbance,45.296,0.06388,2
SYN-0007,2026-01-05 19:33:00,meal_disturbance,28.755,0.06388,3
SYN-0007,2026-01-06 07:41:00,meal_disturbance,40.954,0.06388,1
SYN-0007,2026-01-06 12:39:00,meal_disturbance,37.128,0.06388,2
SYN-0007,2026-01-06 18:25:00,meal_disturbance,29.704,0.06388,3
SYN-0007,2026-01-07 07:21:00,meal_plus_hyperglycemic_excursion,60.528,0.06388,1
SYN-0007,2026-01-07 12:57:00,meal_disturbance,43.352,0.06388,2
SYN-0007,2026-01-07 18:33:00,meal_disturbance,37.926,0.06388,3
SYN-0008,2026-01-01 08:22:00,meal_disturbance,18.124,0.0594,1
SYN-0008,2026-01-01 11:55:00,meal_disturbance,22.873,0.0594,2
SYN-0008,2026-01-01 19:35:00,meal_disturbance,26.273,0.0594,3
SYN-0008,2026-01-02 07:28:00,meal_disturbance,26.41,0.0594,1
SYN-0008,2026-01-02 13:08:00,meal_disturbance,28.069,0.0594,2
SYN-0008,2026-01-02 19:42:00,meal_disturbance,21.273,0.0594,3
SYN-0008,2026-01-03 07:40:00,meal_disturbance,26.13,0.0594,1
SYN-0008,2026-01-03 12:39:00,meal_plus_hyperglycemic_excursion,51.398,0.0594,2
SYN-0008,2026-01-03 19:19:00,meal_disturbance,22.392,0.0594,3
SYN-0008,2026-01-04 07:28:00,meal_disturbance,16.621,0.0594,1
SYN-0008,2026-01-04 13:38:00,meal_disturbance,24.187,0.0594,2
SYN-0008,2026-01-04 19:01:00,meal_disturbance,20.899,0.0594,3
SYN-0008,2026-01-05 07:33:00,meal_disturbance,23.324,0.0594,1
SYN-0008,2026-01-05 13:17:00,meal_disturbance,26.155,0.0594,2
SYN-0008,2026-01-05 19:28:00,meal_disturbance,27.995,0.0594,3
SYN-0008,2026-01-06 08:15:00,meal_disturbance,26.678,0.0594,1
SYN-0008,2026-01-06 13:22:00,meal_disturbance,25.514,0.0594,2
SYN-0008,2026-01-06 18:32:00,meal_plus_hyperglycemic_excursion,59.867,0.0594,3
SYN-0008,2026-01-07 08:21:00,meal_disturbance,20.682,0.0594,1
SYN-0008,2026-01-07 12:38:00,meal_disturbance,27.417,0.0594,2
SYN-0008,2026-01-07 18:25:00,meal_disturbance,26.947,0.0594,3
SYN-0009,2026-01-01 08:19:00,meal_disturbance,31.686,0.07002,1
SYN-0009,2026-01-01 12:22:00,meal_disturbance,20.721,0.07002,2
SYN-0009,2026-01-01 17:53:00,meal_disturbance,27.346,0.07002,3
SYN-0009,2026-01-02 08:46:00,meal_disturbance,32.778,0.07002,1
SYN-0009,2026-01-02 12:13:00,meal_disturbance,29.598,0.07002,2
SYN-0009,2026-01-02 19:47:00,meal_disturbance,26.155,0.07002,3
SYN-0009,2026-01-03 08:14:00,meal_disturbance,23.503,0.07002,1
SYN-0009,2026-01-03 12:51:00,meal_disturbance,21.882,0.07002,2
SYN-0009,2026-01-03 18:01:00,meal_disturbance,28.816,0.07002,3
SYN-0009,2026-01-04 07:59:00,meal_disturbance,28.501,0.07002,1
SYN-0009,2026-01-04 11:33:00,meal_disturbance,22.443,0.07002,2
SYN-0009,2026-01-04 18:41:00,meal_disturbance,19.345,0.07002,3
SYN-0009,2026-01-05 07:50:00,meal_disturbance,27.376,0.07002,1
SYN-0009,2026-01-05 12:40:00,meal_disturbance,25.849,0.07002,2
SYN-0009,2026-01-05 19:02:00,meal_disturbance,33.762,0.07002,3
SYN-0009,2026-01-06 08:30:00,meal_disturbance,21.182,0.07002,1
SYN-0009,2026-01-06 13:24:00,meal_disturbance,31.816,0.07002,2
SYN-0009,2026-01-06 19:34:00,meal_disturbance,17.825,0.07002,3
SYN-0009,2026-01-07 08:16:00,meal_disturbance,31.368,0.07002,1
SYN-0009,2026-01-07 13:30:00,meal_disturbance,36.458,0.07002,2
SYN-0009,2026-01-07 18:47:00,meal_disturbance,15.057,0.07002,3
SYN-0010,2026-01-01 08:43:00,meal_disturbance,20.335,0.05194,1
SYN-0010,2026-01-01 12:39:00,meal_plus_hyperglycemic_excursion,41.723,0.05194,2
SYN-0010,2026-01-01 18:16:00,meal_disturbance,20.88,0.05194,3
SYN-0010,2026-01-02 07:35:00,meal_disturbance,25.84,0.05194,1
SYN-0010,2026-01-02 12:48:00,meal_disturbance,22.281,0.05194,2
SYN-0010,2026-01-02 19:56:00,meal_disturbance,21.827,0.05194,3
SYN-0010,2026-01-03 08:49:00,meal_disturbance,36.008,0.05194,1
SYN-0010,2026-01-03 12:47:00,meal_disturbance,28.785,0.05194,2
SYN-0010,2026-01-03 18:39:00,meal_plus_hyperglycemic_excursion,49.755,0.05194,3
SYN-0010,2026-01-04 08:17:00,meal_disturbance,15.872,0.05194,1
SYN-0010,2026-01-04 12:40:00,meal_disturbance,21.971,0.05194,2
SYN-0010,2026-01-04 18:56:00,meal_disturbance,26.796,0.05194,3
SYN-0010,2026-01-05 07:02:00,meal_disturbance,31.423,0.05194,1
SYN-0010,2026-01-05 13:02:00,meal_disturbance,29.11,0.05194,2
SYN-0010,2026-01-05 18:42:00,meal_disturbance,28.968,0.05194,3
SYN-0010,2026-01-06 08:39:00,meal_disturbance,23.783,0.05194,1
SYN-0010,2026-01-06 12:17:00,meal_disturbance,30.769,0.05194,2
SYN-0010,2026-01-06 19:27:00,meal_disturbance,24.925,0.05194,3
SYN-0010,2026-01-07 08:33:00,meal_disturbance,34.164,0.05194,1
SYN-0010,2026-01-07 13:36:00,meal_disturbance,22.924,0.05194,2
SYN-0010,2026-01-07 18:58:00,meal_disturbance,32.335,0.05194,3
SYN-0011,2026-01-01 08:45:00,meal_disturbance,45.811,0.06848,1
SYN-0011,2026-01-01 11:59:00,meal_disturbance,27.661,0.06848,2
SYN-0011,2026-01-01 19:26:00,meal_disturbance,47.374,0.06848,3
SYN-0011,2026-01-02 07:14:00,meal_disturbance,41.655,0.06848,1
SYN-0011,2026-01-02 13:08:00,meal_disturbance,34.654,0.06848,2
SYN-0011,2026-01-02 18:52:00,meal_plus_hyperglycemic_excursion,63.214,0.06848,3
SYN-0011,2026-01-03 07:31:00,meal_disturbance,36.818,0.06848,1
SYN-0011,2026-01-03 12:18:00,meal_disturbance,31.847,0.06848,2
SYN-0011,2026-01-03 18:44:00,meal_disturbance,35.577,0.06848,3
SYN-0011,2026-01-04 08:07:00,meal_disturbance,36.771,0.06848,1
SYN-0011,2026-01-04 12:02:00,meal_disturbance,31.012,0.06848,2
SYN-0011,2026-01-04 19:21:00,meal_disturbance,32.996,0.06848,3
SYN-0011,2026-01-05 07:45:00,meal_disturbance,23.227,0.06848,1
SYN-0011,2026-01-05 12:16:00,meal_plus_hyperglycemic_excursion,62.611,0.06848,2
SYN-0011,2026-01-05 19:54:00,meal_disturbance,42.667,0.06848,3
SYN-0011,2026-01-06 08:09:00,meal_disturbance,42.528,0.06848,1
SYN-0011,2026-01-06 11:14:00,meal_disturbance,33.345,0.06848,2
SYN-0011,2026-01-06 19:00:00,meal_disturbance,31.2,0.06848,3
SYN-0011,2026-01-07 07:46:00,meal_disturbance,44.369,0.06848,1
SYN-0011,2026-01-07 13:13:00,meal_disturbance,39.705,0.06848,2
SYN-0011,2026-01-07 19:14:00,meal_disturbance,29.615,0.06848,3
SYN-0012,2026-01-01 08:20:00,meal_disturbance,24.25,0.06926,1
SYN-0012,2026-01-01 12:37:00,meal_disturbance,23.777,0.06926,2
SYN-0012,2026-01-01 18:54:00,meal_disturbance,28.113,0.06926,3
SYN-0012,2026-01-02 06:06:00,meal_disturbance,25.944,0.06926,1
SYN-0012,2026-01-02 13:29:00,meal_disturbance,19.589,0.06926,2
SYN-0012,2026-01-02 18:32:00,meal_disturbance,22.496,0.06926,3
SYN-0012,2026-01-03 07:24:00,meal_disturbance,29.229,0.06926,1
SYN-0012,2026-01-03 12:38:00,meal_disturbance,15.071,0.06926,2
SYN-0012,2026-01-03 18:07:00,meal_disturbance,17.304,0.06926,3
SYN-0012,2026-01-04 07:48:00,meal_disturbance,25.439,0.06926,1
SYN-0012,2026-01-04 11:48:00,meal_disturbance,25.979,0.06926,2
SYN-0012,2026-01-04 19:06:00,meal_disturbance,22.605,0.06926,3
SYN-0012,2026-01-05 07:22:00,meal_disturbance,15.227,0.06926,1
SYN-0012,2026-01-05 12:05:00,meal_disturbance,23.217,0.06926,2
SYN-0012,2026-01-05 18:52:00,meal_disturbance,21.439,0.06926,3
SYN-0012,2026-01-06 08:02:00,meal_disturbance,21.945,0.06926,1
SYN-0012,2026-01-06 13:03:00,meal_disturbance,20.227,0.06926,2
SYN-0012,2026-01-06 19:01:00,meal_disturbance,20.761,0.06926,3
SYN-0012,2026-01-07 09:01:00,meal_disturbance,24.308,0.06926,1
SYN-0012,2026-01-07 13:05:00,meal_disturbance,27.915,0.06926,2
SYN-0012,2026-01-07 19:22:00,meal_disturbance,21.013,0.06926,3
SYN-0013,2026-01-01 08:22:00,meal_disturbance,35.13,0.06821,1
SYN-0013,2026-01-01 12:50:00,meal_disturbance,44.892,0.06821,2
SYN-0013,2026-01-01 18:53:00,meal_disturbance,37.73,0.06821,3
SYN-0013,2026-01-02 07:57:00,meal_disturbance,36.3,0.06821,1
SYN-0013,2026-01-02 13:07:00,meal_disturbance,43.713,0.06821,2
SYN-0013,2026-01-02 19:10:00,meal_disturbance,38.346,0.06821,3
SYN-0013,2026-01-03 07:06:00,meal_disturbance,31.365,0.06821,1
SYN-0013,2026-01-03 13:51:00,meal_plus_hyperglycemic_excursion,59.401,0.06821,2
SYN-0013,2026-01-03 18:31:00,meal_disturbance,29.652,0.06821,3
SYN-0013,2026-01-04 08:18:00,meal_disturbance,44.088,0.06821,1
SYN-0013,2026-01-04 13:22:00,meal_disturbance,33.227,0.06821,2
SYN-0013,2026-01-04 20:07:00,meal_plus_hyperglycemic_excursion,93.183,0.06821,3
SYN-0013,2026-01-05 08:07:00,meal_disturbance,42.597,0.06821,1
SYN-0013,2026-01-05 12:53:00,meal_disturbance,42.971,0.06821,2
SYN-0013,2026-01-05 18:51:00,meal_plus_hyperglycemic_excursion,72.674,0.06821,3
SYN-0013,2026-01-06 07:38:00,meal_disturbance,36.051,0.06821,1
SYN-0013,2026-01-06 12:22:00,meal_disturbance,38.426,0.06821,2
SYN-0013,2026-01-06 18:44:00,meal_disturbance,42.983,0.06821,3
SYN-0013,2026-01-07 07:32:00,meal_disturbance,47.904,0.06821,1
SYN-0013,2026-01-07 13:35:00,meal_disturbance,54.438,0.06821,2
SYN-0013,2026-01-07 19:23:00,meal_disturbance,28.308,0.06821,3
SYN-0014,2026-01-01 07:45:00,meal_disturbance,24.634,0.05952,1
SYN-0014,2026-01-01 12:53:00,meal_disturbance,25.755,0.05952,2
SYN-0014,2026-01-01 18:34:00,meal_disturbance,27.111,0.05952,3
SYN-0014,2026-01-02 08:00:00,meal_disturbance,26.189,0.05952,1
SYN-0014,2026-01-02 13:05:00,meal_plus_hyperglycemic_excursion,61.276,0.05952,2
SYN-0014,2026-01-02 19:37:00,meal_disturbance,27.301,0.05952,3
SYN-0014,2026-01-03 08:25:00,meal_disturbance,24.916,0.05952,1
SYN-0014,2026-01-03 13:21:00,meal_disturbance,35.881,0.05952,2
SYN-0014,2026-01-03 18:18:00,meal_disturbance,24.288,0.05952,3
SYN-0014,2026-01-04 07:38:00,meal_disturbance,27.339,0.05952,1
SYN-0014,2026-01-04 12:58:00,meal_disturbance,19.63,0.05952,2
SYN-0014,2026-01-04 19:11:00,meal_disturbance,23.397,0.05952,3
SYN-0014,2026-01-05 08:13:00,meal_disturbance,23.188,0.05952,1
SYN-0014,2026-01-05 13:24:00,meal_disturbance,14.514,0.05952,2
SYN-0014,2026-01-05 18:02:00,meal_disturbance,19.447,0.05952,3
SYN-0014,2026-01-06 07:55:00,meal_disturbance,15.626,0.05952,1
SYN-0014,2026-01-06 12:45:00,meal_disturbance,22.839,0.05952,2
SYN-0014,2026-01-06 18:24:00,meal_disturbance,33.319,0.05952,3
SYN-0014,2026-01-07 07:48:00,meal_disturbance,26.212,0.05952,1
SYN-0014,2026-01-07 12:55:00,meal_disturbance,24.518,0.05952,2
SYN-0014,2026-01-07 19:33:00,meal_disturbance,22.591,0.05952,3
SYN-0015,2026-01-01 08:00:00,meal_disturbance,29.208,0.06004,1
SYN-0015,2026-01-01 13:00:00,meal_disturbance,31.169,0.06004,2
SYN-0015,2026-01-01 19:38:00,meal_disturbance,33.226,0.06004,3
SYN-0015,2026-01-02 07:29:00,meal_disturbance,37.504,0.06004,1
SYN-0015,2026-01-02 12:44:00,meal_disturbance,45.893,0.06004,2
SYN-0015,2026-01-02 18:58:00,meal_disturbance,29.072,0.06004,3
SYN-0015,2026-01-03 07:47:00,meal_disturbance,40.492,0.06004,1
SYN-0015,2026-01-03 12:09:00,meal_disturbance,44.142,0.06004,2
SYN-0015,2026-01-03 19:23:00,meal_disturbance,37.143,0.06004,3
SYN-0015,2026-01-04 07:45:00,meal_disturbance,36.826,0.06004,1
SYN-0015,2026-01-04 12:27:00,meal_disturbance,31.47,0.06004,2
SYN-0015,2026-01-04 19:04:00,meal_disturbance,38.765,0.06004,3
SYN-0015,2026-01-05 08:26:00,meal_disturbance,35.965,0.06004,1
SYN-0015,2026-01-05 13:21:00,meal_disturbance,34.334,0.06004,2
SYN-0015,2026-01-05 18:18:00,meal_disturbance,40.608,0.06004,3
SYN-0015,2026-01-06 08:00:00,meal_disturbance,30.242,0.06004,1
SYN-0015,2026-01-06 12:44:00,meal_plus_hyperglycemic_excursion,65.738,0.06004,2
SYN-0015,2026-01-06 20:22:00,meal_disturbance,29.215,0.06004,3
SYN-0015,2026-01-07 08:05:00,meal_disturbance,34.489,0.06004,1
SYN-0015,2026-01-07 12:36:00,meal_disturbance,41.13,0.06004,2
SYN-0015,2026-01-07 18:15:00,meal_disturbance,36.773,0.06004,3
SYN-0016,2026-01-01 08:07:00,meal_disturbance,28.788,0.05691,1
SYN-0016,2026-01-01 12:30:00,meal_disturbance,45.832,0.05691,2
SYN-0016,2026-01-01 18:36:00,meal_disturbance,45.403,0.05691,3
SYN-0016,2026-01-02 07:28:00,meal_disturbance,44.287,0.05691,1
SYN-0016,2026-01-02 13:50:00,meal_disturbance,52.641,0.05691,2
SYN-0016,2026-01-02 20:04:00,meal_disturbance,46.867,0.05691,3
SYN-0016,2026-01-03 10:14:00,meal_disturbance,41.655,0.05691,1
SYN-0016,2026-01-03 13:30:00,meal_disturbance,45.489,0.05691,2
SYN-0016,2026-01-03 19:10:00,meal_disturbance,44.93,0.05691,3
SYN-0016,2026-01-04 09:01:00,meal_disturbance,35.562,0.05691,1
SYN-0016,2026-01-04 13:04:00,meal_disturbance,47.518,0.05691,2
SYN-0016,2026-01-04 18:26:00,meal_disturbance,47.069,0.05691,3
SYN-0016,2026-01-05 07:55:00,meal_disturbance,27.411,0.05691,1
SYN-0016,2026-01-05 12:46:00,meal_disturbance,40.378,0.05691,2
SYN-0016,2026-01-05 19:33:00,meal_disturbance,35.746,0.05691,3
SYN-0016,2026-01-06 08:45:00,meal_disturbance,62.592,0.05691,1
SYN-0016,2026-01-06 13:03:00,meal_disturbance,39.987,0.05691,2
SYN-0016,2026-01-06 19:41:00,meal_disturbance,31.503,0.05691,3
SYN-0016,2026-01-07 08:04:00,meal_disturbance,32.345,0.05691,1
SYN-0016,2026-01-07 11:52:00,meal_disturbance,44.082,0.05691,2
SYN-0016,2026-01-07 19:11:00,meal_disturbance,31.466,0.05691,3
SYN-0017,2026-01-01 07:34:00,meal_disturbance,57.895,0.0528,1
SYN-0017,2026-01-01 13:28:00,meal_disturbance,51.352,0.0528,2
SYN-0017,2026-01-01 19:00:00,meal_disturbance,50.625,0.0528,3
SYN-0017,2026-01-02 08:04:00,meal_disturbance,35.003,0.0528,1
SYN-0017,2026-01-02 14:25:00,meal_disturbance,46.356,0.0528,2
SYN-0017,2026-01-02 19:11:00,meal_disturbance,36.363,0.0528,3
SYN-0017,2026-01-03 08:34:00,meal_disturbance,46.004,0.0528,1
SYN-0017,2026-01-03 12:43:00,meal_disturbance,29.915,0.0528,2
SYN-0017,2026-01-03 20:02:00,meal_disturbance,38.516,0.0528,3
SYN-0017,2026-01-04 08:07:00,meal_plus_hyperglycemic_excursion,76.055,0.0528,1
SYN-0017,2026-01-04 12:46:00,meal_disturbance,50.895,0.0528,2
SYN-0017,2026-01-04 19:20:00,meal_disturbance,45.541,0.0528,3
SYN-0017,2026-01-05 08:14:00,meal_disturbance,31.599,0.0528,1
SYN-0017,2026-01-05 12:43:00,meal_disturbance,66.586,0.0528,2
SYN-0017,2026-01-05 19:01:00,meal_disturbance,45.545,0.0528,3
SYN-0017,2026-01-06 08:09:00,meal_disturbance,50.483,0.0528,1
SYN-0017,2026-01-06 14:34:00,meal_disturbance,57.393,0.0528,2
SYN-0017,2026-01-06 18:00:00,meal_disturbance,49.653,0.0528,3
SYN-0017,2026-01-07 08:57:00,meal_disturbance,45.398,0.0528,1
SYN-0017,2026-01-07 13:31:00,meal_plus_hyperglycemic_excursion,82.857,0.0528,2
SYN-0017,2026-01-07 19:20:00,meal_disturbance,47.808,0.0528,3
SYN-0018,2026-01-01 08:59:00,meal_disturbance,59.371,0.05505,1
SYN-0018,2026-01-01 13:53:00,meal_disturbance,37.073,0.05505,2
SYN-0018,2026-01-01 19:01:00,meal_disturbance,51.973,0.05505,3
SYN-0018,2026-01-02 07:47:00,meal_disturbance,31.914,0.05505,1
SYN-0018,2026-01-02 12:35:00,meal_disturbance,36.411,0.05505,2
SYN-0018,2026-01-02 19:49:00,meal_disturbance,31.175,0.05505,3
SYN-0018,2026-01-03 06:41:00,meal_disturbance,26.913,0.05505,1
SYN-0018,2026-01-03 13:05:00,meal_disturbance,35.134,0.05505,2
SYN-0018,2026-01-03 18:46:00,meal_disturbance,40.593,0.05505,3
SYN-0018,2026-01-04 07:28:00,meal_disturbance,39.629,0.05505,1
SYN-0018,2026-01-04 12:16:00,meal_disturbance,50.076,0.05505,2
SYN-0018,2026-01-04 18:57:00,meal_disturbance,32.193,0.05505,3
SYN-0018,2026-01-05 07:03:00,meal_disturbance,38.374,0.05505,1
SYN-0018,2026-01-05 13:37:00,meal_disturbance,47.701,0.05505,2
SYN-0018,2026-01-05 18:51:00,meal_disturbance,38.956,0.05505,3
SYN-0018,2026-01-06 07:59:00,meal_disturbance,51.9,0.05505,1
SYN-0018,2026-01-06 12:42:00,meal_disturbance,40.698,0.05505,2
SYN-0018,2026-01-06 20:03:00,meal_disturbance,35.28,0.05505,3
SYN-0018,2026-01-07 08:28:00,meal_disturbance,30.315,0.05505,1
SYN-0018,2026-01-07 12:37:00,meal_plus_hyperglycemic_excursion,75.744,0.05505,2
SYN-0018,2026-01-07 19:32:00,meal_disturbance,35.761,0.05505,3
SYN-0019,2026-01-01 07:38:00,meal_disturbance,36.407,0.0603,1
SYN-0019,2026-01-01 12:20:00,meal_disturbance,34.47,0.0603,2
SYN-0019,2026-01-01 18:56:00,meal_disturbance,34.473,0.0603,3
SYN-0019,2026-01-02 08:49:00,meal_disturbance,34.62,0.0603,1
SYN-0019,2026-01-02 13:09:00,meal_plus_hyperglycemic_excursion,55.901,0.0603,2
SYN-0019,2026-01-02 17:47:00,meal_disturbance,30.579,0.0603,3
SYN-0019,2026-01-03 08:01:00,meal_disturbance,40.591,0.0603,1
SYN-0019,2026-01-03 12:39:00,meal_plus_hyperglycemic_excursion,62.768,0.0603,2
SYN-0019,2026-01-03 18:53:00,meal_disturbance,25.294,0.0603,3
SYN-0019,2026-01-04 08:23:00,meal_disturbance,28.353,0.0603,1
SYN-0019,2026-01-04 13:50:00,meal_disturbance,43.733,0.0603,2
SYN-0019,2026-01-04 20:14:00,meal_disturbance,33.808,0.0603,3
SYN-0019,2026-01-05 07:27:00,meal_disturbance,33.621,0.0603,1
SYN-0019,2026-01-05 13:35:00,meal_disturbance,42.582,0.0603,2
SYN-0019,2026-01-05 17:59:00,meal_disturbance,42.307,0.0603,3
SYN-0019,2026-01-06 08:24:00,meal_disturbance,36.214,0.0603,1
SYN-0019,2026-01-06 12:44:00,meal_disturbance,45.391,0.0603,2
SYN-0019,2026-01-06 19:19:00,meal_disturbance,36.46,0.0603,3
SYN-0019,2026-01-07 08:18:00,meal_disturbance,29.266,0.0603,1
SYN-0019,2026-01-07 12:13:00,meal_disturbance,31.486,0.0603,2
SYN-0019,2026-01-07 19:34:00,meal_disturbance,38.354,0.0603,3
SYN-0020,2026-01-01 07:35:00,meal_disturbance,19.19,0.06648,1
SYN-0020,2026-01-01 13:40:00,meal_disturbance,33.07,0.06648,2
SYN-0020,2026-01-01 18:17:00,meal_disturbance,33.869,0.06648,3
SYN-0020,2026-01-02 07:23:00,meal_disturbance,35.919,0.06648,1
SYN-0020,2026-01-02 11:56:00,meal_disturbance,26.219,0.06648,2
SYN-0020,2026-01-02 19:47:00,meal_disturbance,35.689,0.06648,3
SYN-0020,2026-01-03 08:40:00,meal_disturbance,39.179,0.06648,1
SYN-0020,2026-01-03 13:55:00,meal_disturbance,42.984,0.06648,2
SYN-0020,2026-01-03 18:40:00,meal_disturbance,24.46,0.06648,3
SYN-0020,2026-01-04 07:48:00,meal_disturbance,29.997,0.06648,1
SYN-0020,2026-01-04 12:52:00,meal_disturbance,35.534,0.06648,2
SYN-0020,2026-01-04 18:49:00,meal_disturbance,25.884,0.06648,3
SYN-0020,2026-01-05 07:36:00,meal_disturbance,34.923,0.06648,1
SYN-0020,2026-01-05 13:30:00,meal_disturbance,38.302,0.06648,2
SYN-0020,2026-01-05 18:45:00,meal_disturbance,33.16,0.06648,3
SYN-0020,2026-01-06 07:12:00,meal_disturbance,38.813,0.06648,1
SYN-0020,2026-01-06 13:14:00,meal_disturbance,25.054,0.06648,2
SYN-0020,2026-01-06 19:27:00,meal_disturbance,28.539,0.06648,3
SYN-0020,2026-01-07 08:27:00,meal_disturbance,30.767,0.06648,1
SYN-0020,2026-01-07 13:01:00,meal_disturbance,37.107,0.06648,2
SYN-0020,2026-01-07 19:24:00,meal_disturbance,21.669,0.06648,3
SYN-0021,2026-01-01 08:35:00,meal_disturbance,26.776,0.05226,1
SYN-0021,2026-01-01 13:14:00,meal_disturbance,29.963,0.05226,2
SYN-0021,2026-01-01 19:15:00,meal_disturbance,20.107,0.05226,3
SYN-0021,2026-01-02 08:20:00,meal_disturbance,29.005,0.05226,1
SYN-0021,2026-01-02 12:43:00,meal_disturbance,20.36,0.05226,2
SYN-0021,2026-01-02 18:57:00,meal_disturbance,21.743,0.05226,3
SYN-0021,2026-01-03 09:00:00,meal_disturbance,21.643,0.05226,1
SYN-0021,2026-01-03 13:10:00,meal_disturbance,23.326,0.05226,2
SYN-0021,2026-01-03 19:40:00,meal_disturbance,20.411,0.05226,3
SYN-0021,2026-01-04 07:58:00,meal_disturbance,16.556,0.05226,1
SYN-0021,2026-01-04 12:43:00,meal_disturbance,21.498,0.05226,2
SYN-0021,2026-01-04 17:39:00,meal_disturbance,25.49,0.05226,3
SYN-0021,2026-01-05 07:14:00,meal_disturbance,25.145,0.05226,1
SYN-0021,2026-01-05 12:38:00,meal_disturbance,28.152,0.05226,2
SYN-0021,2026-01-05 18:28:00,meal_disturbance,21.25,0.05226,3
SYN-0021,2026-01-06 07:56:00,meal_disturbance,25.158,0.05226,1
SYN-0021,2026-01-06 13:05:00,meal_disturbance,25.449,0.05226,2
SYN-0021,2026-01-06 19:17:00,meal_disturbance,22.425,0.05226,3
SYN-0021,2026-01-07 07:00:00,meal_disturbance,29.42,0.05226,1
SYN-0021,2026-01-07 13:31:00,meal_disturbance,25.852,0.05226,2
SYN-0021,2026-01-07 19:41:00,meal_disturbance,25.909,0.05226,3
SYN-0022,2026-01-01 07:21:00,meal_disturbance,26.738,0.07158,1
SYN-0022,2026-01-01 14:06:00,meal_disturbance,33.024,0.07158,2
SYN-0022,2026-01-01 19:40:00,meal_disturbance,23.937,0.07158,3
SYN-0022,2026-01-02 07:34:00,meal_disturbance,37.112,0.07158,1
SYN-0022,2026-01-02 12:50:00,meal_disturbance,33.13,0.07158,2
SYN-0022,2026-01-02 19:09:00,meal_disturbance,27.447,0.07158,3
SYN-0022,2026-01-03 06:54:00,meal_disturbance,33.456,0.07158,1
SYN-0022,2026-01-03 13:52:00,meal_disturbance,30.42,0.07158,2
SYN-0022,2026-01-03 19:30:00,meal_disturbance,38.512,0.07158,3
SYN-0022,2026-01-04 07:52:00,meal_disturbance,35.043,0.07158,1
SYN-0022,2026-01-04 12:04:00,meal_disturbance,37.908,0.07158,2
SYN-0022,2026-01-04 17:34:00,meal_plus_hyperglycemic_excursion,57.072,0.07158,3
SYN-0022,2026-01-05 07:49:00,meal_disturbance,24.33,0.07158,1
SYN-0022,2026-01-05 12:57:00,meal_disturbance,39.12,0.07158,2
SYN-0022,2026-01-05 19:35:00,meal_disturbance,23.001,0.07158,3
SYN-0022,2026-01-06 07:13:00,meal_disturbance,34.11,0.07158,1
SYN-0022,2026-01-06 13:26:00,meal_disturbance,39.677,0.07158,2
SYN-0022,2026-01-06 18:56:00,meal_disturbance,31.883,0.07158,3
SYN-0022,2026-01-07 07:17:00,meal_disturbance,37.543,0.07158,1
SYN-0022,2026-01-07 14:20:00,meal_disturbance,40.842,0.07158,2
SYN-0022,2026-01-07 19:09:00,meal_disturbance,26.629,0.07158,3
SYN-0023,2026-01-01 07:06:00,meal_disturbance,32.486,0.06114,1
SYN-0023,2026-01-01 12:03:00,meal_disturbance,27.845,0.06114,2
SYN-0023,2026-01-01 19:02:00,meal_disturbance,34.522,0.06114,3
SYN-0023,2026-01-02 07:26:00,meal_disturbance,21.086,0.06114,1
SYN-0023,2026-01-02 12:56:00,meal_disturbance,31.537,0.06114,2
SYN-0023,2026-01-02 18:57:00,meal_disturbance,14.624,0.06114,3
SYN-0023,2026-01-03 07:09:00,meal_disturbance,33.09,0.06114,1
SYN-0023,2026-01-03 13:07:00,meal_disturbance,28.079,0.06114,2
SYN-0023,2026-01-03 19:03:00,meal_disturbance,24.715,0.06114,3
SYN-0023,2026-01-04 06:58:00,meal_disturbance,23.955,0.06114,1
SYN-0023,2026-01-04 13:03:00,meal_plus_hyperglycemic_excursion,47.044,0.06114,2
SYN-0023,2026-01-04 18:33:00,meal_disturbance,29.923,0.06114,3
SYN-0023,2026-01-05 08:57:00,meal_disturbance,32.612,0.06114,1
SYN-0023,2026-01-05 13:16:00,meal_disturbance,30.347,0.06114,2
SYN-0023,2026-01-05 18:58:00,meal_disturbance,38.276,0.06114,3
SYN-0023,2026-01-06 07:26:00,meal_disturbance,18.109,0.06114,1
SYN-0023,2026-01-06 12:56:00,meal_disturbance,30.842,0.06114,2
SYN-0023,2026-01-06 18:48:00,meal_disturbance,30.317,0.06114,3
SYN-0023,2026-01-07 07:24:00,meal_disturbance,20.577,0.06114,1
SYN-0023,2026-01-07 12:55:00,meal_disturbance,24.471,0.06114,2
SYN-0023,2026-01-07 18:08:00,meal_disturbance,24.476,0.06114,3
SYN-0024,2026-01-01 08:00:00,meal_disturbance,54.142,0.06941,1
SYN-0024,2026-01-01 12:23:00,meal_disturbance,31.411,0.06941,2
SYN-0024,2026-01-01 19:11:00,meal_disturbance,35.016,0.06941,3
SYN-0024,2026-01-02 07:12:00,meal_disturbance,30.604,0.06941,1
SYN-0024,2026-01-02 13:05:00,meal_disturbance,34.302,0.06941,2
SYN-0024,2026-01-02 19:06:00,meal_disturbance,27.292,0.06941,3
SYN-0024,2026-01-03 07:58:00,meal_disturbance,31.214,0.06941,1
SYN-0024,2026-01-03 11:53:00,meal_disturbance,44.265,0.06941,2
SYN-0024,2026-01-03 18:30:00,meal_disturbance,33.623,0.06941,3
SYN-0024,2026-01-04 07:41:00,meal_disturbance,41.204,0.06941,1
SYN-0024,2026-01-04 12:43:00,meal_disturbance,31.764,0.06941,2
SYN-0024,2026-01-04 19:41:00,meal_disturbance,32.359,0.06941,3
SYN-0024,2026-01-05 07:49:00,meal_disturbance,25.318,0.06941,1
SYN-0024,2026-01-05 13:20:00,meal_disturbance,44.514,0.06941,2
SYN-0024,2026-01-05 19:46:00,meal_disturbance,43.075,0.06941,3
SYN-0024,2026-01-06 07:40:00,meal_disturbance,34.831,0.06941,1
SYN-0024,2026-01-06 13:26:00,meal_disturbance,47.752,0.06941,2
SYN-0024,2026-01-06 20:42:00,meal_disturbance,31.228,0.06941,3
SYN-0024,2026-01-07 08:05:00,meal_disturbance,44.476,0.06941,1
SYN-0024,2026-01-07 12:44:00,meal_disturbance,46.297,0.06941,2
SYN-0024,2026-01-07 19:23:00,meal_disturbance,34.242,0.06941,3
SYN-0025,2026-01-01 08:08:00,meal_disturbance,23.829,0.05725,1
SYN-0025,2026-01-01 13:12:00,meal_disturbance,24.845,0.05725,2
SYN-0025,2026-01-01 19:09:00,meal_disturbance,24.89,0.05725,3
SYN-0025,2026-01-02 08:16:00,meal_disturbance,23.394,0.05725,1
SYN-0025,2026-01-02 12:02:00,meal_disturbance,29.531,0.05725,2
SYN-0025,2026-01-02 18:18:00,meal_disturbance,31.211,0.05725,3
SYN-0025,2026-01-03 09:10:00,meal_disturbance,25.29,0.05725,1
SYN-0025,2026-01-03 11:58:00,meal_disturbance,28.945,0.05725,2
SYN-0025,2026-01-03 18:14:00,meal_disturbance,26.892,0.05725,3
SYN-0025,2026-01-04 08:19:00,meal_disturbance,19.862,0.05725,1
SYN-0025,2026-01-04 12:51:00,meal_disturbance,23.575,0.05725,2
SYN-0025,2026-01-04 19:21:00,meal_disturbance,21.784,0.05725,3
SYN-0025,2026-01-05 07:51:00,meal_disturbance,24.55,0.05725,1
SYN-0025,2026-01-05 13:08:00,meal_disturbance,31.592,0.05725,2
SYN-0025,2026-01-05 20:14:00,meal_disturbance,16.022,0.05725,3
SYN-0025,2026-01-06 07:38:00,meal_disturbance,23.461,0.05725,1
SYN-0025,2026-01-06 13:54:00,meal_disturbance,20.719,0.05725,2
SYN-0025,2026-01-06 18:48:00,meal_disturbance,29.804,0.05725,3
SYN-0025,2026-01-07 07:59:00,meal_disturbance,29.649,0.05725,1
SYN-0025,2026-01-07 13:03:00,meal_disturbance,28.248,0.05725,2
SYN-0025,2026-01-07 19:46:00,meal_disturbance,13.924,0.05725,3
SYN-0026,2026-01-01 08:11:00,meal_disturbance,29.162,0.05957,1
SYN-0026,2026-01-01 12:01:00,meal_disturbance,26.209,0.05957,2
SYN-0026,2026-01-01 19:43:00,meal_plus_hyperglycemic_excursion,64.91,0.05957,3
SYN-0026,2026-01-02 06:40:00,meal_disturbance,26.951,0.05957,1
SYN-0026,2026-01-02 13:29:00,meal_disturbance,27.785,0.05957,2
SYN-0026,2026-01-02 19:51:00,meal_disturbance,33.916,0.05957,3
SYN-0026,2026-01-03 08:48:00,meal_disturbance,29.519,0.05957,1
SYN-0026,2026-01-03 13:20:00,meal_disturbance,34.65,0.05957,2
SYN-0026,2026-01-03 18:17:00,meal_plus_hyperglycemic_excursion,53.822,0.05957,3
SYN-0026,2026-01-04 08:00:00,meal_disturbance,31.488,0.05957,1
SYN-0026,2026-01-04 13:05:00,meal_disturbance,26.811,0.05957,2
SYN-0026,2026-01-04 18:55:00,meal_disturbance,24.114,0.05957,3
SYN-0026,2026-01-05 08:15:00,meal_disturbance,22.569,0.05957,1
SYN-0026,2026-01-05 13:22:00,meal_disturbance,27.104,0.05957,2
SYN-0026,2026-01-05 19:56:00,meal_disturbance,29.939,0.05957,3
SYN-0026,2026-01-06 07:56:00,meal_plus_hyperglycemic_excursion,73.43,0.05957,1
SYN-0026,2026-01-06 13:10:00,meal_disturbance,29.274,0.05957,2
SYN-0026,2026-01-06 18:53:00,meal_disturbance,34.397,0.05957,3
SYN-0026,2026-01-07 07:58:00,meal_plus_hyperglycemic_excursion,67.136,0.05957,1
SYN-0026,2026-01-07 12:44:00,meal_disturbance,25.055,0.05957,2
SYN-0026,2026-01-07 18:57:00,meal_disturbance,27.045,0.05957,3
SYN-0027,2026-01-01 07:50:00,meal_disturbance,34.783,0.06965,1
SYN-0027,2026-01-01 12:43:00,meal_disturbance,21.282,0.06965,2
SYN-0027,2026-01-01 20:04:00,meal_disturbance,18.431,0.06965,3
SYN-0027,2026-01-02 06:54:00,meal_disturbance,29.485,0.06965,1
SYN-0027,2026-01-02 12:52:00,meal_disturbance,26.858,0.06965,2
SYN-0027,2026-01-02 18:31:00,meal_disturbance,29.289,0.06965,3
SYN-0027,2026-01-03 07:54:00,meal_disturbance,31.382,0.06965,1
SYN-0027,2026-01-03 12:49:00,meal_disturbance,36.91,0.06965,2
SYN-0027,2026-01-03 18:37:00,meal_disturbance,23.022,0.06965,3
SYN-0027,2026-01-04 08:05:00,meal_disturbance,27.162,0.06965,1
SYN-0027,2026-01-04 13:08:00,meal_disturbance,19.173,0.06965,2
SYN-0027,2026-01-04 18:16:00,meal_disturbance,26.861,0.06965,3
SYN-0027,2026-01-05 07:37:00,meal_disturbance,28.179,0.06965,1
SYN-0027,2026-01-05 13:18:00,meal_disturbance,39.056,0.06965,2
SYN-0027,2026-01-05 19:25:00,meal_disturbance,36.607,0.06965,3
SYN-0027,2026-01-06 08:55:00,meal_disturbance,27.62,0.06965,1
SYN-0027,2026-01-06 13:08:00,meal_disturbance,36.314,0.06965,2
SYN-0027,2026-01-06 19:34:00,meal_disturbance,19.32,0.06965,3
SYN-0027,2026-01-07 08:32:00,meal_disturbance,26.265,0.06965,1
SYN-0027,2026-01-07 13:03:00,meal_disturbance,24.211,0.06965,2
SYN-0027,2026-01-07 19:35:00,meal_disturbance,28.988,0.06965,3
SYN-0028,2026-01-01 07:41:00,meal_disturbance,34.855,0.06487,1
SYN-0028,2026-01-01 13:16:00,meal_disturbance,20.562,0.06487,2
SYN-0028,2026-01-01 18:18:00,meal_disturbance,22.264,0.06487,3
SYN-0028,2026-01-02 07:53:00,meal_disturbance,30.497,0.06487,1
SYN-0028,2026-01-02 12:40:00,meal_disturbance,26.812,0.06487,2
SYN-0028,2026-01-02 18:34:00,meal_plus_hyperglycemic_excursion,67.653,0.06487,3
SYN-0028,2026-01-03 07:30:00,meal_disturbance,26.037,0.06487,1
SYN-0028,2026-01-03 12:29:00,meal_disturbance,34.404,0.06487,2
SYN-0028,2026-01-03 19:08:00,meal_disturbance,31.223,0.06487,3
SYN-0028,2026-01-04 08:13:00,meal_disturbance,36.808,0.06487,1
SYN-0028,2026-01-04 12:43:00,meal_disturbance,24.985,0.06487,2
SYN-0028,2026-01-04 19:13:00,meal_disturbance,28.067,0.06487,3
SYN-0028,2026-01-05 08:05:00,meal_disturbance,29.831,0.06487,1
SYN-0028,2026-01-05 13:20:00,meal_disturbance,36.061,0.06487,2
SYN-0028,2026-01-05 18:48:00,meal_disturbance,36.436,0.06487,3
SYN-0028,2026-01-06 08:06:00,meal_disturbance,18.729,0.06487,1
SYN-0028,2026-01-06 12:41:00,meal_disturbance,27.814,0.06487,2
SYN-0028,2026-01-06 18:02:00,meal_disturbance,33.958,0.06487,3
SYN-0028,2026-01-07 08:20:00,meal_disturbance,34.893,0.06487,1
SYN-0028,2026-01-07 13:32:00,meal_disturbance,33.801,0.06487,2
SYN-0028,2026-01-07 18:26:00,meal_disturbance,22.973,0.06487,3
SYN-0029,2026-01-01 08:09:00,meal_disturbance,21.942,0.0713,1
SYN-0029,2026-01-01 12:12:00,meal_disturbance,21.689,0.0713,2
SYN-0029,2026-01-01 19:50:00,meal_disturbance,24.62,0.0713,3
SYN-0029,2026-01-02 07:54:00,meal_disturbance,24.631,0.0713,1
SYN-0029,2026-01-02 12:34:00,meal_disturbance,20.455,0.0713,2
SYN-0029,2026-01-02 19:46:00,meal_disturbance,17.596,0.0713,3
SYN-0029,2026-01-03 08:19:00,meal_disturbance,23.49,0.0713,1
SYN-0029,2026-01-03 14:14:00,meal_plus_hyperglycemic_excursion,62.571,0.0713,2
SYN-0029,2026-01-03 19:32:00,meal_disturbance,24.351,0.0713,3
SYN-0029,2026-01-04 08:27:00,meal_disturbance,20.502,0.0713,1
SYN-0029,2026-01-04 12:48:00,meal_disturbance,22.713,0.0713,2
SYN-0029,2026-01-04 18:58:00,meal_disturbance,24.524,0.0713,3
SYN-0029,2026-01-05 07:55:00,meal_disturbance,30.828,0.0713,1
SYN-0029,2026-01-05 13:30:00,meal_disturbance,26.629,0.0713,2
SYN-0029,2026-01-05 18:48:00,meal_disturbance,27.129,0.0713,3
SYN-0029,2026-01-06 08:29:00,meal_disturbance,24.641,0.0713,1
SYN-0029,2026-01-06 12:53:00,meal_disturbance,20.225,0.0713,2
SYN-0029,2026-01-06 18:59:00,meal_disturbance,12.324,0.0713,3
SYN-0029,2026-01-07 06:26:00,meal_disturbance,23.18,0.0713,1
SYN-0029,2026-01-07 12:42:00,meal_disturbance,23.216,0.0713,2
SYN-0029,2026-01-07 18:57:00,meal_disturbance,24.002,0.0713,3
SYN-0030,2026-01-01 09:05:00,meal_disturbance,28.607,0.05432,1
SYN-0030,2026-01-01 11:40:00,meal_disturbance,35.735,0.05432,2
SYN-0030,2026-01-01 18:22:00,meal_disturbance,42.029,0.05432,3
SYN-0030,2026-01-02 08:12:00,meal_disturbance,27.785,0.05432,1
SYN-0030,2026-01-02 13:34:00,meal_disturbance,46.526,0.05432,2
SYN-0030,2026-01-02 18:34:00,meal_disturbance,35.818,0.05432,3
SYN-0030,2026-01-03 08:15:00,meal_disturbance,41.257,0.05432,1
SYN-0030,2026-01-03 13:22:00,meal_disturbance,30.977,0.05432,2
SYN-0030,2026-01-03 19:03:00,meal_plus_hyperglycemic_excursion,66.032,0.05432,3
SYN-0030,2026-01-04 07:47:00,meal_disturbance,29.25,0.05432,1
SYN-0030,2026-01-04 13:11:00,meal_disturbance,35.007,0.05432,2
SYN-0030,2026-01-04 18:47:00,meal_disturbance,31.096,0.05432,3
SYN-0030,2026-01-05 08:02:00,meal_disturbance,39.434,0.05432,1
SYN-0030,2026-01-05 13:16:00,meal_disturbance,36.162,0.05432,2
SYN-0030,2026-01-05 18:52:00,meal_disturbance,32.163,0.05432,3
SYN-0030,2026-01-06 08:21:00,meal_disturbance,38.883,0.05432,1
SYN-0030,2026-01-06 12:33:00,meal_disturbance,32.612,0.05432,2
SYN-0030,2026-01-06 18:54:00,meal_disturbance,33.427,0.05432,3
SYN-0030,2026-01-07 07:15:00,meal_disturbance,37.849,0.05432,1
SYN-0030,2026-01-07 11:26:00,meal_disturbance,40.78,0.05432,2
SYN-0030,2026-01-07 19:18:00,meal_disturbance,36.132,0.05432,3
SYN-0031,2026-01-01 08:19:00,meal_disturbance,41.056,0.05959,1
SYN-0031,2026-01-01 13:14:00,meal_disturbance,38.882,0.05959,2
SYN-0031,2026-01-01 18:50:00,meal_disturbance,43.821,0.05959,3
SYN-0031,2026-01-02 09:07:00,meal_disturbance,28.758,0.05959,1
SYN-0031,2026-01-02 13:37:00,meal_disturbance,40.049,0.05959,2
SYN-0031,2026-01-02 20:13:00,meal_disturbance,45.745,0.05959,3
SYN-0031,2026-01-03 07:39:00,meal_disturbance,23.712,0.05959,1
SYN-0031,2026-01-03 12:30:00,meal_disturbance,33.687,0.05959,2
SYN-0031,2026-01-03 19:31:00,meal_disturbance,39.22,0.05959,3
SYN-0031,2026-01-04 07:35:00,meal_disturbance,44.045,0.05959,1
SYN-0031,2026-01-04 13:41:00,meal_disturbance,26.667,0.05959,2
SYN-0031,2026-01-04 18:16:00,meal_disturbance,23.424,0.05959,3
SYN-0031,2026-01-05 07:57:00,meal_disturbance,42.034,0.05959,1
SYN-0031,2026-01-05 12:44:00,meal_disturbance,33.16,0.05959,2
SYN-0031,2026-01-05 19:30:00,meal_disturbance,28.095,0.05959,3
SYN-0031,2026-01-06 08:43:00,meal_disturbance,43.267,0.05959,1
SYN-0031,2026-01-06 13:45:00,meal_disturbance,42.876,0.05959,2
SYN-0031,2026-01-06 19:18:00,meal_disturbance,27.224,0.05959,3
SYN-0031,2026-01-07 08:33:00,meal_disturbance,42.01,0.05959,1
SYN-0031,2026-01-07 13:15:00,meal_disturbance,38.369,0.05959,2
SYN-0031,2026-01-07 19:23:00,meal_disturbance,30.583,0.05959,3
SYN-0032,2026-01-01 08:24:00,meal_disturbance,37.278,0.07213,1
SYN-0032,2026-01-01 13:08:00,meal_disturbance,41.422,0.07213,2
SYN-0032,2026-01-01 18:29:00,meal_disturbance,34.271,0.07213,3
SYN-0032,2026-01-02 08:16:00,meal_disturbance,38.454,0.07213,1
SYN-0032,2026-01-02 12:18:00,meal_disturbance,32.191,0.07213,2
SYN-0032,2026-01-02 19:52:00,meal_disturbance,42.662,0.07213,3
SYN-0032,2026-01-03 08:57:00,meal_disturbance,38.22,0.07213,1
SYN-0032,2026-01-03 13:01:00,meal_disturbance,38.56,0.07213,2
SYN-0032,2026-01-03 20:00:00,meal_disturbance,38.459,0.07213,3
SYN-0032,2026-01-04 08:11:00,meal_disturbance,36.106,0.07213,1
SYN-0032,2026-01-04 13:14:00,meal_disturbance,29.26,0.07213,2
SYN-0032,2026-01-04 19:16:00,meal_disturbance,28.801,0.07213,3
SYN-0032,2026-01-05 09:05:00,meal_disturbance,29.837,0.07213,1
SYN-0032,2026-01-05 13:16:00,meal_disturbance,31.725,0.07213,2
SYN-0032,2026-01-05 18:55:00,meal_plus_hyperglycemic_excursion,72.42,0.07213,3
SYN-0032,2026-01-06 08:05:00,meal_disturbance,36.564,0.07213,1
SYN-0032,2026-01-06 13:33:00,meal_disturbance,19.552,0.07213,2
SYN-0032,2026-01-06 19:29:00,meal_plus_hyperglycemic_excursion,69.308,0.07213,3
SYN-0032,2026-01-07 07:49:00,meal_disturbance,35.858,0.07213,1
SYN-0032,2026-01-07 13:37:00,meal_disturbance,44.023,0.07213,2
SYN-0032,2026-01-07 18:08:00,meal_disturbance,38.799,0.07213,3
SYN-0033,2026-01-01 07:45:00,meal_disturbance,36.823,0.06511,1
SYN-0033,2026-01-01 13:43:00,meal_disturbance,43.873,0.06511,2
SYN-0033,2026-01-01 19:41:00,meal_disturbance,33.893,0.06511,3
SYN-0033,2026-01-02 08:19:00,meal_disturbance,35.339,0.06511,1
SYN-0033,2026-01-02 13:19:00,meal_disturbance,34.077,0.06511,2
SYN-0033,2026-01-02 19:57:00,meal_disturbance,36.309,0.06511,3
SYN-0033,2026-01-03 08:07:00,meal_disturbance,35.713,0.06511,1
SYN-0033,2026-01-03 13:08:00,meal_disturbance,27.324,0.06511,2
SYN-0033,2026-01-03 18:40:00,meal_disturbance,37.286,0.06511,3
SYN-0033,2026-01-04 07:33:00,meal_disturbance,33.641,0.06511,1
SYN-0033,2026-01-04 13:15:00,meal_disturbance,39.117,0.06511,2
SYN-0033,2026-01-04 19:52:00,meal_disturbance,49.717,0.06511,3
SYN-0033,2026-01-05 08:08:00,meal_disturbance,27.829,0.06511,1
SYN-0033,2026-01-05 13:06:00,meal_plus_hyperglycemic_excursion,58.911,0.06511,2
SYN-0033,2026-01-05 19:17:00,meal_disturbance,34.951,0.06511,3
SYN-0033,2026-01-06 08:02:00,meal_disturbance,28.77,0.06511,1
SYN-0033,2026-01-06 13:28:00,meal_disturbance,12.845,0.06511,2
SYN-0033,2026-01-06 19:40:00,meal_disturbance,40.492,0.06511,3
SYN-0033,2026-01-07 08:39:00,meal_disturbance,36.645,0.06511,1
SYN-0033,2026-01-07 12:27:00,meal_disturbance,36.445,0.06511,2
SYN-0033,2026-01-07 19:20:00,meal_disturbance,28.982,0.06511,3
SYN-0034,2026-01-01 08:12:00,meal_disturbance,26.73,0.07156,1
SYN-0034,2026-01-01 12:36:00,meal_disturbance,35.808,0.07156,2
SYN-0034,2026-01-01 19:38:00,meal_disturbance,32.652,0.07156,3
SYN-0034,2026-01-02 07:33:00,meal_disturbance,21.088,0.07156,1
SYN-0034,2026-01-02 13:06:00,meal_disturbance,33.264,0.07156,2
SYN-0034,2026-01-02 19:45:00,meal_disturbance,35.779,0.07156,3
SYN-0034,2026-01-03 07:55:00,meal_disturbance,36.699,0.07156,1
SYN-0034,2026-01-03 12:45:00,meal_disturbance,35.964,0.07156,2
SYN-0034,2026-01-03 18:15:00,meal_disturbance,27.082,0.07156,3
SYN-0034,2026-01-04 07:47:00,meal_disturbance,29.423,0.07156,1
SYN-0034,2026-01-04 12:52:00,meal_disturbance,42.133,0.07156,2
SYN-0034,2026-01-04 19:14:00,meal_disturbance,35.701,0.07156,3
SYN-0034,2026-01-05 07:51:00,meal_disturbance,33.938,0.07156,1
SYN-0034,2026-01-05 12:31:00,meal_plus_hyperglycemic_excursion,65.537,0.07156,2
SYN-0034,2026-01-05 19:03:00,meal_disturbance,39.956,0.07156,3
SYN-0034,2026-01-06 08:37:00,meal_plus_hyperglycemic_excursion,64.477,0.07156,1
SYN-0034,2026-01-06 14:14:00,meal_disturbance,32.089,0.07156,2
SYN-0034,2026-01-06 19:18:00,meal_plus_hyperglycemic_excursion,42.986,0.07156,3
SYN-0034,2026-01-07 07:39:00,meal_disturbance,34.916,0.07156,1
SYN-0034,2026-01-07 13:17:00,meal_disturbance,34.003,0.07156,2
SYN-0034,2026-01-07 18:19:00,meal_disturbance,51.394,0.07156,3
SYN-0035,2026-01-01 08:12:00,meal_disturbance,35.84,0.07328,1
SYN-0035,2026-01-01 13:42:00,meal_disturbance,46.993,0.07328,2
SYN-0035,2026-01-01 18:03:00,meal_disturbance,39.568,0.07328,3
SYN-0035,2026-01-02 06:58:00,meal_disturbance,32.687,0.07328,1
SYN-0035,2026-01-02 12:04:00,meal_disturbance,34.147,0.07328,2
SYN-0035,2026-01-02 18:22:00,meal_disturbance,31.459,0.07328,3
SYN-0035,2026-01-03 08:12:00,meal_disturbance,16.455,0.07328,1
SYN-0035,2026-01-03 12:21:00,meal_disturbance,30.944,0.07328,2
SYN-0035,2026-01-03 18:51:00,meal_disturbance,35.722,0.07328,3
SYN-0035,2026-01-04 08:17:00,meal_disturbance,34.22,0.07328,1
SYN-0035,2026-01-04 12:35:00,meal_disturbance,41.518,0.07328,2
SYN-0035,2026-01-04 18:17:00,meal_disturbance,26.828,0.07328,3
SYN-0035,2026-01-05 08:14:00,meal_disturbance,41.164,0.07328,1
SYN-0035,2026-01-05 13:50:00,meal_disturbance,34.374,0.07328,2
SYN-0035,2026-01-05 19:29:00,meal_disturbance,32.398,0.07328,3
SYN-0035,2026-01-06 09:05:00,meal_plus_hyperglycemic_excursion,73.964,0.07328,1
SYN-0035,2026-01-06 12:59:00,meal_disturbance,31.87,0.07328,2
SYN-0035,2026-01-06 18:30:00,meal_disturbance,20.393,0.07328,3
SYN-0035,2026-01-07 06:35:00,meal_disturbance,29.385,0.07328,1
SYN-0035,2026-01-07 13:12:00,meal_disturbance,26.876,0.07328,2
SYN-0035,2026-01-07 19:04:00,meal_disturbance,20.567,0.07328,3
SYN-0036,2026-01-01 07:40:00,meal_disturbance,45.032,0.05376,1
SYN-0036,2026-01-01 13:55:00,meal_disturbance,34.835,0.05376,2
SYN-0036,2026-01-01 18:40:00,meal_disturbance,44.031,0.05376,3
SYN-0036,2026-01-02 07:17:00,meal_disturbance,41.308,0.05376,1
SYN-0036,2026-01-02 13:41:00,meal_disturbance,29.607,0.05376,2
SYN-0036,2026-01-02 18:39:00,meal_disturbance,29.666,0.05376,3
SYN-0036,2026-01-03 07:26:00,meal_disturbance,41.318,0.05376,1
SYN-0036,2026-01-03 13:10:00,meal_disturbance,25.576,0.05376,2
SYN-0036,2026-01-03 19:27:00,meal_disturbance,27.056,0.05376,3
SYN-0036,2026-01-04 06:45:00,meal_disturbance,53.268,0.05376,1
SYN-0036,2026-01-04 13:34:00,meal_disturbance,44.553,0.05376,2
SYN-0036,2026-01-04 17:53:00,meal_disturbance,46.365,0.05376,3
SYN-0036,2026-01-05 07:39:00,meal_disturbance,32.279,0.05376,1
SYN-0036,2026-01-05 11:52:00,meal_disturbance,35.462,0.05376,2
SYN-0036,2026-01-05 18:26:00,meal_disturbance,36.711,0.05376,3
SYN-0036,2026-01-06 09:01:00,meal_disturbance,38.058,0.05376,1
SYN-0036,2026-01-06 13:05:00,meal_disturbance,32.413,0.05376,2
SYN-0036,2026-01-06 19:21:00,meal_disturbance,43.783,0.05376,3
SYN-0036,2026-01-07 06:32:00,meal_plus_hyperglycemic_excursion,68.568,0.05376,1
SYN-0036,2026-01-07 13:50:00,meal_disturbance,26.467,0.05376,2
SYN-0036,2026-01-07 18:31:00,meal_disturbance,33.103,0.05376,3
SYN-0037,2026-01-01 08:00:00,meal_disturbance,33.328,0.06002,1
SYN-0037,2026-01-01 12:44:00,meal_disturbance,54.782,0.06002,2
SYN-0037,2026-01-01 18:18:00,meal_disturbance,28.078,0.06002,3
SYN-0037,2026-01-02 08:10:00,meal_disturbance,44.584,0.06002,1
SYN-0037,2026-01-02 13:05:00,meal_plus_hyperglycemic_excursion,90.472,0.06002,2
SYN-0037,2026-01-02 19:19:00,meal_plus_hyperglycemic_excursion,70.29,0.06002,3
SYN-0037,2026-01-03 07:22:00,meal_plus_hyperglycemic_excursion,71.816,0.06002,1
SYN-0037,2026-01-03 13:22:00,meal_disturbance,34.277,0.06002,2
SYN-0037,2026-01-03 19:36:00,meal_disturbance,52.168,0.06002,3
SYN-0037,2026-01-04 07:16:00,meal_disturbance,42.996,0.06002,1
SYN-0037,2026-01-04 12:17:00,meal_disturbance,28.824,0.06002,2
SYN-0037,2026-01-04 18:35:00,meal_disturbance,41.912,0.06002,3
SYN-0037,2026-01-05 08:28:00,meal_disturbance,32.868,0.06002,1
SYN-0037,2026-01-05 12:34:00,meal_disturbance,38.449,0.06002,2
SYN-0037,2026-01-05 18:57:00,meal_disturbance,26.146,0.06002,3
SYN-0037,2026-01-06 08:03:00,meal_disturbance,34.836,0.06002,1
SYN-0037,2026-01-06 13:17:00,meal_disturbance,33.68,0.06002,2
SYN-0037,2026-01-06 19:09:00,meal_disturbance,48.13,0.06002,3
SYN-0037,2026-01-07 07:30:00,meal_disturbance,49.117,0.06002,1
SYN-0037,2026-01-07 13:52:00,meal_disturbance,35.758,0.06002,2
SYN-0037,2026-01-07 18:42:00,meal_disturbance,36.15,0.06002,3
SYN-0038,2026-01-01 07:35:00,meal_disturbance,18.135,0.0747,1
SYN-0038,2026-01-01 13:51:00,meal_disturbance,23.268,0.0747,2
SYN-0038,2026-01-01 18:51:00,meal_disturbance,30.389,0.0747,3
SYN-0038,2026-01-02 08:10:00,meal_disturbance,28.785,0.0747,1
SYN-0038,2026-01-02 13:06:00,meal_disturbance,27.388,0.0747,2
SYN-0038,2026-01-02 18:37:00,meal_disturbance,28.863,0.0747,3
SYN-0038,2026-01-03 09:09:00,meal_disturbance,16.164,0.0747,1
SYN-0038,2026-01-03 13:52:00,meal_disturbance,24.792,0.0747,2
SYN-0038,2026-01-03 19:43:00,meal_disturbance,22.598,0.0747,3
SYN-0038,2026-01-04 08:56:00,meal_disturbance,21.154,0.0747,1
SYN-0038,2026-01-04 11:42:00,meal_disturbance,24.137,0.0747,2
SYN-0038,2026-01-04 18:34:00,meal_disturbance,21.034,0.0747,3
SYN-0038,2026-01-05 09:09:00,meal_disturbance,25.447,0.0747,1
SYN-0038,2026-01-05 11:45:00,meal_disturbance,26.096,0.0747,2
SYN-0038,2026-01-05 19:09:00,meal_disturbance,21.195,0.0747,3
SYN-0038,2026-01-06 08:05:00,meal_disturbance,24.721,0.0747,1
SYN-0038,2026-01-06 12:39:00,meal_disturbance,27.325,0.0747,2
SYN-0038,2026-01-06 18:39:00,meal_disturbance,24.731,0.0747,3
SYN-0038,2026-01-07 08:01:00,meal_disturbance,33.592,0.0747,1
SYN-0038,2026-01-07 12:51:00,meal_disturbance,19.645,0.0747,2
SYN-0038,2026-01-07 17:59:00,meal_disturbance,29.752,0.0747,3
SYN-0039,2026-01-01 07:40:00,meal_disturbance,25.511,0.0581,1
SYN-0039,2026-01-01 11:51:00,meal_plus_hyperglycemic_excursion,79.004,0.0581,2
SYN-0039,2026-01-01 18:43:00,meal_disturbance,26.729,0.0581,3
SYN-0039,2026-01-02 08:20:00,meal_disturbance,39.334,0.0581,1
SYN-0039,2026-01-02 13:34:00,meal_disturbance,32.685,0.0581,2
SYN-0039,2026-01-02 18:32:00,meal_disturbance,22.401,0.0581,3
SYN-0039,2026-01-03 07:35:00,meal_disturbance,33.726,0.0581,1
SYN-0039,2026-01-03 13:22:00,meal_disturbance,27.687,0.0581,2
SYN-0039,2026-01-03 18:50:00,meal_disturbance,30.35,0.0581,3
SYN-0039,2026-01-04 07:18:00,meal_disturbance,28.805,0.0581,1
SYN-0039,2026-01-04 13:16:00,meal_disturbance,39.843,0.0581,2
SYN-0039,2026-01-04 19:39:00,meal_disturbance,30.473,0.0581,3
SYN-0039,2026-01-05 07:28:00,meal_disturbance,39.142,0.0581,1
SYN-0039,2026-01-05 13:37:00,meal_disturbance,24.853,0.0581,2
SYN-0039,2026-01-05 19:39:00,meal_disturbance,27.229,0.0581,3
SYN-0039,2026-01-06 07:50:00,meal_disturbance,37.66,0.0581,1
SYN-0039,2026-01-06 13:03:00,meal_disturbance,31.846,0.0581,2
SYN-0039,2026-01-06 18:27:00,meal_disturbance,25.438,0.0581,3
SYN-0039,2026-01-07 07:42:00,meal_plus_hyperglycemic_excursion,68.617,0.0581,1
SYN-0039,2026-01-07 12:59:00,meal_disturbance,24.185,0.0581,2
SYN-0039,2026-01-07 18:36:00,meal_disturbance,37.329,0.0581,3
SYN-0040,2026-01-01 07:51:00,meal_disturbance,17.912,0.06865,1
SYN-0040,2026-01-01 12:59:00,meal_disturbance,36.543,0.06865,2
SYN-0040,2026-01-01 18:50:00,meal_disturbance,39.719,0.06865,3
SYN-0040,2026-01-02 07:48:00,meal_disturbance,37.588,0.06865,1
SYN-0040,2026-01-02 12:59:00,meal_disturbance,44.343,0.06865,2
SYN-0040,2026-01-02 19:12:00,meal_disturbance,25.011,0.06865,3
SYN-0040,2026-01-03 08:09:00,meal_disturbance,36.82,0.06865,1
SYN-0040,2026-01-03 12:39:00,meal_disturbance,33.147,0.06865,2
SYN-0040,2026-01-03 19:05:00,meal_disturbance,44.266,0.06865,3
SYN-0040,2026-01-04 07:06:00,meal_disturbance,31.668,0.06865,1
SYN-0040,2026-01-04 12:28:00,meal_disturbance,37.541,0.06865,2
SYN-0040,2026-01-04 19:24:00,meal_disturbance,35.641,0.06865,3
SYN-0040,2026-01-05 08:36:00,meal_disturbance,32.437,0.06865,1
SYN-0040,2026-01-05 12:53:00,meal_disturbance,40.458,0.06865,2
SYN-0040,2026-01-05 19:04:00,meal_disturbance,49.918,0.06865,3
SYN-0040,2026-01-06 07:33:00,meal_disturbance,44.429,0.06865,1
SYN-0040,2026-01-06 12:19:00,meal_disturbance,36.541,0.06865,2
SYN-0040,2026-01-06 19:04:00,meal_disturbance,26.303,0.06865,3
SYN-0040,2026-01-07 07:59:00,meal_plus_hyperglycemic_excursion,65.187,0.06865,1
SYN-0040,2026-01-07 12:41:00,meal_disturbance,43.572,0.06865,2
SYN-0040,2026-01-07 18:51:00,meal_disturbance,43.444,0.06865,3
SYN-0041,2026-01-01 07:22:00,meal_disturbance,57.674,0.04954,1
SYN-0041,2026-01-01 13:31:00,meal_plus_hyperglycemic_excursion,127.171,0.04954,2
SYN-0041,2026-01-01 17:46:00,meal_plus_hyperglycemic_excursion,102.098,0.04954,3
SYN-0041,2026-01-02 09:07:00,meal_disturbance,53.723,0.04954,1
SYN-0041,2026-01-02 13:06:00,meal_disturbance,61.733,0.04954,2
SYN-0041,2026-01-02 19:51:00,meal_disturbance,63.938,0.04954,3
SYN-0041,2026-01-03 08:30:00,meal_plus_hyperglycemic_excursion,118.483,0.04954,1
SYN-0041,2026-01-03 12:47:00,meal_disturbance,74.566,0.04954,2
SYN-0041,2026-01-03 18:50:00,meal_disturbance,48.198,0.04954,3
SYN-0041,2026-01-04 07:44:00,meal_disturbance,67.156,0.04954,1
SYN-0041,2026-01-04 14:15:00,meal_disturbance,59.43,0.04954,2
SYN-0041,2026-01-04 18:50:00,meal_disturbance,54.513,0.04954,3
SYN-0041,2026-01-05 08:00:00,meal_disturbance,54.687,0.04954,1
SYN-0041,2026-01-05 13:32:00,meal_disturbance,69.534,0.04954,2
SYN-0041,2026-01-05 18:48:00,meal_disturbance,85.898,0.04954,3
SYN-0041,2026-01-06 09:03:00,meal_plus_hyperglycemic_excursion,96.61,0.04954,1
SYN-0041,2026-01-06 13:26:00,meal_disturbance,64.031,0.04954,2
SYN-0041,2026-01-06 18:40:00,meal_plus_hyperglycemic_excursion,115.462,0.04954,3
SYN-0041,2026-01-07 08:32:00,meal_disturbance,68.389,0.04954,1
SYN-0041,2026-01-07 13:46:00,meal_plus_hyperglycemic_excursion,99.823,0.04954,2
SYN-0041,2026-01-07 19:13:00,meal_disturbance,69.968,0.04954,3
SYN-0042,2026-01-01 07:38:00,meal_plus_hyperglycemic_excursion,97.485,0.0376,1
SYN-0042,2026-01-01 12:32:00,meal_disturbance,70.557,0.0376,2
SYN-0042,2026-01-01 19:21:00,meal_disturbance,55.57,0.0376,3
SYN-0042,2026-01-02 07:54:00,meal_disturbance,70.227,0.0376,1
SYN-0042,2026-01-02 12:24:00,meal_plus_hyperglycemic_excursion,126.387,0.0376,2
SYN-0042,2026-01-02 18:10:00,meal_plus_hyperglycemic_excursion,119.409,0.0376,3
SYN-0042,2026-01-03 08:43:00,meal_disturbance,59.779,0.0376,1
SYN-0042,2026-01-03 12:36:00,meal_disturbance,48.806,0.0376,2
SYN-0042,2026-01-03 18:58:00,meal_plus_hyperglycemic_excursion,143.464,0.0376,3
SYN-0042,2026-01-04 07:49:00,meal_disturbance,65.61,0.0376,1
SYN-0042,2026-01-04 13:06:00,meal_disturbance,52.183,0.0376,2
SYN-0042,2026-01-04 19:02:00,meal_disturbance,61.042,0.0376,3
SYN-0042,2026-01-05 08:42:00,meal_plus_hyperglycemic_excursion,108.556,0.0376,1
SYN-0042,2026-01-05 13:48:00,meal_disturbance,84.543,0.0376,2
SYN-0042,2026-01-05 18:58:00,meal_disturbance,53.131,0.0376,3
SYN-0042,2026-01-06 08:15:00,meal_plus_hyperglycemic_excursion,113.598,0.0376,1
SYN-0042,2026-01-06 12:56:00,meal_disturbance,58.72,0.0376,2
SYN-0042,2026-01-06 19:02:00,meal_plus_hyperglycemic_excursion,95.231,0.0376,3
SYN-0042,2026-01-07 08:29:00,meal_disturbance,63.793,0.0376,1
SYN-0042,2026-01-07 12:44:00,meal_disturbance,68.011,0.0376,2
SYN-0042,2026-01-07 19:03:00,meal_disturbance,76.993,0.0376,3
SYN-0043,2026-01-01 07:22:00,meal_plus_hyperglycemic_excursion,102.638,0.03749,1
SYN-0043,2026-01-01 12:58:00,meal_disturbance,44.976,0.03749,2
SYN-0043,2026-01-01 18:14:00,meal_disturbance,50.351,0.03749,3
SYN-0043,2026-01-02 08:54:00,meal_disturbance,43.467,0.03749,1
SYN-0043,2026-01-02 13:54:00,meal_plus_hyperglycemic_excursion,78.0,0.03749,2
SYN-0043,2026-01-02 18:51:00,meal_plus_hyperglycemic_excursion,83.511,0.03749,3
SYN-0043,2026-01-03 07:12:00,meal_disturbance,33.23,0.03749,1
SYN-0043,2026-01-03 13:49:00,meal_plus_hyperglycemic_excursion,87.219,0.03749,2
SYN-0043,2026-01-03 18:44:00,meal_disturbance,38.811,0.03749,3
SYN-0043,2026-01-04 08:00:00,meal_disturbance,42.558,0.03749,1
SYN-0043,2026-01-04 14:04:00,meal_disturbance,43.409,0.03749,2
SYN-0043,2026-01-04 19:26:00,meal_disturbance,39.937,0.03749,3
SYN-0043,2026-01-05 08:18:00,meal_disturbance,43.924,0.03749,1
SYN-0043,2026-01-05 12:59:00,meal_disturbance,48.063,0.03749,2
SYN-0043,2026-01-05 18:22:00,meal_disturbance,40.731,0.03749,3
SYN-0043,2026-01-06 07:58:00,meal_disturbance,45.799,0.03749,1
SYN-0043,2026-01-06 13:12:00,meal_disturbance,41.161,0.03749,2
SYN-0043,2026-01-06 19:06:00,meal_disturbance,43.236,0.03749,3
SYN-0043,2026-01-07 08:02:00,meal_disturbance,38.97,0.03749,1
SYN-0043,2026-01-07 12:26:00,meal_disturbance,35.857,0.03749,2
SYN-0043,2026-01-07 19:15:00,meal_disturbance,49.309,0.03749,3
SYN-0044,2026-01-01 07:55:00,meal_disturbance,60.97,0.03888,1
SYN-0044,2026-01-01 12:21:00,meal_disturbance,41.988,0.03888,2
SYN-0044,2026-01-01 18:43:00,meal_disturbance,64.572,0.03888,3
SYN-0044,2026-01-02 07:58:00,meal_disturbance,41.993,0.03888,1
SYN-0044,2026-01-02 13:30:00,meal_disturbance,47.499,0.03888,2
SYN-0044,2026-01-02 18:54:00,meal_disturbance,61.504,0.03888,3
SYN-0044,2026-01-03 08:10:00,meal_disturbance,48.862,0.03888,1
SYN-0044,2026-01-03 12:29:00,meal_disturbance,67.75,0.03888,2
SYN-0044,2026-01-03 18:28:00,meal_disturbance,54.62,0.03888,3
SYN-0044,2026-01-04 07:30:00,meal_disturbance,49.195,0.03888,1
SYN-0044,2026-01-04 12:29:00,meal_disturbance,59.877,0.03888,2
SYN-0044,2026-01-04 19:12:00,meal_disturbance,39.453,0.03888,3
SYN-0044,2026-01-05 08:22:00,meal_disturbance,37.217,0.03888,1
SYN-0044,2026-01-05 13:39:00,meal_disturbance,71.944,0.03888,2
SYN-0044,2026-01-05 19:11:00,meal_plus_hyperglycemic_excursion,101.705,0.03888,3
SYN-0044,2026-01-06 07:58:00,meal_disturbance,64.909,0.03888,1
SYN-0044,2026-01-06 13:22:00,meal_plus_hyperglycemic_excursion,103.834,0.03888,2
SYN-0044,2026-01-06 19:06:00,meal_disturbance,48.767,0.03888,3
SYN-0044,2026-01-07 07:23:00,meal_disturbance,58.523,0.03888,1
SYN-0044,2026-01-07 12:51:00,meal_disturbance,71.258,0.03888,2
SYN-0044,2026-01-07 18:59:00,meal_disturbance,70.648,0.03888,3
SYN-0045,2026-01-01 08:15:00,meal_disturbance,56.131,0.04892,1
SYN-0045,2026-01-01 12:22:00,meal_disturbance,49.424,0.04892,2
SYN-0045,2026-01-01 18:51:00,meal_disturbance,43.198,0.04892,3
SYN-0045,2026-01-02 07:58:00,meal_disturbance,50.11,0.04892,1
SYN-0045,2026-01-02 13:43:00,meal_disturbance,56.917,0.04892,2
SYN-0045,2026-01-02 19:25:00,meal_disturbance,61.132,0.04892,3
SYN-0045,2026-01-03 07:41:00,meal_disturbance,45.074,0.04892,1
SYN-0045,2026-01-03 13:33:00,meal_disturbance,48.631,0.04892,2
SYN-0045,2026-01-03 18:37:00,meal_disturbance,63.327,0.04892,3
SYN-0045,2026-01-04 08:12:00,meal_disturbance,63.441,0.04892,1
SYN-0045,2026-01-04 13:21:00,meal_disturbance,49.266,0.04892,2
SYN-0045,2026-01-04 19:28:00,meal_plus_hyperglycemic_excursion,101.33,0.04892,3
SYN-0045,2026-01-05 07:44:00,meal_disturbance,78.646,0.04892,1
SYN-0045,2026-01-05 13:41:00,meal_disturbance,67.159,0.04892,2
SYN-0045,2026-01-05 19:32:00,meal_disturbance,32.816,0.04892,3
SYN-0045,2026-01-06 07:40:00,meal_plus_hyperglycemic_excursion,123.527,0.04892,1
SYN-0045,2026-01-06 13:14:00,meal_disturbance,76.268,0.04892,2
SYN-0045,2026-01-06 18:10:00,meal_disturbance,84.804,0.04892,3
SYN-0045,2026-01-07 08:46:00,meal_disturbance,73.454,0.04892,1
SYN-0045,2026-01-07 12:22:00,meal_disturbance,65.831,0.04892,2
SYN-0045,2026-01-07 18:26:00,meal_disturbance,79.301,0.04892,3
SYN-0046,2026-01-01 07:38:00,meal_disturbance,56.933,0.04664,1
SYN-0046,2026-01-01 12:11:00,meal_disturbance,86.745,0.04664,2
SYN-0046,2026-01-01 18:13:00,meal_disturbance,67.501,0.04664,3
SYN-0046,2026-01-02 08:13:00,meal_plus_hyperglycemic_excursion,105.846,0.04664,1
SYN-0046,2026-01-02 13:25:00,meal_disturbance,75.336,0.04664,2
SYN-0046,2026-01-02 18:48:00,meal_disturbance,93.008,0.04664,3
SYN-0046,2026-01-03 08:39:00,meal_plus_hyperglycemic_excursion,127.465,0.04664,1
SYN-0046,2026-01-03 13:09:00,meal_disturbance,45.298,0.04664,2
SYN-0046,2026-01-03 18:57:00,meal_disturbance,66.824,0.04664,3
SYN-0046,2026-01-04 08:31:00,meal_disturbance,67.1,0.04664,1
SYN-0046,2026-01-04 13:00:00,meal_disturbance,74.269,0.04664,2
SYN-0046,2026-01-04 18:48:00,meal_plus_hyperglycemic_excursion,147.872,0.04664,3
SYN-0046,2026-01-05 08:48:00,meal_disturbance,74.287,0.04664,1
SYN-0046,2026-01-05 13:50:00,meal_disturbance,55.814,0.04664,2
SYN-0046,2026-01-05 19:22:00,meal_plus_hyperglycemic_excursion,119.337,0.04664,3
SYN-0046,2026-01-06 07:42:00,meal_disturbance,49.079,0.04664,1
SYN-0046,2026-01-06 12:38:00,meal_disturbance,55.155,0.04664,2
SYN-0046,2026-01-06 18:08:00,meal_disturbance,75.562,0.04664,3
SYN-0046,2026-01-07 08:33:00,meal_plus_hyperglycemic_excursion,123.745,0.04664,1
SYN-0046,2026-01-07 12:12:00,meal_plus_hyperglycemic_excursion,108.375,0.04664,2
SYN-0046,2026-01-07 18:49:00,meal_disturbance,73.664,0.04664,3
SYN-0047,2026-01-01 08:36:00,meal_disturbance,44.583,0.04109,1
SYN-0047,2026-01-01 13:50:00,meal_disturbance,60.491,0.04109,2
SYN-0047,2026-01-01 19:28:00,meal_disturbance,35.854,0.04109,3
SYN-0047,2026-01-02 08:09:00,meal_disturbance,32.477,0.04109,1
SYN-0047,2026-01-02 13:44:00,meal_disturbance,56.586,0.04109,2
SYN-0047,2026-01-02 19:33:00,meal_disturbance,50.629,0.04109,3
SYN-0047,2026-01-03 07:59:00,meal_disturbance,45.672,0.04109,1
SYN-0047,2026-01-03 13:23:00,meal_plus_hyperglycemic_excursion,84.024,0.04109,2
SYN-0047,2026-01-03 19:00:00,meal_disturbance,38.619,0.04109,3
SYN-0047,2026-01-04 07:26:00,meal_disturbance,69.696,0.04109,1
SYN-0047,2026-01-04 13:11:00,meal_plus_hyperglycemic_excursion,93.172,0.04109,2
SYN-0047,2026-01-04 18:14:00,meal_disturbance,56.993,0.04109,3
SYN-0047,2026-01-05 08:38:00,meal_plus_hyperglycemic_excursion,100.545,0.04109,1
SYN-0047,2026-01-05 13:41:00,meal_plus_hyperglycemic_excursion,106.781,0.04109,2
SYN-0047,2026-01-05 18:36:00,meal_disturbance,42.078,0.04109,3
SYN-0047,2026-01-06 07:42:00,meal_disturbance,49.662,0.04109,1
SYN-0047,2026-01-06 13:22:00,meal_disturbance,49.391,0.04109,2
SYN-0047,2026-01-06 19:41:00,meal_disturbance,52.021,0.04109,3
SYN-0047,2026-01-07 07:03:00,meal_disturbance,44.146,0.04109,1
SYN-0047,2026-01-07 13:35:00,meal_disturbance,50.321,0.04109,2
SYN-0047,2026-01-07 19:25:00,meal_disturbance,49.824,0.04109,3
SYN-0048,2026-01-01 07:31:00,meal_disturbance,64.277,0.04086,1
SYN-0048,2026-01-01 13:40:00,meal_disturbance,71.524,0.04086,2
SYN-0048,2026-01-01 19:21:00,meal_disturbance,86.562,0.04086,3
SYN-0048,2026-01-02 08:11:00,meal_plus_hyperglycemic_excursion,122.397,0.04086,1
SYN-0048,2026-01-02 13:39:00,meal_disturbance,66.131,0.04086,2
SYN-0048,2026-01-02 19:23:00,meal_disturbance,76.099,0.04086,3
SYN-0048,2026-01-03 07:07:00,meal_disturbance,70.678,0.04086,1
SYN-0048,2026-01-03 13:09:00,meal_disturbance,57.839,0.04086,2
SYN-0048,2026-01-03 19:16:00,meal_disturbance,82.171,0.04086,3
SYN-0048,2026-01-04 07:33:00,meal_disturbance,59.445,0.04086,1
SYN-0048,2026-01-04 13:38:00,meal_disturbance,50.064,0.04086,2
SYN-0048,2026-01-04 18:55:00,meal_plus_hyperglycemic_excursion,127.59,0.04086,3
SYN-0048,2026-01-05 08:13:00,meal_plus_hyperglycemic_excursion,150.215,0.04086,1
SYN-0048,2026-01-05 12:21:00,meal_disturbance,60.027,0.04086,2
SYN-0048,2026-01-05 19:33:00,meal_disturbance,78.307,0.04086,3
SYN-0048,2026-01-06 09:03:00,meal_disturbance,69.369,0.04086,1
SYN-0048,2026-01-06 12:48:00,meal_disturbance,47.35,0.04086,2
SYN-0048,2026-01-06 19:44:00,meal_plus_hyperglycemic_excursion,130.274,0.04086,3
SYN-0048,2026-01-07 07:10:00,meal_disturbance,74.783,0.04086,1
SYN-0048,2026-01-07 13:40:00,meal_disturbance,72.259,0.04086,2
SYN-0048,2026-01-07 19:03:00,meal_disturbance,62.434,0.04086,3
SYN-0049,2026-01-01 07:43:00,meal_plus_hyperglycemic_excursion,110.503,0.03776,1
SYN-0049,2026-01-01 12:49:00,meal_disturbance,49.786,0.03776,2
SYN-0049,2026-01-01 19:14:00,meal_plus_hyperglycemic_excursion,95.466,0.03776,3
SYN-0049,2026-01-02 08:25:00,meal_disturbance,43.347,0.03776,1
SYN-0049,2026-01-02 13:39:00,meal_disturbance,53.057,0.03776,2
SYN-0049,2026-01-02 19:12:00,meal_disturbance,34.573,0.03776,3
SYN-0049,2026-01-03 09:21:00,meal_disturbance,32.696,0.03776,1
SYN-0049,2026-01-03 13:24:00,meal_plus_hyperglycemic_excursion,109.698,0.03776,2
SYN-0049,2026-01-03 18:48:00,meal_disturbance,37.564,0.03776,3
SYN-0049,2026-01-04 07:39:00,meal_disturbance,58.433,0.03776,1
SYN-0049,2026-01-04 13:22:00,meal_plus_hyperglycemic_excursion,108.469,0.03776,2
SYN-0049,2026-01-04 18:42:00,meal_disturbance,39.711,0.03776,3
SYN-0049,2026-01-05 07:33:00,meal_disturbance,43.062,0.03776,1
SYN-0049,2026-01-05 12:57:00,meal_disturbance,43.879,0.03776,2
SYN-0049,2026-01-05 19:15:00,meal_disturbance,60.347,0.03776,3
SYN-0049,2026-01-06 08:49:00,meal_disturbance,48.088,0.03776,1
SYN-0049,2026-01-06 11:52:00,meal_disturbance,54.341,0.03776,2
SYN-0049,2026-01-06 18:45:00,meal_disturbance,46.932,0.03776,3
SYN-0049,2026-01-07 07:25:00,meal_plus_hyperglycemic_excursion,106.222,0.03776,1
SYN-0049,2026-01-07 12:00:00,meal_disturbance,55.801,0.03776,2
SYN-0049,2026-01-07 18:28:00,meal_disturbance,55.306,0.03776,3
SYN-0050,2026-01-01 07:42:00,meal_disturbance,39.724,0.04713,1
SYN-0050,2026-01-01 13:21:00,meal_disturbance,38.673,0.04713,2
SYN-0050,2026-01-01 18:17:00,meal_disturbance,43.385,0.04713,3
SYN-0050,2026-01-02 07:10:00,meal_disturbance,40.024,0.04713,1
SYN-0050,2026-01-02 13:03:00,meal_disturbance,47.274,0.04713,2
SYN-0050,2026-01-02 18:13:00,meal_disturbance,28.07,0.04713,3
SYN-0050,2026-01-03 07:37:00,meal_disturbance,50.367,0.04713,1
SYN-0050,2026-01-03 12:32:00,meal_disturbance,32.071,0.04713,2
SYN-0050,2026-01-03 19:03:00,meal_disturbance,39.679,0.04713,3
SYN-0050,2026-01-04 07:47:00,meal_disturbance,45.899,0.04713,1
SYN-0050,2026-01-04 13:31:00,meal_disturbance,34.961,0.04713,2
SYN-0050,2026-01-04 19:00:00,meal_plus_hyperglycemic_excursion,94.788,0.04713,3
SYN-0050,2026-01-05 08:32:00,meal_disturbance,34.283,0.04713,1
SYN-0050,2026-01-05 12:32:00,meal_disturbance,43.38,0.04713,2
SYN-0050,2026-01-05 19:00:00,meal_disturbance,26.779,0.04713,3
SYN-0050,2026-01-06 09:04:00,meal_disturbance,48.22,0.04713,1
SYN-0050,2026-01-06 12:57:00,meal_disturbance,40.668,0.04713,2
SYN-0050,2026-01-06 19:13:00,meal_disturbance,36.828,0.04713,3
SYN-0050,2026-01-07 07:52:00,meal_disturbance,27.166,0.04713,1
SYN-0050,2026-01-07 12:55:00,meal_disturbance,35.128,0.04713,2
SYN-0050,2026-01-07 18:27:00,meal_disturbance,26.926,0.04713,3
SYN-0051,2026-01-01 06:39:00,meal_disturbance,59.774,0.04178,1
SYN-0051,2026-01-01 12:54:00,meal_disturbance,51.58,0.04178,2
SYN-0051,2026-01-01 19:27:00,meal_disturbance,68.905,0.04178,3
SYN-0051,2026-01-02 08:16:00,meal_disturbance,47.892,0.04178,1
SYN-0051,2026-01-02 12:57:00,meal_disturbance,52.722,0.04178,2
SYN-0051,2026-01-02 18:53:00,meal_disturbance,71.634,0.04178,3
SYN-0051,2026-01-03 07:38:00,meal_disturbance,54.944,0.04178,1
SYN-0051,2026-01-03 13:39:00,meal_disturbance,61.513,0.04178,2
SYN-0051,2026-01-03 19:09:00,meal_disturbance,44.344,0.04178,3
SYN-0051,2026-01-04 08:30:00,meal_disturbance,65.197,0.04178,1
SYN-0051,2026-01-04 13:30:00,meal_disturbance,48.396,0.04178,2
SYN-0051,2026-01-04 18:17:00,meal_plus_hyperglycemic_excursion,115.752,0.04178,3
SYN-0051,2026-01-05 08:37:00,meal_disturbance,35.41,0.04178,1
SYN-0051,2026-01-05 13:28:00,meal_disturbance,30.795,0.04178,2
SYN-0051,2026-01-05 18:56:00,meal_disturbance,72.512,0.04178,3
SYN-0051,2026-01-06 08:36:00,meal_disturbance,66.392,0.04178,1
SYN-0051,2026-01-06 12:39:00,meal_plus_hyperglycemic_excursion,138.767,0.04178,2
SYN-0051,2026-01-06 19:21:00,meal_disturbance,67.688,0.04178,3
SYN-0051,2026-01-07 08:22:00,meal_disturbance,48.112,0.04178,1
SYN-0051,2026-01-07 13:01:00,meal_disturbance,61.813,0.04178,2
SYN-0051,2026-01-07 19:19:00,meal_disturbance,55.674,0.04178,3
SYN-0052,2026-01-01 08:43:00,meal_disturbance,79.889,0.04918,1
SYN-0052,2026-01-01 13:13:00,meal_disturbance,47.702,0.04918,2
SYN-0052,2026-01-01 18:00:00,meal_disturbance,39.245,0.04918,3
SYN-0052,2026-01-02 08:31:00,meal_plus_hyperglycemic_excursion,140.119,0.04918,1
SYN-0052,2026-01-02 13:30:00,meal_disturbance,72.495,0.04918,2
SYN-0052,2026-01-02 18:43:00,meal_disturbance,66.49,0.04918,3
SYN-0052,2026-01-03 08:12:00,meal_disturbance,52.221,0.04918,1
SYN-0052,2026-01-03 13:35:00,meal_disturbance,54.366,0.04918,2
SYN-0052,2026-01-03 18:14:00,meal_disturbance,62.872,0.04918,3
SYN-0052,2026-01-04 07:29:00,meal_disturbance,63.298,0.04918,1
SYN-0052,2026-01-04 13:04:00,meal_disturbance,75.845,0.04918,2
SYN-0052,2026-01-04 18:12:00,meal_disturbance,66.86,0.04918,3
SYN-0052,2026-01-05 09:12:00,meal_disturbance,68.297,0.04918,1
SYN-0052,2026-01-05 13:21:00,meal_disturbance,59.527,0.04918,2
SYN-0052,2026-01-05 20:07:00,meal_disturbance,72.335,0.04918,3
SYN-0052,2026-01-06 06:48:00,meal_disturbance,40.322,0.04918,1
SYN-0052,2026-01-06 12:52:00,meal_disturbance,59.387,0.04918,2
SYN-0052,2026-01-06 19:55:00,meal_plus_hyperglycemic_excursion,120.75,0.04918,3
SYN-0052,2026-01-07 09:11:00,meal_disturbance,65.983,0.04918,1
SYN-0052,2026-01-07 12:10:00,meal_disturbance,63.617,0.04918,2
SYN-0052,2026-01-07 17:41:00,meal_disturbance,61.052,0.04918,3
SYN-0053,2026-01-01 08:27:00,meal_disturbance,54.07,0.05041,1
SYN-0053,2026-01-01 14:01:00,meal_disturbance,86.733,0.05041,2
SYN-0053,2026-01-01 19:33:00,meal_disturbance,71.1,0.05041,3
SYN-0053,2026-01-02 07:09:00,meal_disturbance,51.144,0.05041,1
SYN-0053,2026-01-02 13:00:00,meal_disturbance,78.965,0.05041,2
SYN-0053,2026-01-02 19:07:00,meal_disturbance,34.868,0.05041,3
SYN-0053,2026-01-03 07:31:00,meal_disturbance,70.61,0.05041,1
SYN-0053,2026-01-03 12:52:00,meal_disturbance,67.934,0.05041,2
SYN-0053,2026-01-03 18:50:00,meal_disturbance,84.046,0.05041,3
SYN-0053,2026-01-04 09:09:00,meal_disturbance,65.225,0.05041,1
SYN-0053,2026-01-04 13:20:00,meal_disturbance,61.796,0.05041,2
SYN-0053,2026-01-04 19:28:00,meal_disturbance,78.189,0.05041,3
SYN-0053,2026-01-05 07:51:00,meal_disturbance,66.311,0.05041,1
SYN-0053,2026-01-05 12:43:00,meal_disturbance,74.816,0.05041,2
SYN-0053,2026-01-05 18:12:00,meal_disturbance,72.821,0.05041,3
SYN-0053,2026-01-06 08:14:00,meal_disturbance,81.136,0.05041,1
SYN-0053,2026-01-06 12:14:00,meal_disturbance,78.843,0.05041,2
SYN-0053,2026-01-06 18:22:00,meal_disturbance,51.937,0.05041,3
SYN-0053,2026-01-07 07:18:00,meal_disturbance,57.986,0.05041,1
SYN-0053,2026-01-07 13:06:00,meal_disturbance,79.693,0.05041,2
SYN-0053,2026-01-07 18:27:00,meal_plus_hyperglycemic_excursion,102.397,0.05041,3
SYN-0054,2026-01-01 08:55:00,meal_disturbance,72.456,0.05759,1
SYN-0054,2026-01-01 14:04:00,meal_disturbance,57.792,0.05759,2
SYN-0054,2026-01-01 18:38:00,meal_disturbance,74.033,0.05759,3
SYN-0054,2026-01-02 07:05:00,meal_disturbance,55.409,0.05759,1
SYN-0054,2026-01-02 12:22:00,meal_disturbance,54.021,0.05759,2
SYN-0054,2026-01-02 17:17:00,meal_disturbance,46.154,0.05759,3
SYN-0054,2026-01-03 07:45:00,meal_disturbance,47.862,0.05759,1
SYN-0054,2026-01-03 12:50:00,meal_disturbance,59.177,0.05759,2
SYN-0054,2026-01-03 20:21:00,meal_disturbance,69.186,0.05759,3
SYN-0054,2026-01-04 07:12:00,meal_disturbance,59.553,0.05759,1
SYN-0054,2026-01-04 13:25:00,meal_plus_hyperglycemic_excursion,143.111,0.05759,2
SYN-0054,2026-01-04 19:39:00,meal_disturbance,67.832,0.05759,3
SYN-0054,2026-01-05 08:53:00,meal_disturbance,70.457,0.05759,1
SYN-0054,2026-01-05 13:05:00,meal_disturbance,34.936,0.05759,2
SYN-0054,2026-01-05 18:25:00,meal_disturbance,60.384,0.05759,3
SYN-0054,2026-01-06 07:45:00,meal_plus_hyperglycemic_excursion,136.598,0.05759,1
SYN-0054,2026-01-06 13:03:00,meal_disturbance,75.258,0.05759,2
SYN-0054,2026-01-06 18:10:00,meal_disturbance,55.449,0.05759,3
SYN-0054,2026-01-07 07:10:00,meal_disturbance,65.497,0.05759,1
SYN-0054,2026-01-07 12:29:00,meal_disturbance,66.03,0.05759,2
SYN-0054,2026-01-07 18:44:00,meal_disturbance,77.061,0.05759,3
SYN-0055,2026-01-01 07:16:00,meal_disturbance,56.708,0.04479,1
SYN-0055,2026-01-01 13:16:00,meal_disturbance,76.741,0.04479,2
SYN-0055,2026-01-01 18:55:00,meal_disturbance,56.548,0.04479,3
SYN-0055,2026-01-02 07:55:00,meal_disturbance,56.168,0.04479,1
SYN-0055,2026-01-02 13:16:00,meal_disturbance,51.768,0.04479,2
SYN-0055,2026-01-02 18:52:00,meal_disturbance,51.198,0.04479,3
SYN-0055,2026-01-03 07:44:00,meal_disturbance,94.716,0.04479,1
SYN-0055,2026-01-03 13:26:00,meal_disturbance,66.298,0.04479,2
SYN-0055,2026-01-03 18:29:00,meal_disturbance,59.796,0.04479,3
SYN-0055,2026-01-04 07:11:00,meal_plus_hyperglycemic_excursion,86.438,0.04479,1
SYN-0055,2026-01-04 12:57:00,meal_disturbance,75.0,0.04479,2
SYN-0055,2026-01-04 18:50:00,meal_disturbance,98.554,0.04479,3
SYN-0055,2026-01-05 07:17:00,meal_disturbance,55.094,0.04479,1
SYN-0055,2026-01-05 12:39:00,meal_plus_hyperglycemic_excursion,109.533,0.04479,2
SYN-0055,2026-01-05 18:21:00,meal_disturbance,76.618,0.04479,3
SYN-0055,2026-01-06 07:39:00,meal_disturbance,44.869,0.04479,1
SYN-0055,2026-01-06 12:50:00,meal_disturbance,72.654,0.04479,2
SYN-0055,2026-01-06 19:20:00,meal_plus_hyperglycemic_excursion,136.344,0.04479,3
SYN-0055,2026-01-07 06:32:00,meal_disturbance,67.828,0.04479,1
SYN-0055,2026-01-07 13:21:00,meal_disturbance,55.39,0.04479,2
SYN-0055,2026-01-07 18:20:00,meal_disturbance,57.803,0.04479,3
SYN-0056,2026-01-01 08:18:00,meal_disturbance,49.802,0.051,1
SYN-0056,2026-01-01 13:37:00,meal_disturbance,57.667,0.051,2
SYN-0056,2026-01-01 19:06:00,meal_disturbance,48.928,0.051,3
SYN-0056,2026-01-02 07:54:00,meal_disturbance,71.304,0.051,1
SYN-0056,2026-01-02 11:54:00,meal_plus_hyperglycemic_excursion,130.896,0.051,2
SYN-0056,2026-01-02 18:50:00,meal_disturbance,76.909,0.051,3
SYN-0056,2026-01-03 08:33:00,meal_disturbance,71.932,0.051,1
SYN-0056,2026-01-03 11:50:00,meal_disturbance,41.555,0.051,2
SYN-0056,2026-01-03 19:24:00,meal_disturbance,73.903,0.051,3
SYN-0056,2026-01-04 09:05:00,meal_disturbance,35.234,0.051,1
SYN-0056,2026-01-04 13:12:00,meal_plus_hyperglycemic_excursion,92.139,0.051,2
SYN-0056,2026-01-04 19:04:00,meal_disturbance,46.997,0.051,3
SYN-0056,2026-01-05 07:54:00,meal_disturbance,57.411,0.051,1
SYN-0056,2026-01-05 13:38:00,meal_disturbance,36.636,0.051,2
SYN-0056,2026-01-05 18:46:00,meal_disturbance,51.942,0.051,3
SYN-0056,2026-01-06 08:50:00,meal_disturbance,49.766,0.051,1
SYN-0056,2026-01-06 13:13:00,meal_disturbance,59.813,0.051,2
SYN-0056,2026-01-06 19:35:00,meal_disturbance,68.877,0.051,3
SYN-0056,2026-01-07 08:34:00,meal_disturbance,58.649,0.051,1
SYN-0056,2026-01-07 13:16:00,meal_plus_hyperglycemic_excursion,83.143,0.051,2
SYN-0056,2026-01-07 18:23:00,meal_disturbance,59.942,0.051,3
SYN-0057,2026-01-01 06:26:00,meal_disturbance,65.253,0.05682,1
SYN-0057,2026-01-01 12:46:00,meal_disturbance,65.31,0.05682,2
SYN-0057,2026-01-01 17:47:00,meal_disturbance,51.994,0.05682,3
SYN-0057,2026-01-02 08:03:00,meal_disturbance,50.023,0.05682,1
SYN-0057,2026-01-02 12:18:00,meal_disturbance,66.881,0.05682,2
SYN-0057,2026-01-02 19:20:00,meal_disturbance,51.679,0.05682,3
SYN-0057,2026-01-03 08:19:00,meal_plus_hyperglycemic_excursion,139.398,0.05682,1
SYN-0057,2026-01-03 12:59:00,meal_plus_hyperglycemic_excursion,125.737,0.05682,2
SYN-0057,2026-01-03 19:12:00,meal_disturbance,40.004,0.05682,3
SYN-0057,2026-01-04 07:44:00,meal_disturbance,58.912,0.05682,1
SYN-0057,2026-01-04 12:09:00,meal_disturbance,82.29,0.05682,2
SYN-0057,2026-01-04 19:26:00,meal_disturbance,98.929,0.05682,3
SYN-0057,2026-01-05 06:26:00,meal_disturbance,57.162,0.05682,1
SYN-0057,2026-01-05 12:42:00,meal_disturbance,68.488,0.05682,2
SYN-0057,2026-01-05 18:34:00,meal_disturbance,83.814,0.05682,3
SYN-0057,2026-01-06 07:53:00,meal_plus_hyperglycemic_excursion,133.873,0.05682,1
SYN-0057,2026-01-06 14:03:00,meal_disturbance,54.877,0.05682,2
SYN-0057,2026-01-06 18:57:00,meal_disturbance,52.748,0.05682,3
SYN-0057,2026-01-07 08:39:00,meal_plus_hyperglycemic_excursion,124.29,0.05682,1
SYN-0057,2026-01-07 14:02:00,meal_disturbance,66.07,0.05682,2
SYN-0057,2026-01-07 19:41:00,meal_disturbance,51.067,0.05682,3
SYN-0058,2026-01-01 07:56:00,meal_plus_hyperglycemic_excursion,108.519,0.03783,1
SYN-0058,2026-01-01 14:18:00,meal_plus_hyperglycemic_excursion,108.044,0.03783,2
SYN-0058,2026-01-01 19:10:00,meal_plus_hyperglycemic_excursion,100.049,0.03783,3
SYN-0058,2026-01-02 09:37:00,meal_disturbance,32.579,0.03783,1
SYN-0058,2026-01-02 12:05:00,meal_disturbance,38.537,0.03783,2
SYN-0058,2026-01-02 19:02:00,meal_disturbance,47.398,0.03783,3
SYN-0058,2026-01-03 07:28:00,meal_disturbance,52.487,0.03783,1
SYN-0058,2026-01-03 13:13:00,meal_disturbance,50.771,0.03783,2
SYN-0058,2026-01-03 19:33:00,meal_disturbance,40.015,0.03783,3
SYN-0058,2026-01-04 07:42:00,meal_disturbance,49.087,0.03783,1
SYN-0058,2026-01-04 12:07:00,meal_disturbance,59.05,0.03783,2
SYN-0058,2026-01-04 19:16:00,meal_disturbance,54.842,0.03783,3
SYN-0058,2026-01-05 07:48:00,meal_disturbance,58.234,0.03783,1
SYN-0058,2026-01-05 13:13:00,meal_disturbance,55.686,0.03783,2
SYN-0058,2026-01-05 19:38:00,meal_disturbance,46.479,0.03783,3
SYN-0058,2026-01-06 07:45:00,meal_disturbance,61.756,0.03783,1
SYN-0058,2026-01-06 12:20:00,meal_disturbance,39.67,0.03783,2
SYN-0058,2026-01-06 18:28:00,meal_disturbance,53.918,0.03783,3
SYN-0058,2026-01-07 08:02:00,meal_disturbance,49.261,0.03783,1
SYN-0058,2026-01-07 13:00:00,meal_disturbance,46.668,0.03783,2
SYN-0058,2026-01-07 18:24:00,meal_disturbance,43.184,0.03783,3
SYN-0059,2026-01-01 07:54:00,meal_disturbance,63.814,0.03621,1
SYN-0059,2026-01-01 12:57:00,meal_plus_hyperglycemic_excursion,95.319,0.03621,2
SYN-0059,2026-01-01 19:25:00,meal_disturbance,56.607,0.03621,3
SYN-0059,2026-01-02 07:30:00,meal_disturbance,61.7,0.03621,1
SYN-0059,2026-01-02 12:58:00,meal_disturbance,61.63,0.03621,2
SYN-0059,2026-01-02 19:27:00,meal_plus_hyperglycemic_excursion,130.709,0.03621,3
SYN-0059,2026-01-03 08:48:00,meal_disturbance,31.589,0.03621,1
SYN-0059,2026-01-03 12:48:00,meal_disturbance,73.003,0.03621,2
SYN-0059,2026-01-03 19:04:00,meal_disturbance,54.227,0.03621,3
SYN-0059,2026-01-04 08:54:00,meal_disturbance,69.301,0.03621,1
SYN-0059,2026-01-04 12:14:00,meal_disturbance,48.631,0.03621,2
SYN-0059,2026-01-04 18:38:00,meal_disturbance,72.666,0.03621,3
SYN-0059,2026-01-05 07:28:00,meal_disturbance,74.769,0.03621,1
SYN-0059,2026-01-05 13:25:00,meal_plus_hyperglycemic_excursion,116.23,0.03621,2
SYN-0059,2026-01-05 18:56:00,meal_plus_hyperglycemic_excursion,112.475,0.03621,3
SYN-0059,2026-01-06 08:20:00,meal_disturbance,69.113,0.03621,1
SYN-0059,2026-01-06 13:09:00,meal_disturbance,60.009,0.03621,2
SYN-0059,2026-01-06 19:06:00,meal_disturbance,71.637,0.03621,3
SYN-0059,2026-01-07 07:18:00,meal_disturbance,56.178,0.03621,1
SYN-0059,2026-01-07 12:13:00,meal_disturbance,59.569,0.03621,2
SYN-0059,2026-01-07 19:17:00,meal_disturbance,64.862,0.03621,3
SYN-0060,2026-01-01 07:07:00,meal_disturbance,33.737,0.05485,1
SYN-0060,2026-01-01 12:36:00,meal_disturbance,52.325,0.05485,2
SYN-0060,2026-01-01 18:48:00,meal_disturbance,57.32,0.05485,3
SYN-0060,2026-01-02 07:35:00,meal_disturbance,43.16,0.05485,1
SYN-0060,2026-01-02 11:53:00,meal_plus_hyperglycemic_excursion,119.881,0.05485,2
SYN-0060,2026-01-02 18:50:00,meal_plus_hyperglycemic_excursion,99.524,0.05485,3
SYN-0060,2026-01-03 08:33:00,meal_plus_hyperglycemic_excursion,94.506,0.05485,1
SYN-0060,2026-01-03 13:09:00,meal_disturbance,45.541,0.05485,2
SYN-0060,2026-01-03 18:51:00,meal_disturbance,26.617,0.05485,3
SYN-0060,2026-01-04 08:43:00,meal_disturbance,31.351,0.05485,1
SYN-0060,2026-01-04 13:13:00,meal_disturbance,44.316,0.05485,2
SYN-0060,2026-01-04 19:24:00,meal_disturbance,48.478,0.05485,3
SYN-0060,2026-01-05 07:16:00,meal_disturbance,36.456,0.05485,1
SYN-0060,2026-01-05 13:11:00,meal_disturbance,44.615,0.05485,2
SYN-0060,2026-01-05 18:28:00,meal_plus_hyperglycemic_excursion,92.148,0.05485,3
SYN-0060,2026-01-06 08:00:00,meal_disturbance,43.294,0.05485,1
SYN-0060,2026-01-06 13:49:00,meal_plus_hyperglycemic_excursion,92.387,0.05485,2
SYN-0060,2026-01-06 19:08:00,meal_plus_hyperglycemic_excursion,120.056,0.05485,3
SYN-0060,2026-01-07 08:00:00,meal_disturbance,42.688,0.05485,1
SYN-0060,2026-01-07 12:52:00,meal_disturbance,37.41,0.05485,2
SYN-0060,2026-01-07 19:35:00,meal_disturbance,56.472,0.05485,3
SYN-0061,2026-01-01 08:15:00,meal_plus_hyperglycemic_excursion,83.337,0.03687,1
SYN-0061,2026-01-01 13:02:00,meal_disturbance,41.207,0.03687,2
SYN-0061,2026-01-01 19:26:00,meal_disturbance,57.122,0.03687,3
SYN-0061,2026-01-02 08:12:00,meal_disturbance,36.432,0.03687,1
SYN-0061,2026-01-02 12:46:00,meal_disturbance,56.81,0.03687,2
SYN-0061,2026-01-02 18:48:00,meal_disturbance,50.648,0.03687,3
SYN-0061,2026-01-03 07:49:00,meal_disturbance,51.209,0.03687,1
SYN-0061,2026-01-03 13:40:00,meal_disturbance,51.451,0.03687,2
SYN-0061,2026-01-03 18:13:00,meal_disturbance,67.983,0.03687,3
SYN-0061,2026-01-04 07:34:00,meal_disturbance,40.332,0.03687,1
SYN-0061,2026-01-04 13:06:00,meal_disturbance,51.159,0.03687,2
SYN-0061,2026-01-04 19:20:00,meal_disturbance,54.663,0.03687,3
SYN-0061,2026-01-05 07:36:00,meal_disturbance,49.525,0.03687,1
SYN-0061,2026-01-05 12:15:00,meal_disturbance,50.639,0.03687,2
SYN-0061,2026-01-05 19:02:00,meal_disturbance,57.613,0.03687,3
SYN-0061,2026-01-06 07:55:00,meal_disturbance,59.122,0.03687,1
SYN-0061,2026-01-06 12:57:00,meal_disturbance,57.642,0.03687,2
SYN-0061,2026-01-06 19:51:00,meal_plus_hyperglycemic_excursion,97.243,0.03687,3
SYN-0061,2026-01-07 08:20:00,meal_disturbance,50.49,0.03687,1
SYN-0061,2026-01-07 13:47:00,meal_plus_hyperglycemic_excursion,92.961,0.03687,2
SYN-0061,2026-01-07 18:11:00,meal_disturbance,45.781,0.03687,3
SYN-0062,2026-01-01 08:15:00,meal_plus_hyperglycemic_excursion,127.672,0.0371,1
SYN-0062,2026-01-01 13:30:00,meal_disturbance,54.41,0.0371,2
SYN-0062,2026-01-01 19:58:00,meal_disturbance,58.124,0.0371,3
SYN-0062,2026-01-02 07:50:00,meal_disturbance,45.161,0.0371,1
SYN-0062,2026-01-02 12:32:00,meal_disturbance,41.277,0.0371,2
SYN-0062,2026-01-02 20:06:00,meal_disturbance,57.418,0.0371,3
SYN-0062,2026-01-03 07:59:00,meal_disturbance,51.509,0.0371,1
SYN-0062,2026-01-03 13:04:00,meal_disturbance,54.706,0.0371,2
SYN-0062,2026-01-03 18:21:00,meal_plus_hyperglycemic_excursion,92.459,0.0371,3
SYN-0062,2026-01-04 07:30:00,meal_disturbance,50.406,0.0371,1
SYN-0062,2026-01-04 13:35:00,meal_disturbance,29.729,0.0371,2
SYN-0062,2026-01-04 19:39:00,meal_disturbance,32.162,0.0371,3
SYN-0062,2026-01-05 08:15:00,meal_disturbance,54.524,0.0371,1
SYN-0062,2026-01-05 13:40:00,meal_disturbance,50.357,0.0371,2
SYN-0062,2026-01-05 18:52:00,meal_disturbance,37.532,0.0371,3
SYN-0062,2026-01-06 07:36:00,meal_disturbance,52.52,0.0371,1
SYN-0062,2026-01-06 13:22:00,meal_disturbance,42.287,0.0371,2
SYN-0062,2026-01-06 18:18:00,meal_disturbance,63.244,0.0371,3
SYN-0062,2026-01-07 06:50:00,meal_disturbance,56.955,0.0371,1
SYN-0062,2026-01-07 12:40:00,meal_disturbance,48.34,0.0371,2
SYN-0062,2026-01-07 19:31:00,meal_disturbance,46.67,0.0371,3
SYN-0063,2026-01-01 09:17:00,meal_disturbance,29.333,0.04267,1
SYN-0063,2026-01-01 11:58:00,meal_disturbance,44.818,0.04267,2
SYN-0063,2026-01-01 18:58:00,meal_disturbance,32.003,0.04267,3
SYN-0063,2026-01-02 07:13:00,meal_disturbance,32.338,0.04267,1
SYN-0063,2026-01-02 12:39:00,meal_disturbance,30.026,0.04267,2
SYN-0063,2026-01-02 18:50:00,meal_disturbance,32.858,0.04267,3
SYN-0063,2026-01-03 07:22:00,meal_disturbance,29.08,0.04267,1
SYN-0063,2026-01-03 12:54:00,meal_disturbance,65.604,0.04267,2
SYN-0063,2026-01-03 19:10:00,meal_disturbance,33.075,0.04267,3
SYN-0063,2026-01-04 07:41:00,meal_disturbance,39.253,0.04267,1
SYN-0063,2026-01-04 12:48:00,meal_disturbance,48.838,0.04267,2
SYN-0063,2026-01-04 19:36:00,meal_disturbance,52.401,0.04267,3
SYN-0063,2026-01-05 07:35:00,meal_disturbance,43.279,0.04267,1
SYN-0063,2026-01-05 12:58:00,meal_plus_hyperglycemic_excursion,93.443,0.04267,2
SYN-0063,2026-01-05 18:50:00,meal_disturbance,39.92,0.04267,3
SYN-0063,2026-01-06 08:13:00,meal_disturbance,35.661,0.04267,1
SYN-0063,2026-01-06 13:19:00,meal_disturbance,46.354,0.04267,2
SYN-0063,2026-01-06 18:16:00,meal_disturbance,59.947,0.04267,3
SYN-0063,2026-01-07 08:53:00,meal_disturbance,24.452,0.04267,1
SYN-0063,2026-01-07 13:31:00,meal_disturbance,25.172,0.04267,2
SYN-0063,2026-01-07 18:57:00,meal_disturbance,27.383,0.04267,3
SYN-0064,2026-01-01 08:17:00,meal_disturbance,44.431,0.05537,1
SYN-0064,2026-01-01 12:58:00,meal_disturbance,46.421,0.05537,2
SYN-0064,2026-01-01 19:07:00,meal_plus_hyperglycemic_excursion,142.708,0.05537,3
SYN-0064,2026-01-02 07:36:00,meal_disturbance,67.728,0.05537,1
SYN-0064,2026-01-02 12:58:00,meal_disturbance,36.14,0.05537,2
SYN-0064,2026-01-02 18:52:00,meal_disturbance,54.171,0.05537,3
SYN-0064,2026-01-03 07:54:00,meal_disturbance,52.384,0.05537,1
SYN-0064,2026-01-03 13:09:00,meal_disturbance,66.852,0.05537,2
SYN-0064,2026-01-03 18:55:00,meal_disturbance,46.352,0.05537,3
SYN-0064,2026-01-04 07:16:00,meal_disturbance,57.342,0.05537,1
SYN-0064,2026-01-04 13:16:00,meal_disturbance,42.491,0.05537,2
SYN-0064,2026-01-04 19:13:00,meal_disturbance,36.257,0.05537,3
SYN-0064,2026-01-05 07:43:00,meal_disturbance,56.042,0.05537,1
SYN-0064,2026-01-05 13:22:00,meal_plus_hyperglycemic_excursion,118.901,0.05537,2
SYN-0064,2026-01-05 19:15:00,meal_disturbance,64.986,0.05537,3
SYN-0064,2026-01-06 07:01:00,meal_disturbance,62.552,0.05537,1
SYN-0064,2026-01-06 13:54:00,meal_disturbance,46.573,0.05537,2
SYN-0064,2026-01-06 18:20:00,meal_disturbance,24.974,0.05537,3
SYN-0064,2026-01-07 08:46:00,meal_disturbance,44.552,0.05537,1
SYN-0064,2026-01-07 13:30:00,meal_disturbance,41.601,0.05537,2
SYN-0064,2026-01-07 18:48:00,meal_plus_hyperglycemic_excursion,101.804,0.05537,3
SYN-0065,2026-01-01 09:10:00,meal_plus_hyperglycemic_excursion,110.675,0.03723,1
SYN-0065,2026-01-01 12:55:00,meal_plus_hyperglycemic_excursion,89.843,0.03723,2
SYN-0065,2026-01-01 18:53:00,meal_disturbance,55.175,0.03723,3
SYN-0065,2026-01-02 07:48:00,meal_disturbance,50.662,0.03723,1
SYN-0065,2026-01-02 12:49:00,meal_disturbance,41.436,0.03723,2
SYN-0065,2026-01-02 19:13:00,meal_disturbance,36.667,0.03723,3
SYN-0065,2026-01-03 07:54:00,meal_disturbance,44.4,0.03723,1
SYN-0065,2026-01-03 12:58:00,meal_disturbance,38.182,0.03723,2
SYN-0065,2026-01-03 19:19:00,meal_disturbance,48.233,0.03723,3
SYN-0065,2026-01-04 09:04:00,meal_disturbance,31.868,0.03723,1
SYN-0065,2026-01-04 14:09:00,meal_disturbance,44.688,0.03723,2
SYN-0065,2026-01-04 18:15:00,meal_plus_hyperglycemic_excursion,92.661,0.03723,3
SYN-0065,2026-01-05 07:53:00,meal_disturbance,44.978,0.03723,1
SYN-0065,2026-01-05 13:39:00,meal_disturbance,54.407,0.03723,2
SYN-0065,2026-01-05 18:19:00,meal_disturbance,56.513,0.03723,3
SYN-0065,2026-01-06 06:58:00,meal_disturbance,43.154,0.03723,1
SYN-0065,2026-01-06 12:50:00,meal_plus_hyperglycemic_excursion,106.465,0.03723,2
SYN-0065,2026-01-06 19:23:00,meal_disturbance,39.625,0.03723,3
SYN-0065,2026-01-07 08:23:00,meal_disturbance,33.345,0.03723,1
SYN-0065,2026-01-07 13:21:00,meal_disturbance,59.315,0.03723,2
SYN-0065,2026-01-07 19:44:00,meal_disturbance,55.651,0.03723,3
SYN-0066,2026-01-01 08:10:00,meal_disturbance,56.509,0.05348,1
SYN-0066,2026-01-01 12:34:00,meal_disturbance,49.165,0.05348,2
SYN-0066,2026-01-01 19:13:00,meal_disturbance,32.857,0.05348,3
SYN-0066,2026-01-02 08:45:00,meal_disturbance,60.585,0.05348,1
SYN-0066,2026-01-02 13:48:00,meal_disturbance,47.878,0.05348,2
SYN-0066,2026-01-02 19:01:00,meal_disturbance,63.671,0.05348,3
SYN-0066,2026-01-03 07:52:00,meal_disturbance,43.882,0.05348,1
SYN-0066,2026-01-03 12:36:00,meal_plus_hyperglycemic_excursion,117.22,0.05348,2
SYN-0066,2026-01-03 18:58:00,meal_plus_hyperglycemic_excursion,113.459,0.05348,3
SYN-0066,2026-01-04 08:09:00,meal_plus_hyperglycemic_excursion,112.534,0.05348,1
SYN-0066,2026-01-04 12:52:00,meal_disturbance,44.102,0.05348,2
SYN-0066,2026-01-04 17:57:00,meal_disturbance,51.17,0.05348,3
SYN-0066,2026-01-05 07:02:00,meal_disturbance,65.216,0.05348,1
SYN-0066,2026-01-05 12:10:00,meal_plus_hyperglycemic_excursion,123.189,0.05348,2
SYN-0066,2026-01-05 18:28:00,meal_plus_hyperglycemic_excursion,126.18,0.05348,3
SYN-0066,2026-01-06 08:02:00,meal_plus_hyperglycemic_excursion,113.77,0.05348,1
SYN-0066,2026-01-06 12:25:00,meal_disturbance,35.093,0.05348,2
SYN-0066,2026-01-06 18:30:00,meal_disturbance,52.397,0.05348,3
SYN-0066,2026-01-07 08:13:00,meal_disturbance,37.212,0.05348,1
SYN-0066,2026-01-07 12:44:00,meal_disturbance,65.279,0.05348,2
SYN-0066,2026-01-07 18:41:00,meal_disturbance,47.247,0.05348,3
SYN-0067,2026-01-01 07:57:00,meal_disturbance,47.987,0.0448,1
SYN-0067,2026-01-01 13:00:00,meal_disturbance,31.412,0.0448,2
SYN-0067,2026-01-01 19:26:00,meal_plus_hyperglycemic_excursion,92.801,0.0448,3
SYN-0067,2026-01-02 06:59:00,meal_disturbance,39.554,0.0448,1
SYN-0067,2026-01-02 12:48:00,meal_plus_hyperglycemic_excursion,101.533,0.0448,2
SYN-0067,2026-01-02 18:06:00,meal_disturbance,35.948,0.0448,3
SYN-0067,2026-01-03 07:11:00,meal_disturbance,34.558,0.0448,1
SYN-0067,2026-01-03 12:56:00,meal_disturbance,15.86,0.0448,2
SYN-0067,2026-01-03 18:29:00,meal_disturbance,36.586,0.0448,3
SYN-0067,2026-01-04 07:55:00,meal_disturbance,43.391,0.0448,1
SYN-0067,2026-01-04 13:23:00,meal_plus_hyperglycemic_excursion,111.142,0.0448,2
SYN-0067,2026-01-04 18:09:00,meal_disturbance,44.506,0.0448,3
SYN-0067,2026-01-05 07:26:00,meal_disturbance,39.018,0.0448,1
SYN-0067,2026-01-05 12:18:00,meal_disturbance,36.779,0.0448,2
SYN-0067,2026-01-05 18:41:00,meal_disturbance,41.367,0.0448,3
SYN-0067,2026-01-06 08:00:00,meal_disturbance,22.848,0.0448,1
SYN-0067,2026-01-06 13:04:00,meal_disturbance,38.991,0.0448,2
SYN-0067,2026-01-06 18:47:00,meal_plus_hyperglycemic_excursion,95.578,0.0448,3
SYN-0067,2026-01-07 07:45:00,meal_disturbance,32.785,0.0448,1
SYN-0067,2026-01-07 12:38:00,meal_disturbance,45.837,0.0448,2
SYN-0067,2026-01-07 20:00:00,meal_disturbance,36.514,0.0448,3
SYN-0068,2026-01-01 07:20:00,meal_disturbance,61.062,0.05596,1
SYN-0068,2026-01-01 12:51:00,meal_disturbance,84.258,0.05596,2
SYN-0068,2026-01-01 19:39:00,meal_disturbance,49.113,0.05596,3
SYN-0068,2026-01-02 08:01:00,meal_disturbance,64.665,0.05596,1
SYN-0068,2026-01-02 13:28:00,meal_disturbance,79.005,0.05596,2
SYN-0068,2026-01-02 18:22:00,meal_disturbance,61.083,0.05596,3
SYN-0068,2026-01-03 07:43:00,meal_disturbance,53.825,0.05596,1
SYN-0068,2026-01-03 13:03:00,meal_disturbance,37.753,0.05596,2
SYN-0068,2026-01-03 18:32:00,meal_disturbance,73.598,0.05596,3
SYN-0068,2026-01-04 08:18:00,meal_disturbance,71.906,0.05596,1
SYN-0068,2026-01-04 13:00:00,meal_disturbance,51.872,0.05596,2
SYN-0068,2026-01-04 19:16:00,meal_disturbance,68.824,0.05596,3
SYN-0068,2026-01-05 07:19:00,meal_disturbance,80.194,0.05596,1
SYN-0068,2026-01-05 12:50:00,meal_disturbance,61.908,0.05596,2
SYN-0068,2026-01-05 17:42:00,meal_plus_hyperglycemic_excursion,113.278,0.05596,3
SYN-0068,2026-01-06 07:59:00,meal_disturbance,50.99,0.05596,1
SYN-0068,2026-01-06 12:13:00,meal_disturbance,65.113,0.05596,2
SYN-0068,2026-01-06 18:51:00,meal_disturbance,67.402,0.05596,3
SYN-0068,2026-01-07 07:33:00,meal_disturbance,63.869,0.05596,1
SYN-0068,2026-01-07 13:18:00,meal_disturbance,60.239,0.05596,2
SYN-0068,2026-01-07 19:47:00,meal_disturbance,79.206,0.05596,3
SYN-0069,2026-01-01 08:20:00,meal_disturbance,68.815,0.05156,1
SYN-0069,2026-01-01 12:48:00,meal_disturbance,49.252,0.05156,2
SYN-0069,2026-01-01 18:38:00,meal_disturbance,64.914,0.05156,3
SYN-0069,2026-01-02 08:01:00,meal_plus_hyperglycemic_excursion,118.987,0.05156,1
SYN-0069,2026-01-02 12:27:00,meal_disturbance,58.467,0.05156,2
SYN-0069,2026-01-02 18:47:00,meal_plus_hyperglycemic_excursion,146.857,0.05156,3
SYN-0069,2026-01-03 07:52:00,meal_disturbance,82.26,0.05156,1
SYN-0069,2026-01-03 13:17:00,meal_disturbance,87.39,0.05156,2
SYN-0069,2026-01-03 19:31:00,meal_disturbance,67.482,0.05156,3
SYN-0069,2026-01-04 07:58:00,meal_disturbance,45.135,0.05156,1
SYN-0069,2026-01-04 13:16:00,meal_disturbance,74.659,0.05156,2
SYN-0069,2026-01-04 17:52:00,meal_disturbance,67.614,0.05156,3
SYN-0069,2026-01-05 08:21:00,meal_disturbance,74.722,0.05156,1
SYN-0069,2026-01-05 11:57:00,meal_disturbance,50.811,0.05156,2
SYN-0069,2026-01-05 18:28:00,meal_disturbance,49.341,0.05156,3
SYN-0069,2026-01-06 08:22:00,meal_disturbance,60.288,0.05156,1
SYN-0069,2026-01-06 13:44:00,meal_plus_hyperglycemic_excursion,158.98,0.05156,2
SYN-0069,2026-01-06 19:38:00,meal_disturbance,72.215,0.05156,3
SYN-0069,2026-01-07 08:56:00,meal_plus_hyperglycemic_excursion,98.626,0.05156,1
SYN-0069,2026-01-07 13:19:00,meal_plus_hyperglycemic_excursion,130.13,0.05156,2
SYN-0069,2026-01-07 18:57:00,meal_disturbance,56.919,0.05156,3
SYN-0070,2026-01-01 07:33:00,meal_disturbance,72.403,0.05609,1
SYN-0070,2026-01-01 12:55:00,meal_disturbance,54.934,0.05609,2
SYN-0070,2026-01-01 18:05:00,meal_disturbance,73.656,0.05609,3
SYN-0070,2026-01-02 06:21:00,meal_disturbance,89.109,0.05609,1
SYN-0070,2026-01-02 12:23:00,meal_plus_hyperglycemic_excursion,84.64,0.05609,2
SYN-0070,2026-01-02 19:17:00,meal_disturbance,95.07,0.05609,3
SYN-0070,2026-01-03 08:14:00,meal_disturbance,78.306,0.05609,1
SYN-0070,2026-01-03 13:03:00,meal_disturbance,53.957,0.05609,2
SYN-0070,2026-01-03 18:32:00,meal_disturbance,71.153,0.05609,3
SYN-0070,2026-01-04 10:02:00,meal_disturbance,59.29,0.05609,1
SYN-0070,2026-01-04 12:21:00,meal_disturbance,79.953,0.05609,2
SYN-0070,2026-01-04 18:20:00,meal_disturbance,63.91,0.05609,3
SYN-0070,2026-01-05 07:38:00,meal_disturbance,58.23,0.05609,1
SYN-0070,2026-01-05 12:22:00,meal_disturbance,83.342,0.05609,2
SYN-0070,2026-01-05 18:27:00,meal_disturbance,49.743,0.05609,3
SYN-0070,2026-01-06 07:58:00,meal_plus_hyperglycemic_excursion,109.077,0.05609,1
SYN-0070,2026-01-06 12:52:00,meal_disturbance,40.918,0.05609,2
SYN-0070,2026-01-06 18:44:00,meal_disturbance,72.69,0.05609,3
SYN-0070,2026-01-07 08:11:00,meal_disturbance,75.707,0.05609,1
SYN-0070,2026-01-07 12:44:00,meal_disturbance,75.694,0.05609,2
SYN-0070,2026-01-07 18:49:00,meal_disturbance,58.397,0.05609,3
SYN-0071,2026-01-01 07:41:00,meal_disturbance,98.462,0.03884,1
SYN-0071,2026-01-01 12:37:00,meal_disturbance,49.95,0.03884,2
SYN-0071,2026-01-01 19:28:00,meal_plus_hyperglycemic_excursion,183.921,0.03884,3
SYN-0071,2026-01-02 07:44:00,meal_disturbance,75.496,0.03884,1
SYN-0071,2026-01-02 12:17:00,meal_disturbance,116.525,0.03884,2
SYN-0071,2026-01-02 18:15:00,meal_plus_hyperglycemic_excursion,153.828,0.03884,3
SYN-0071,2026-01-03 07:45:00,meal_disturbance,94.25,0.03884,1
SYN-0071,2026-01-03 13:22:00,meal_disturbance,52.831,0.03884,2
SYN-0071,2026-01-03 19:51:00,meal_disturbance,81.034,0.03884,3
SYN-0071,2026-01-04 07:44:00,meal_disturbance,90.357,0.03884,1
SYN-0071,2026-01-04 12:06:00,meal_plus_hyperglycemic_excursion,199.752,0.03884,2
SYN-0071,2026-01-04 18:40:00,meal_plus_hyperglycemic_excursion,147.866,0.03884,3
SYN-0071,2026-01-05 08:21:00,meal_disturbance,61.583,0.03884,1
SYN-0071,2026-01-05 13:12:00,meal_disturbance,79.629,0.03884,2
SYN-0071,2026-01-05 19:00:00,meal_plus_hyperglycemic_excursion,84.17,0.03884,3
SYN-0071,2026-01-06 07:43:00,meal_disturbance,56.9,0.03884,1
SYN-0071,2026-01-06 12:52:00,meal_disturbance,71.025,0.03884,2
SYN-0071,2026-01-06 19:25:00,meal_disturbance,69.058,0.03884,3
SYN-0071,2026-01-07 08:18:00,meal_plus_hyperglycemic_excursion,150.515,0.03884,1
SYN-0071,2026-01-07 12:12:00,meal_plus_hyperglycemic_excursion,129.519,0.03884,2
SYN-0071,2026-01-07 18:36:00,meal_plus_hyperglycemic_excursion,171.469,0.03884,3
SYN-0072,2026-01-01 08:30:00,meal_disturbance,58.149,0.033,1
SYN-0072,2026-01-01 13:26:00,meal_disturbance,78.294,0.033,2
SYN-0072,2026-01-01 19:23:00,meal_plus_hyperglycemic_excursion,188.763,0.033,3
SYN-0072,2026-01-02 07:10:00,meal_disturbance,91.118,0.033,1
SYN-0072,2026-01-02 12:10:00,meal_disturbance,85.435,0.033,2
SYN-0072,2026-01-02 18:09:00,meal_disturbance,59.283,0.033,3
SYN-0072,2026-01-03 08:21:00,meal_plus_hyperglycemic_excursion,169.585,0.033,1
SYN-0072,2026-01-03 13:56:00,meal_disturbance,52.382,0.033,2
SYN-0072,2026-01-03 19:21:00,meal_disturbance,79.13,0.033,3
SYN-0072,2026-01-04 07:59:00,meal_plus_hyperglycemic_excursion,185.553,0.033,1
SYN-0072,2026-01-04 12:39:00,meal_disturbance,73.119,0.033,2
SYN-0072,2026-01-04 19:52:00,meal_disturbance,71.065,0.033,3
SYN-0072,2026-01-05 08:36:00,meal_disturbance,82.642,0.033,1
SYN-0072,2026-01-05 12:43:00,meal_disturbance,67.666,0.033,2
SYN-0072,2026-01-05 18:32:00,meal_plus_hyperglycemic_excursion,182.022,0.033,3
SYN-0072,2026-01-06 07:41:00,meal_disturbance,58.126,0.033,1
SYN-0072,2026-01-06 12:53:00,meal_plus_hyperglycemic_excursion,187.501,0.033,2
SYN-0072,2026-01-06 18:28:00,meal_plus_hyperglycemic_excursion,167.341,0.033,3
SYN-0072,2026-01-07 07:03:00,meal_plus_hyperglycemic_excursion,183.779,0.033,1
SYN-0072,2026-01-07 12:54:00,meal_disturbance,78.573,0.033,2
SYN-0072,2026-01-07 19:01:00,meal_disturbance,90.071,0.033,3
SYN-0073,2026-01-01 08:27:00,meal_disturbance,56.986,0.02714,1
SYN-0073,2026-01-01 12:59:00,meal_plus_hyperglycemic_excursion,124.236,0.02714,2
SYN-0073,2026-01-01 19:28:00,meal_plus_hyperglycemic_excursion,143.799,0.02714,3
SYN-0073,2026-01-02 08:00:00,meal_disturbance,57.262,0.02714,1
SYN-0073,2026-01-02 13:07:00,meal_disturbance,63.388,0.02714,2
SYN-0073,2026-01-02 19:12:00,meal_plus_hyperglycemic_excursion,136.758,0.02714,3
SYN-0073,2026-01-03 08:01:00,meal_plus_hyperglycemic_excursion,141.919,0.02714,1
SYN-0073,2026-01-03 12:38:00,meal_disturbance,69.899,0.02714,2
SYN-0073,2026-01-03 18:43:00,meal_plus_hyperglycemic_excursion,160.168,0.02714,3
SYN-0073,2026-01-04 08:24:00,meal_disturbance,58.146,0.02714,1
SYN-0073,2026-01-04 13:20:00,meal_disturbance,61.859,0.02714,2
SYN-0073,2026-01-04 18:32:00,meal_disturbance,68.942,0.02714,3
SYN-0073,2026-01-05 08:29:00,meal_disturbance,59.966,0.02714,1
SYN-0073,2026-01-05 13:13:00,meal_disturbance,52.842,0.02714,2
SYN-0073,2026-01-05 18:44:00,meal_disturbance,60.399,0.02714,3
SYN-0073,2026-01-06 08:18:00,meal_plus_hyperglycemic_excursion,121.895,0.02714,1
SYN-0073,2026-01-06 12:31:00,meal_disturbance,65.21,0.02714,2
SYN-0073,2026-01-06 19:11:00,meal_disturbance,65.038,0.02714,3
SYN-0073,2026-01-07 07:45:00,meal_disturbance,77.654,0.02714,1
SYN-0073,2026-01-07 12:24:00,meal_disturbance,71.802,0.02714,2
SYN-0073,2026-01-07 18:42:00,meal_disturbance,42.899,0.02714,3
SYN-0074,2026-01-01 06:28:00,meal_disturbance,64.774,0.04421,1
SYN-0074,2026-01-01 12:47:00,meal_plus_hyperglycemic_excursion,144.862,0.04421,2
SYN-0074,2026-01-01 19:06:00,meal_disturbance,66.994,0.04421,3
SYN-0074,2026-01-02 07:42:00,meal_disturbance,94.791,0.04421,1
SYN-0074,2026-01-02 12:43:00,meal_plus_hyperglycemic_excursion,197.658,0.04421,2
SYN-0074,2026-01-02 19:22:00,meal_disturbance,85.659,0.04421,3
SYN-0074,2026-01-03 08:48:00,meal_disturbance,60.143,0.04421,1
SYN-0074,2026-01-03 13:14:00,meal_plus_hyperglycemic_excursion,200.838,0.04421,2
SYN-0074,2026-01-03 19:35:00,meal_plus_hyperglycemic_excursion,102.829,0.04421,3
SYN-0074,2026-01-04 08:20:00,meal_plus_hyperglycemic_excursion,169.434,0.04421,1
SYN-0074,2026-01-04 13:03:00,meal_plus_hyperglycemic_excursion,180.352,0.04421,2
SYN-0074,2026-01-04 18:47:00,meal_plus_hyperglycemic_excursion,154.955,0.04421,3
SYN-0074,2026-01-05 08:15:00,meal_disturbance,79.03,0.04421,1
SYN-0074,2026-01-05 13:10:00,meal_disturbance,88.037,0.04421,2
SYN-0074,2026-01-05 18:33:00,meal_plus_hyperglycemic_excursion,169.321,0.04421,3
SYN-0074,2026-01-06 08:20:00,meal_plus_hyperglycemic_excursion,147.809,0.04421,1
SYN-0074,2026-01-06 12:50:00,meal_disturbance,74.321,0.04421,2
SYN-0074,2026-01-06 18:34:00,meal_disturbance,82.759,0.04421,3
SYN-0074,2026-01-07 08:08:00,meal_disturbance,79.58,0.04421,1
SYN-0074,2026-01-07 11:52:00,meal_plus_hyperglycemic_excursion,163.219,0.04421,2
SYN-0074,2026-01-07 19:06:00,meal_disturbance,61.227,0.04421,3
SYN-0075,2026-01-01 06:13:00,meal_disturbance,71.269,0.03058,1
SYN-0075,2026-01-01 11:44:00,meal_disturbance,76.783,0.03058,2
SYN-0075,2026-01-01 19:29:00,meal_disturbance,57.216,0.03058,3
SYN-0075,2026-01-02 08:07:00,meal_plus_hyperglycemic_excursion,181.857,0.03058,1
SYN-0075,2026-01-02 14:02:00,meal_disturbance,56.856,0.03058,2
SYN-0075,2026-01-02 18:44:00,meal_disturbance,79.447,0.03058,3
SYN-0075,2026-01-03 08:23:00,meal_plus_hyperglycemic_excursion,124.062,0.03058,1
SYN-0075,2026-01-03 11:58:00,meal_plus_hyperglycemic_excursion,137.033,0.03058,2
SYN-0075,2026-01-03 19:45:00,meal_disturbance,44.559,0.03058,3
SYN-0075,2026-01-04 07:34:00,meal_plus_hyperglycemic_excursion,159.999,0.03058,1
SYN-0075,2026-01-04 13:00:00,meal_plus_hyperglycemic_excursion,163.867,0.03058,2
SYN-0075,2026-01-04 19:01:00,meal_disturbance,62.752,0.03058,3
SYN-0075,2026-01-05 09:44:00,meal_disturbance,56.013,0.03058,1
SYN-0075,2026-01-05 13:39:00,meal_disturbance,64.352,0.03058,2
SYN-0075,2026-01-05 18:47:00,meal_plus_hyperglycemic_excursion,172.471,0.03058,3
SYN-0075,2026-01-06 07:39:00,meal_disturbance,46.355,0.03058,1
SYN-0075,2026-01-06 13:12:00,meal_plus_hyperglycemic_excursion,163.186,0.03058,2
SYN-0075,2026-01-06 19:17:00,meal_plus_hyperglycemic_excursion,143.765,0.03058,3
SYN-0075,2026-01-07 08:32:00,meal_plus_hyperglycemic_excursion,107.722,0.03058,1
SYN-0075,2026-01-07 13:27:00,meal_disturbance,52.623,0.03058,2
SYN-0075,2026-01-07 19:14:00,meal_disturbance,54.503,0.03058,3
SYN-0076,2026-01-01 07:24:00,meal_plus_hyperglycemic_excursion,189.004,0.02521,1
SYN-0076,2026-01-01 13:09:00,meal_disturbance,64.024,0.02521,2
SYN-0076,2026-01-01 18:31:00,meal_disturbance,83.023,0.02521,3
SYN-0076,2026-01-02 08:04:00,meal_disturbance,90.065,0.02521,1
SYN-0076,2026-01-02 13:02:00,meal_disturbance,66.466,0.02521,2
SYN-0076,2026-01-02 18:32:00,meal_disturbance,75.406,0.02521,3
SYN-0076,2026-01-03 08:43:00,meal_plus_hyperglycemic_excursion,148.238,0.02521,1
SYN-0076,2026-01-03 14:00:00,meal_disturbance,64.669,0.02521,2
SYN-0076,2026-01-03 19:29:00,meal_disturbance,88.796,0.02521,3
SYN-0076,2026-01-04 08:30:00,meal_disturbance,80.236,0.02521,1
SYN-0076,2026-01-04 12:04:00,meal_disturbance,83.174,0.02521,2
SYN-0076,2026-01-04 18:21:00,meal_disturbance,94.789,0.02521,3
SYN-0076,2026-01-05 07:35:00,meal_plus_hyperglycemic_excursion,131.048,0.02521,1
SYN-0076,2026-01-05 12:35:00,meal_disturbance,48.024,0.02521,2
SYN-0076,2026-01-05 19:31:00,meal_disturbance,60.361,0.02521,3
SYN-0076,2026-01-06 07:20:00,meal_disturbance,77.445,0.02521,1
SYN-0076,2026-01-06 12:02:00,meal_plus_hyperglycemic_excursion,222.403,0.02521,2
SYN-0076,2026-01-06 19:20:00,meal_disturbance,70.574,0.02521,3
SYN-0076,2026-01-07 09:15:00,meal_plus_hyperglycemic_excursion,189.027,0.02521,1
SYN-0076,2026-01-07 14:16:00,meal_plus_hyperglycemic_excursion,161.671,0.02521,2
SYN-0076,2026-01-07 18:13:00,meal_disturbance,71.642,0.02521,3
SYN-0077,2026-01-01 07:56:00,meal_plus_hyperglycemic_excursion,136.493,0.02302,1
SYN-0077,2026-01-01 12:37:00,meal_disturbance,47.204,0.02302,2
SYN-0077,2026-01-01 18:21:00,meal_plus_hyperglycemic_excursion,145.562,0.02302,3
SYN-0077,2026-01-02 07:05:00,meal_disturbance,66.679,0.02302,1
SYN-0077,2026-01-02 13:59:00,meal_disturbance,69.669,0.02302,2
SYN-0077,2026-01-02 19:17:00,meal_plus_hyperglycemic_excursion,147.229,0.02302,3
SYN-0077,2026-01-03 07:51:00,meal_disturbance,71.863,0.02302,1
SYN-0077,2026-01-03 11:41:00,meal_plus_hyperglycemic_excursion,112.299,0.02302,2
SYN-0077,2026-01-03 18:36:00,meal_plus_hyperglycemic_excursion,148.557,0.02302,3
SYN-0077,2026-01-04 07:36:00,meal_disturbance,63.683,0.02302,1
SYN-0077,2026-01-04 13:21:00,meal_disturbance,78.287,0.02302,2
SYN-0077,2026-01-04 19:09:00,meal_disturbance,66.003,0.02302,3
SYN-0077,2026-01-05 08:00:00,meal_disturbance,64.29,0.02302,1
SYN-0077,2026-01-05 13:19:00,meal_disturbance,37.337,0.02302,2
SYN-0077,2026-01-05 19:09:00,meal_disturbance,87.221,0.02302,3
SYN-0077,2026-01-06 08:26:00,meal_plus_hyperglycemic_excursion,172.607,0.02302,1
SYN-0077,2026-01-06 13:34:00,meal_disturbance,58.762,0.02302,2
SYN-0077,2026-01-06 19:03:00,meal_disturbance,60.279,0.02302,3
SYN-0077,2026-01-07 07:55:00,meal_disturbance,51.892,0.02302,1
SYN-0077,2026-01-07 13:44:00,meal_disturbance,58.585,0.02302,2
SYN-0077,2026-01-07 19:27:00,meal_disturbance,76.466,0.02302,3
SYN-0078,2026-01-01 08:29:00,meal_disturbance,75.979,0.03895,1
SYN-0078,2026-01-01 12:30:00,meal_disturbance,77.64,0.03895,2
SYN-0078,2026-01-01 19:22:00,meal_disturbance,92.476,0.03895,3
SYN-0078,2026-01-02 08:53:00,meal_disturbance,48.855,0.03895,1
SYN-0078,2026-01-02 12:13:00,meal_disturbance,102.065,0.03895,2
SYN-0078,2026-01-02 19:24:00,meal_disturbance,76.456,0.03895,3
SYN-0078,2026-01-03 07:36:00,meal_disturbance,108.675,0.03895,1
SYN-0078,2026-01-03 13:08:00,meal_disturbance,62.227,0.03895,2
SYN-0078,2026-01-03 19:53:00,meal_plus_hyperglycemic_excursion,189.754,0.03895,3
SYN-0078,2026-01-04 07:35:00,meal_disturbance,62.056,0.03895,1
SYN-0078,2026-01-04 13:08:00,meal_plus_hyperglycemic_excursion,192.205,0.03895,2
SYN-0078,2026-01-04 18:52:00,meal_disturbance,61.501,0.03895,3
SYN-0078,2026-01-05 08:19:00,meal_disturbance,61.763,0.03895,1
SYN-0078,2026-01-05 11:33:00,meal_disturbance,55.815,0.03895,2
SYN-0078,2026-01-05 18:26:00,meal_plus_hyperglycemic_excursion,152.155,0.03895,3
SYN-0078,2026-01-06 08:25:00,meal_disturbance,59.773,0.03895,1
SYN-0078,2026-01-06 12:13:00,meal_disturbance,102.154,0.03895,2
SYN-0078,2026-01-06 18:38:00,meal_disturbance,76.014,0.03895,3
SYN-0078,2026-01-07 07:48:00,meal_plus_hyperglycemic_excursion,164.551,0.03895,1
SYN-0078,2026-01-07 13:42:00,meal_disturbance,78.522,0.03895,2
SYN-0078,2026-01-07 19:38:00,meal_plus_hyperglycemic_excursion,126.443,0.03895,3
SYN-0079,2026-01-01 07:34:00,meal_disturbance,66.69,0.03003,1
SYN-0079,2026-01-01 12:50:00,meal_plus_hyperglycemic_excursion,162.976,0.03003,2
SYN-0079,2026-01-01 18:24:00,meal_plus_hyperglycemic_excursion,193.206,0.03003,3
SYN-0079,2026-01-02 07:32:00,meal_plus_hyperglycemic_excursion,141.904,0.03003,1
SYN-0079,2026-01-02 12:48:00,meal_disturbance,94.699,0.03003,2
SYN-0079,2026-01-02 18:55:00,meal_disturbance,91.342,0.03003,3
SYN-0079,2026-01-03 07:29:00,meal_disturbance,57.827,0.03003,1
SYN-0079,2026-01-03 11:39:00,meal_disturbance,74.255,0.03003,2
SYN-0079,2026-01-03 18:23:00,meal_plus_hyperglycemic_excursion,141.309,0.03003,3
SYN-0079,2026-01-04 08:34:00,meal_disturbance,84.597,0.03003,1
SYN-0079,2026-01-04 12:55:00,meal_plus_hyperglycemic_excursion,157.3,0.03003,2
SYN-0079,2026-01-04 18:53:00,meal_disturbance,79.2,0.03003,3
SYN-0079,2026-01-05 08:48:00,meal_disturbance,64.468,0.03003,1
SYN-0079,2026-01-05 13:03:00,meal_plus_hyperglycemic_excursion,139.066,0.03003,2
SYN-0079,2026-01-05 18:57:00,meal_disturbance,76.686,0.03003,3
SYN-0079,2026-01-06 08:30:00,meal_plus_hyperglycemic_excursion,210.525,0.03003,1
SYN-0079,2026-01-06 13:25:00,meal_plus_hyperglycemic_excursion,194.014,0.03003,2
SYN-0079,2026-01-06 18:50:00,meal_disturbance,83.182,0.03003,3
SYN-0079,2026-01-07 08:36:00,meal_disturbance,69.689,0.03003,1
SYN-0079,2026-01-07 12:36:00,meal_disturbance,79.681,0.03003,2
SYN-0079,2026-01-07 18:47:00,meal_disturbance,93.222,0.03003,3
SYN-0080,2026-01-01 08:25:00,meal_disturbance,85.331,0.03582,1
SYN-0080,2026-01-01 13:33:00,meal_disturbance,77.14,0.03582,2
SYN-0080,2026-01-01 18:31:00,meal_disturbance,59.136,0.03582,3
SYN-0080,2026-01-02 08:06:00,meal_disturbance,79.911,0.03582,1
SYN-0080,2026-01-02 12:41:00,meal_disturbance,91.104,0.03582,2
SYN-0080,2026-01-02 18:23:00,meal_disturbance,96.077,0.03582,3
SYN-0080,2026-01-03 08:08:00,meal_plus_hyperglycemic_excursion,142.926,0.03582,1
SYN-0080,2026-01-03 13:55:00,meal_disturbance,83.209,0.03582,2
SYN-0080,2026-01-03 19:43:00,meal_disturbance,80.919,0.03582,3
SYN-0080,2026-01-04 07:25:00,meal_disturbance,112.582,0.03582,1
SYN-0080,2026-01-04 11:33:00,meal_disturbance,81.9,0.03582,2
SYN-0080,2026-01-04 18:24:00,meal_plus_hyperglycemic_excursion,166.899,0.03582,3
SYN-0080,2026-01-05 08:47:00,meal_disturbance,98.879,0.03582,1
SYN-0080,2026-01-05 12:33:00,meal_disturbance,73.986,0.03582,2
SYN-0080,2026-01-05 19:12:00,meal_disturbance,90.323,0.03582,3
SYN-0080,2026-01-06 07:57:00,meal_disturbance,68.911,0.03582,1
SYN-0080,2026-01-06 13:23:00,meal_plus_hyperglycemic_excursion,176.419,0.03582,2
SYN-0080,2026-01-06 19:15:00,meal_disturbance,80.619,0.03582,3
SYN-0080,2026-01-07 07:24:00,meal_plus_hyperglycemic_excursion,107.261,0.03582,1
SYN-0080,2026-01-07 12:43:00,meal_plus_hyperglycemic_excursion,113.196,0.03582,2
SYN-0080,2026-01-07 18:17:00,meal_disturbance,77.895,0.03582,3
SYN-0081,2026-01-01 06:42:00,meal_plus_hyperglycemic_excursion,128.904,0.0247,1
SYN-0081,2026-01-01 13:26:00,meal_plus_hyperglycemic_excursion,161.765,0.0247,2
SYN-0081,2026-01-01 18:17:00,meal_plus_hyperglycemic_excursion,181.43,0.0247,3
SYN-0081,2026-01-02 07:33:00,meal_plus_hyperglycemic_excursion,147.376,0.0247,1
SYN-0081,2026-01-02 12:44:00,meal_disturbance,71.86,0.0247,2
SYN-0081,2026-01-02 18:26:00,meal_disturbance,51.325,0.0247,3
SYN-0081,2026-01-03 07:39:00,meal_disturbance,57.359,0.0247,1
SYN-0081,2026-01-03 13:58:00,meal_disturbance,68.38,0.0247,2
SYN-0081,2026-01-03 18:46:00,meal_disturbance,61.647,0.0247,3
SYN-0081,2026-01-04 09:02:00,meal_disturbance,70.69,0.0247,1
SYN-0081,2026-01-04 12:52:00,meal_disturbance,60.908,0.0247,2
SYN-0081,2026-01-04 18:13:00,meal_disturbance,76.982,0.0247,3
SYN-0081,2026-01-05 07:47:00,meal_disturbance,72.087,0.0247,1
SYN-0081,2026-01-05 13:10:00,meal_disturbance,87.4,0.0247,2
SYN-0081,2026-01-05 18:17:00,meal_disturbance,82.336,0.0247,3
SYN-0081,2026-01-06 07:29:00,meal_disturbance,54.991,0.0247,1
SYN-0081,2026-01-06 13:14:00,meal_disturbance,56.853,0.0247,2
SYN-0081,2026-01-06 19:37:00,meal_disturbance,91.585,0.0247,3
SYN-0081,2026-01-07 08:10:00,meal_plus_hyperglycemic_excursion,133.761,0.0247,1
SYN-0081,2026-01-07 12:11:00,meal_disturbance,77.119,0.0247,2
SYN-0081,2026-01-07 18:39:00,meal_disturbance,67.228,0.0247,3
SYN-0082,2026-01-01 07:58:00,meal_disturbance,124.672,0.03578,1
SYN-0082,2026-01-01 12:32:00,meal_disturbance,128.111,0.03578,2
SYN-0082,2026-01-01 18:47:00,meal_disturbance,93.237,0.03578,3
SYN-0082,2026-01-02 08:17:00,meal_disturbance,115.075,0.03578,1
SYN-0082,2026-01-02 12:34:00,meal_disturbance,105.484,0.03578,2
SYN-0082,2026-01-02 19:13:00,meal_disturbance,116.191,0.03578,3
SYN-0082,2026-01-03 08:22:00,meal_plus_hyperglycemic_excursion,216.905,0.03578,1
SYN-0082,2026-01-03 12:23:00,meal_plus_hyperglycemic_excursion,195.547,0.03578,2
SYN-0082,2026-01-03 19:22:00,meal_plus_hyperglycemic_excursion,204.59,0.03578,3
SYN-0082,2026-01-04 08:29:00,meal_disturbance,107.768,0.03578,1
SYN-0082,2026-01-04 12:33:00,meal_plus_hyperglycemic_excursion,221.394,0.03578,2
SYN-0082,2026-01-04 18:47:00,meal_plus_hyperglycemic_excursion,151.141,0.03578,3
SYN-0082,2026-01-05 07:54:00,meal_plus_hyperglycemic_excursion,200.049,0.03578,1
SYN-0082,2026-01-05 13:04:00,meal_disturbance,101.655,0.03578,2
SYN-0082,2026-01-05 18:57:00,meal_disturbance,82.385,0.03578,3
SYN-0082,2026-01-06 08:51:00,meal_plus_hyperglycemic_excursion,191.261,0.03578,1
SYN-0082,2026-01-06 13:24:00,meal_disturbance,98.245,0.03578,2
SYN-0082,2026-01-06 19:12:00,meal_disturbance,77.497,0.03578,3
SYN-0082,2026-01-07 08:13:00,meal_disturbance,97.973,0.03578,1
SYN-0082,2026-01-07 13:46:00,meal_plus_hyperglycemic_excursion,144.658,0.03578,2
SYN-0082,2026-01-07 19:07:00,meal_disturbance,123.262,0.03578,3
SYN-0083,2026-01-01 08:09:00,meal_disturbance,109.329,0.04473,1
SYN-0083,2026-01-01 13:18:00,meal_disturbance,88.462,0.04473,2
SYN-0083,2026-01-01 18:35:00,meal_disturbance,87.187,0.04473,3
SYN-0083,2026-01-02 07:54:00,meal_disturbance,98.464,0.04473,1
SYN-0083,2026-01-02 12:36:00,meal_disturbance,77.339,0.04473,2
SYN-0083,2026-01-02 19:41:00,meal_plus_hyperglycemic_excursion,155.486,0.04473,3
SYN-0083,2026-01-03 08:34:00,meal_disturbance,77.181,0.04473,1
SYN-0083,2026-01-03 12:59:00,meal_plus_hyperglycemic_excursion,140.837,0.04473,2
SYN-0083,2026-01-03 19:11:00,meal_plus_hyperglycemic_excursion,157.699,0.04473,3
SYN-0083,2026-01-04 08:10:00,meal_disturbance,83.43,0.04473,1
SYN-0083,2026-01-04 13:03:00,meal_disturbance,54.895,0.04473,2
SYN-0083,2026-01-04 18:44:00,meal_plus_hyperglycemic_excursion,192.077,0.04473,3
SYN-0083,2026-01-05 07:00:00,meal_disturbance,114.057,0.04473,1
SYN-0083,2026-01-05 13:14:00,meal_disturbance,115.47,0.04473,2
SYN-0083,2026-01-05 18:33:00,meal_disturbance,75.697,0.04473,3
SYN-0083,2026-01-06 08:25:00,meal_plus_hyperglycemic_excursion,139.768,0.04473,1
SYN-0083,2026-01-06 13:03:00,meal_disturbance,32.281,0.04473,2
SYN-0083,2026-01-06 19:23:00,meal_plus_hyperglycemic_excursion,162.795,0.04473,3
SYN-0083,2026-01-07 08:32:00,meal_plus_hyperglycemic_excursion,173.687,0.04473,1
SYN-0083,2026-01-07 13:18:00,meal_disturbance,103.39,0.04473,2
SYN-0083,2026-01-07 18:18:00,meal_disturbance,87.023,0.04473,3
SYN-0084,2026-01-01 08:00:00,meal_disturbance,89.897,0.0351,1
SYN-0084,2026-01-01 12:55:00,meal_disturbance,81.594,0.0351,2
SYN-0084,2026-01-01 17:52:00,meal_disturbance,68.255,0.0351,3
SYN-0084,2026-01-02 07:57:00,meal_disturbance,78.777,0.0351,1
SYN-0084,2026-01-02 13:00:00,meal_disturbance,73.177,0.0351,2
SYN-0084,2026-01-02 18:41:00,meal_disturbance,83.417,0.0351,3
SYN-0084,2026-01-03 07:58:00,meal_plus_hyperglycemic_excursion,137.83,0.0351,1
SYN-0084,2026-01-03 14:07:00,meal_plus_hyperglycemic_excursion,155.331,0.0351,2
SYN-0084,2026-01-03 19:01:00,meal_disturbance,77.71,0.0351,3
SYN-0084,2026-01-04 08:14:00,meal_disturbance,70.961,0.0351,1
SYN-0084,2026-01-04 12:12:00,meal_plus_hyperglycemic_excursion,180.22,0.0351,2
SYN-0084,2026-01-04 18:12:00,meal_plus_hyperglycemic_excursion,158.721,0.0351,3
SYN-0084,2026-01-05 08:35:00,meal_disturbance,82.076,0.0351,1
SYN-0084,2026-01-05 13:32:00,meal_disturbance,70.103,0.0351,2
SYN-0084,2026-01-05 19:08:00,meal_plus_hyperglycemic_excursion,139.454,0.0351,3
SYN-0084,2026-01-06 07:38:00,meal_plus_hyperglycemic_excursion,175.712,0.0351,1
SYN-0084,2026-01-06 12:37:00,meal_disturbance,66.556,0.0351,2
SYN-0084,2026-01-06 18:06:00,meal_disturbance,70.24,0.0351,3
SYN-0084,2026-01-07 08:32:00,meal_plus_hyperglycemic_excursion,141.002,0.0351,1
SYN-0084,2026-01-07 12:42:00,meal_disturbance,73.124,0.0351,2
SYN-0084,2026-01-07 19:21:00,meal_plus_hyperglycemic_excursion,196.031,0.0351,3
SYN-0085,2026-01-01 08:50:00,meal_plus_hyperglycemic_excursion,179.959,0.02219,1
SYN-0085,2026-01-01 13:02:00,meal_disturbance,98.867,0.02219,2
SYN-0085,2026-01-01 18:52:00,meal_plus_hyperglycemic_excursion,158.602,0.02219,3
SYN-0085,2026-01-02 07:36:00,meal_plus_hyperglycemic_excursion,152.368,0.02219,1
SYN-0085,2026-01-02 13:20:00,meal_disturbance,89.361,0.02219,2
SYN-0085,2026-01-02 18:31:00,meal_disturbance,94.671,0.02219,3
SYN-0085,2026-01-03 08:18:00,meal_plus_hyperglycemic_excursion,172.645,0.02219,1
SYN-0085,2026-01-03 13:15:00,meal_disturbance,96.865,0.02219,2
SYN-0085,2026-01-03 19:29:00,meal_plus_hyperglycemic_excursion,122.629,0.02219,3
SYN-0085,2026-01-04 07:49:00,meal_plus_hyperglycemic_excursion,147.282,0.02219,1
SYN-0085,2026-01-04 13:34:00,meal_plus_hyperglycemic_excursion,218.12,0.02219,2
SYN-0085,2026-01-04 19:33:00,meal_disturbance,109.636,0.02219,3
SYN-0085,2026-01-05 07:57:00,meal_plus_hyperglycemic_excursion,146.983,0.02219,1
SYN-0085,2026-01-05 13:01:00,meal_plus_hyperglycemic_excursion,165.401,0.02219,2
SYN-0085,2026-01-05 18:30:00,meal_plus_hyperglycemic_excursion,204.326,0.02219,3
SYN-0085,2026-01-06 08:30:00,meal_disturbance,91.646,0.02219,1
SYN-0085,2026-01-06 13:26:00,meal_plus_hyperglycemic_excursion,164.356,0.02219,2
SYN-0085,2026-01-06 19:31:00,meal_plus_hyperglycemic_excursion,207.754,0.02219,3
SYN-0085,2026-01-07 07:54:00,meal_disturbance,79.717,0.02219,1
SYN-0085,2026-01-07 13:08:00,meal_disturbance,88.428,0.02219,2
SYN-0085,2026-01-07 18:37:00,meal_disturbance,80.74,0.02219,3
SYN-0086,2026-01-01 07:34:00,meal_disturbance,93.984,0.03325,1
SYN-0086,2026-01-01 13:51:00,meal_plus_hyperglycemic_excursion,205.795,0.03325,2
SYN-0086,2026-01-01 18:48:00,meal_disturbance,65.774,0.03325,3
SYN-0086,2026-01-02 08:48:00,meal_disturbance,89.324,0.03325,1
SYN-0086,2026-01-02 12:20:00,meal_disturbance,89.103,0.03325,2
SYN-0086,2026-01-02 19:46:00,meal_plus_hyperglycemic_excursion,203.555,0.03325,3
SYN-0086,2026-01-03 08:07:00,meal_disturbance,63.069,0.03325,1
SYN-0086,2026-01-03 12:50:00,meal_disturbance,58.507,0.03325,2
SYN-0086,2026-01-03 19:24:00,meal_disturbance,87.61,0.03325,3
SYN-0086,2026-01-04 08:10:00,meal_disturbance,61.805,0.03325,1
SYN-0086,2026-01-04 12:35:00,meal_disturbance,84.005,0.03325,2
SYN-0086,2026-01-04 18:51:00,meal_disturbance,86.648,0.03325,3
SYN-0086,2026-01-05 07:26:00,meal_plus_hyperglycemic_excursion,180.3,0.03325,1
SYN-0086,2026-01-05 11:55:00,meal_disturbance,73.934,0.03325,2
SYN-0086,2026-01-05 19:05:00,meal_plus_hyperglycemic_excursion,194.524,0.03325,3
SYN-0086,2026-01-06 07:53:00,meal_plus_hyperglycemic_excursion,124.095,0.03325,1
SYN-0086,2026-01-06 13:13:00,meal_plus_hyperglycemic_excursion,124.645,0.03325,2
SYN-0086,2026-01-06 19:12:00,meal_disturbance,75.618,0.03325,3
SYN-0086,2026-01-07 08:15:00,meal_disturbance,87.411,0.03325,1
SYN-0086,2026-01-07 13:27:00,meal_plus_hyperglycemic_excursion,160.33,0.03325,2
SYN-0086,2026-01-07 18:17:00,meal_plus_hyperglycemic_excursion,144.52,0.03325,3
SYN-0087,2026-01-01 08:36:00,meal_plus_hyperglycemic_excursion,156.633,0.02356,1
SYN-0087,2026-01-01 12:42:00,meal_plus_hyperglycemic_excursion,163.474,0.02356,2
SYN-0087,2026-01-01 19:04:00,meal_plus_hyperglycemic_excursion,186.346,0.02356,3
SYN-0087,2026-01-02 08:15:00,meal_disturbance,68.39,0.02356,1
SYN-0087,2026-01-02 12:22:00,meal_disturbance,94.103,0.02356,2
SYN-0087,2026-01-02 20:17:00,meal_disturbance,93.756,0.02356,3
SYN-0087,2026-01-03 08:09:00,meal_disturbance,85.756,0.02356,1
SYN-0087,2026-01-03 13:06:00,meal_disturbance,78.053,0.02356,2
SYN-0087,2026-01-03 19:15:00,meal_disturbance,86.873,0.02356,3
SYN-0087,2026-01-04 07:13:00,meal_disturbance,108.685,0.02356,1
SYN-0087,2026-01-04 12:42:00,meal_plus_hyperglycemic_excursion,190.145,0.02356,2
SYN-0087,2026-01-04 19:27:00,meal_plus_hyperglycemic_excursion,173.865,0.02356,3
SYN-0087,2026-01-05 08:07:00,meal_disturbance,104.659,0.02356,1
SYN-0087,2026-01-05 12:17:00,meal_plus_hyperglycemic_excursion,163.551,0.02356,2
SYN-0087,2026-01-05 18:41:00,meal_disturbance,71.648,0.02356,3
SYN-0087,2026-01-06 08:07:00,meal_plus_hyperglycemic_excursion,197.333,0.02356,1
SYN-0087,2026-01-06 13:07:00,meal_plus_hyperglycemic_excursion,204.949,0.02356,2
SYN-0087,2026-01-06 18:18:00,meal_disturbance,102.189,0.02356,3
SYN-0087,2026-01-07 08:06:00,meal_disturbance,94.381,0.02356,1
SYN-0087,2026-01-07 12:30:00,meal_disturbance,116.245,0.02356,2
SYN-0087,2026-01-07 19:15:00,meal_disturbance,105.753,0.02356,3
SYN-0088,2026-01-01 07:38:00,meal_disturbance,101.364,0.03201,1
SYN-0088,2026-01-01 13:22:00,meal_plus_hyperglycemic_excursion,181.421,0.03201,2
SYN-0088,2026-01-01 19:02:00,meal_plus_hyperglycemic_excursion,150.863,0.03201,3
SYN-0088,2026-01-02 07:54:00,meal_plus_hyperglycemic_excursion,191.489,0.03201,1
SYN-0088,2026-01-02 13:10:00,meal_plus_hyperglycemic_excursion,160.448,0.03201,2
SYN-0088,2026-01-02 17:59:00,meal_plus_hyperglycemic_excursion,173.321,0.03201,3
SYN-0088,2026-01-03 07:47:00,meal_plus_hyperglycemic_excursion,206.133,0.03201,1
SYN-0088,2026-01-03 14:11:00,meal_disturbance,114.883,0.03201,2
SYN-0088,2026-01-03 19:04:00,meal_disturbance,83.111,0.03201,3
SYN-0088,2026-01-04 08:09:00,meal_plus_hyperglycemic_excursion,189.163,0.03201,1
SYN-0088,2026-01-04 13:23:00,meal_disturbance,119.758,0.03201,2
SYN-0088,2026-01-04 19:45:00,meal_disturbance,84.55,0.03201,3
SYN-0088,2026-01-05 08:54:00,meal_disturbance,99.293,0.03201,1
SYN-0088,2026-01-05 13:55:00,meal_disturbance,66.311,0.03201,2
SYN-0088,2026-01-05 18:09:00,meal_plus_hyperglycemic_excursion,176.985,0.03201,3
SYN-0088,2026-01-06 08:56:00,meal_disturbance,104.586,0.03201,1
SYN-0088,2026-01-06 12:36:00,meal_disturbance,105.092,0.03201,2
SYN-0088,2026-01-06 18:39:00,meal_plus_hyperglycemic_excursion,118.268,0.03201,3
SYN-0088,2026-01-07 08:51:00,meal_disturbance,92.228,0.03201,1
SYN-0088,2026-01-07 14:38:00,meal_plus_hyperglycemic_excursion,144.735,0.03201,2
SYN-0088,2026-01-07 19:34:00,meal_disturbance,104.799,0.03201,3
SYN-0089,2026-01-01 08:25:00,meal_plus_hyperglycemic_excursion,174.669,0.03709,1
SYN-0089,2026-01-01 13:50:00,meal_plus_hyperglycemic_excursion,166.397,0.03709,2
SYN-0089,2026-01-01 18:24:00,meal_disturbance,93.512,0.03709,3
SYN-0089,2026-01-02 08:11:00,meal_disturbance,76.14,0.03709,1
SYN-0089,2026-01-02 13:18:00,meal_disturbance,72.48,0.03709,2
SYN-0089,2026-01-02 19:39:00,meal_disturbance,63.436,0.03709,3
SYN-0089,2026-01-03 08:06:00,meal_disturbance,92.206,0.03709,1
SYN-0089,2026-01-03 12:58:00,meal_disturbance,96.88,0.03709,2
SYN-0089,2026-01-03 19:11:00,meal_disturbance,94.321,0.03709,3
SYN-0089,2026-01-04 08:47:00,meal_disturbance,55.436,0.03709,1
SYN-0089,2026-01-04 13:06:00,meal_disturbance,87.578,0.03709,2
SYN-0089,2026-01-04 19:27:00,meal_disturbance,88.901,0.03709,3
SYN-0089,2026-01-05 08:02:00,meal_disturbance,85.361,0.03709,1
SYN-0089,2026-01-05 12:43:00,meal_disturbance,71.759,0.03709,2
SYN-0089,2026-01-05 17:37:00,meal_disturbance,71.182,0.03709,3
SYN-0089,2026-01-06 07:25:00,meal_disturbance,98.89,0.03709,1
SYN-0089,2026-01-06 13:29:00,meal_disturbance,91.98,0.03709,2
SYN-0089,2026-01-06 19:28:00,meal_disturbance,80.429,0.03709,3
SYN-0089,2026-01-07 07:50:00,meal_disturbance,72.543,0.03709,1
SYN-0089,2026-01-07 12:57:00,meal_plus_hyperglycemic_excursion,220.817,0.03709,2
SYN-0089,2026-01-07 18:59:00,meal_disturbance,65.033,0.03709,3
SYN-0090,2026-01-01 08:43:00,meal_plus_hyperglycemic_excursion,174.642,0.02846,1
SYN-0090,2026-01-01 12:03:00,meal_plus_hyperglycemic_excursion,129.627,0.02846,2
SYN-0090,2026-01-01 19:03:00,meal_disturbance,72.341,0.02846,3
SYN-0090,2026-01-02 07:12:00,meal_plus_hyperglycemic_excursion,171.029,0.02846,1
SYN-0090,2026-01-02 13:47:00,meal_plus_hyperglycemic_excursion,130.824,0.02846,2
SYN-0090,2026-01-02 18:39:00,meal_plus_hyperglycemic_excursion,169.568,0.02846,3
SYN-0090,2026-01-03 07:56:00,meal_disturbance,77.266,0.02846,1
SYN-0090,2026-01-03 12:16:00,meal_plus_hyperglycemic_excursion,126.994,0.02846,2
SYN-0090,2026-01-03 19:04:00,meal_disturbance,87.362,0.02846,3
SYN-0090,2026-01-04 07:20:00,meal_disturbance,57.653,0.02846,1
SYN-0090,2026-01-04 12:16:00,meal_disturbance,75.843,0.02846,2
SYN-0090,2026-01-04 18:31:00,meal_disturbance,31.014,0.02846,3
SYN-0090,2026-01-05 09:11:00,meal_disturbance,104.032,0.02846,1
SYN-0090,2026-01-05 13:23:00,meal_disturbance,57.777,0.02846,2
SYN-0090,2026-01-05 19:31:00,meal_plus_hyperglycemic_excursion,178.117,0.02846,3
SYN-0090,2026-01-06 07:24:00,meal_plus_hyperglycemic_excursion,167.845,0.02846,1
SYN-0090,2026-01-06 12:31:00,meal_disturbance,71.08,0.02846,2
SYN-0090,2026-01-06 19:05:00,meal_disturbance,51.78,0.02846,3
SYN-0090,2026-01-07 08:36:00,meal_disturbance,67.223,0.02846,1
SYN-0090,2026-01-07 13:01:00,meal_plus_hyperglycemic_excursion,130.564,0.02846,2
SYN-0090,2026-01-07 18:30:00,meal_disturbance,61.406,0.02846,3
SYN-0091,2026-01-01 08:09:00,meal_disturbance,54.212,0.04314,1
SYN-0091,2026-01-01 12:56:00,meal_plus_hyperglycemic_excursion,169.143,0.04314,2
SYN-0091,2026-01-01 18:50:00,meal_disturbance,104.889,0.04314,3
SYN-0091,2026-01-02 08:12:00,meal_disturbance,104.433,0.04314,1
SYN-0091,2026-01-02 13:08:00,meal_plus_hyperglycemic_excursion,213.637,0.04314,2
SYN-0091,2026-01-02 19:05:00,meal_disturbance,88.906,0.04314,3
SYN-0091,2026-01-03 07:05:00,meal_disturbance,84.323,0.04314,1
SYN-0091,2026-01-03 11:44:00,meal_disturbance,85.18,0.04314,2
SYN-0091,2026-01-03 19:31:00,meal_disturbance,77.283,0.04314,3
SYN-0091,2026-01-04 07:25:00,meal_disturbance,69.453,0.04314,1
SYN-0091,2026-01-04 13:25:00,meal_disturbance,91.716,0.04314,2
SYN-0091,2026-01-04 19:23:00,meal_disturbance,49.604,0.04314,3
SYN-0091,2026-01-05 07:51:00,meal_disturbance,112.21,0.04314,1
SYN-0091,2026-01-05 12:03:00,meal_plus_hyperglycemic_excursion,160.888,0.04314,2
SYN-0091,2026-01-05 19:30:00,meal_plus_hyperglycemic_excursion,142.561,0.04314,3
SYN-0091,2026-01-06 07:19:00,meal_plus_hyperglycemic_excursion,128.618,0.04314,1
SYN-0091,2026-01-06 12:16:00,meal_disturbance,109.048,0.04314,2
SYN-0091,2026-01-06 17:39:00,meal_disturbance,102.55,0.04314,3
SYN-0091,2026-01-07 08:36:00,meal_disturbance,80.112,0.04314,1
SYN-0091,2026-01-07 13:02:00,meal_disturbance,110.836,0.04314,2
SYN-0091,2026-01-07 19:12:00,meal_plus_hyperglycemic_excursion,162.957,0.04314,3
SYN-0092,2026-01-01 08:36:00,meal_disturbance,78.219,0.0394,1
SYN-0092,2026-01-01 12:08:00,meal_disturbance,86.584,0.0394,2
SYN-0092,2026-01-01 18:50:00,meal_disturbance,88.619,0.0394,3
SYN-0092,2026-01-02 07:39:00,meal_disturbance,93.285,0.0394,1
SYN-0092,2026-01-02 12:21:00,meal_disturbance,77.694,0.0394,2
SYN-0092,2026-01-02 19:08:00,meal_plus_hyperglycemic_excursion,161.733,0.0394,3
SYN-0092,2026-01-03 07:43:00,meal_plus_hyperglycemic_excursion,149.217,0.0394,1
SYN-0092,2026-01-03 13:45:00,meal_plus_hyperglycemic_excursion,161.781,0.0394,2
SYN-0092,2026-01-03 19:50:00,meal_disturbance,99.166,0.0394,3
SYN-0092,2026-01-04 06:59:00,meal_plus_hyperglycemic_excursion,151.76,0.0394,1
SYN-0092,2026-01-04 12:13:00,meal_plus_hyperglycemic_excursion,226.437,0.0394,2
SYN-0092,2026-01-04 19:24:00,meal_plus_hyperglycemic_excursion,167.227,0.0394,3
SYN-0092,2026-01-05 08:06:00,meal_plus_hyperglycemic_excursion,193.435,0.0394,1
SYN-0092,2026-01-05 11:59:00,meal_disturbance,113.02,0.0394,2
SYN-0092,2026-01-05 19:06:00,meal_disturbance,129.757,0.0394,3
SYN-0092,2026-01-06 07:23:00,meal_plus_hyperglycemic_excursion,197.529,0.0394,1
SYN-0092,2026-01-06 13:24:00,meal_plus_hyperglycemic_excursion,151.183,0.0394,2
SYN-0092,2026-01-06 19:28:00,meal_plus_hyperglycemic_excursion,163.179,0.0394,3
SYN-0092,2026-01-07 09:05:00,meal_disturbance,83.002,0.0394,1
SYN-0092,2026-01-07 12:28:00,meal_disturbance,77.342,0.0394,2
SYN-0092,2026-01-07 18:52:00,meal_disturbance,113.698,0.0394,3
SYN-0093,2026-01-01 07:53:00,meal_disturbance,107.937,0.03203,1
SYN-0093,2026-01-01 12:34:00,meal_plus_hyperglycemic_excursion,215.643,0.03203,2
SYN-0093,2026-01-01 19:23:00,meal_disturbance,54.162,0.03203,3
SYN-0093,2026-01-02 08:13:00,meal_disturbance,64.677,0.03203,1
SYN-0093,2026-01-02 13:13:00,meal_plus_hyperglycemic_excursion,183.244,0.03203,2
SYN-0093,2026-01-02 19:03:00,meal_plus_hyperglycemic_excursion,194.663,0.03203,3
SYN-0093,2026-01-03 08:02:00,meal_plus_hyperglycemic_excursion,118.977,0.03203,1
SYN-0093,2026-01-03 13:51:00,meal_disturbance,73.692,0.03203,2
SYN-0093,2026-01-03 18:36:00,meal_disturbance,83.039,0.03203,3
SYN-0093,2026-01-04 07:54:00,meal_disturbance,61.96,0.03203,1
SYN-0093,2026-01-04 13:22:00,meal_plus_hyperglycemic_excursion,173.32,0.03203,2
SYN-0093,2026-01-04 18:22:00,meal_disturbance,101.491,0.03203,3
SYN-0093,2026-01-05 07:49:00,meal_disturbance,102.236,0.03203,1
SYN-0093,2026-01-05 12:56:00,meal_plus_hyperglycemic_excursion,170.241,0.03203,2
SYN-0093,2026-01-05 19:47:00,meal_plus_hyperglycemic_excursion,127.229,0.03203,3
SYN-0093,2026-01-06 07:23:00,meal_disturbance,96.214,0.03203,1
SYN-0093,2026-01-06 13:25:00,meal_plus_hyperglycemic_excursion,209.869,0.03203,2
SYN-0093,2026-01-06 19:11:00,meal_disturbance,67.272,0.03203,3
SYN-0093,2026-01-07 07:40:00,meal_plus_hyperglycemic_excursion,112.293,0.03203,1
SYN-0093,2026-01-07 13:18:00,meal_disturbance,81.717,0.03203,2
SYN-0093,2026-01-07 18:39:00,meal_disturbance,97.265,0.03203,3
SYN-0094,2026-01-01 08:47:00,meal_plus_hyperglycemic_excursion,204.28,0.02292,1
SYN-0094,2026-01-01 14:17:00,meal_disturbance,105.69,0.02292,2
SYN-0094,2026-01-01 17:57:00,meal_disturbance,89.448,0.02292,3
SYN-0094,2026-01-02 08:13:00,meal_disturbance,106.5,0.02292,1
SYN-0094,2026-01-02 12:58:00,meal_disturbance,94.195,0.02292,2
SYN-0094,2026-01-02 18:36:00,meal_plus_hyperglycemic_excursion,159.469,0.02292,3
SYN-0094,2026-01-03 08:32:00,meal_plus_hyperglycemic_excursion,184.564,0.02292,1
SYN-0094,2026-01-03 13:08:00,meal_disturbance,99.212,0.02292,2
SYN-0094,2026-01-03 18:30:00,meal_plus_hyperglycemic_excursion,170.132,0.02292,3
SYN-0094,2026-01-04 08:29:00,meal_disturbance,60.888,0.02292,1
SYN-0094,2026-01-04 13:22:00,meal_disturbance,103.821,0.02292,2
SYN-0094,2026-01-04 19:10:00,meal_plus_hyperglycemic_excursion,157.001,0.02292,3
SYN-0094,2026-01-05 08:42:00,meal_plus_hyperglycemic_excursion,140.666,0.02292,1
SYN-0094,2026-01-05 12:01:00,meal_disturbance,72.618,0.02292,2
SYN-0094,2026-01-05 19:03:00,meal_disturbance,85.316,0.02292,3
SYN-0094,2026-01-06 09:01:00,meal_disturbance,55.091,0.02292,1
SYN-0094,2026-01-06 12:52:00,meal_plus_hyperglycemic_excursion,150.182,0.02292,2
SYN-0094,2026-01-06 19:41:00,meal_plus_hyperglycemic_excursion,194.498,0.02292,3
SYN-0094,2026-01-07 08:16:00,meal_disturbance,69.07,0.02292,1
SYN-0094,2026-01-07 13:47:00,meal_plus_hyperglycemic_excursion,123.887,0.02292,2
SYN-0094,2026-01-07 18:56:00,meal_plus_hyperglycemic_excursion,175.712,0.02292,3
SYN-0095,2026-01-01 07:55:00,meal_plus_hyperglycemic_excursion,143.708,0.02884,1
SYN-0095,2026-01-01 14:01:00,meal_plus_hyperglycemic_excursion,125.504,0.02884,2
SYN-0095,2026-01-01 19:57:00,meal_disturbance,82.095,0.02884,3
SYN-0095,2026-01-02 08:14:00,meal_disturbance,84.163,0.02884,1
SYN-0095,2026-01-02 12:30:00,meal_disturbance,75.801,0.02884,2
SYN-0095,2026-01-02 19:15:00,meal_disturbance,69.586,0.02884,3
SYN-0095,2026-01-03 08:28:00,meal_disturbance,81.316,0.02884,1
SYN-0095,2026-01-03 12:52:00,meal_plus_hyperglycemic_excursion,110.617,0.02884,2
SYN-0095,2026-01-03 18:35:00,meal_plus_hyperglycemic_excursion,135.833,0.02884,3
SYN-0095,2026-01-04 09:19:00,meal_disturbance,82.786,0.02884,1
SYN-0095,2026-01-04 12:53:00,meal_plus_hyperglycemic_excursion,146.545,0.02884,2
SYN-0095,2026-01-04 19:12:00,meal_disturbance,64.306,0.02884,3
SYN-0095,2026-01-05 07:45:00,meal_plus_hyperglycemic_excursion,124.127,0.02884,1
SYN-0095,2026-01-05 12:54:00,meal_disturbance,84.318,0.02884,2
SYN-0095,2026-01-05 19:35:00,meal_plus_hyperglycemic_excursion,157.999,0.02884,3
SYN-0095,2026-01-06 08:13:00,meal_disturbance,73.301,0.02884,1
SYN-0095,2026-01-06 12:22:00,meal_disturbance,105.759,0.02884,2
SYN-0095,2026-01-06 18:33:00,meal_plus_hyperglycemic_excursion,155.199,0.02884,3
SYN-0095,2026-01-07 08:00:00,meal_disturbance,73.442,0.02884,1
SYN-0095,2026-01-07 13:51:00,meal_disturbance,77.431,0.02884,2
SYN-0095,2026-01-07 19:30:00,meal_plus_hyperglycemic_excursion,75.31,0.02884,3
SYN-0096,2026-01-01 08:00:00,meal_plus_hyperglycemic_excursion,179.889,0.02377,1
SYN-0096,2026-01-01 13:11:00,meal_disturbance,84.454,0.02377,2
SYN-0096,2026-01-01 18:42:00,meal_plus_hyperglycemic_excursion,162.02,0.02377,3
SYN-0096,2026-01-02 07:11:00,meal_disturbance,56.732,0.02377,1
SYN-0096,2026-01-02 13:19:00,meal_disturbance,79.482,0.02377,2
SYN-0096,2026-01-02 18:58:00,meal_plus_hyperglycemic_excursion,165.515,0.02377,3
SYN-0096,2026-01-03 08:14:00,meal_disturbance,59.283,0.02377,1
SYN-0096,2026-01-03 13:00:00,meal_disturbance,91.961,0.02377,2
SYN-0096,2026-01-03 18:51:00,meal_disturbance,44.106,0.02377,3
SYN-0096,2026-01-04 07:51:00,meal_disturbance,71.969,0.02377,1
SYN-0096,2026-01-04 13:00:00,meal_disturbance,74.569,0.02377,2
SYN-0096,2026-01-04 17:54:00,meal_disturbance,64.406,0.02377,3
SYN-0096,2026-01-05 08:11:00,meal_disturbance,83.295,0.02377,1
SYN-0096,2026-01-05 12:50:00,meal_plus_hyperglycemic_excursion,160.738,0.02377,2
SYN-0096,2026-01-05 19:12:00,meal_plus_hyperglycemic_excursion,161.357,0.02377,3
SYN-0096,2026-01-06 07:19:00,meal_disturbance,73.004,0.02377,1
SYN-0096,2026-01-06 13:14:00,meal_disturbance,62.212,0.02377,2
SYN-0096,2026-01-06 18:38:00,meal_disturbance,55.299,0.02377,3
SYN-0096,2026-01-07 07:43:00,meal_disturbance,75.293,0.02377,1
SYN-0096,2026-01-07 11:35:00,meal_plus_hyperglycemic_excursion,132.061,0.02377,2
SYN-0096,2026-01-07 19:55:00,meal_plus_hyperglycemic_excursion,162.942,0.02377,3
SYN-0097,2026-01-01 07:34:00,meal_disturbance,66.741,0.03222,1
SYN-0097,2026-01-01 12:51:00,meal_plus_hyperglycemic_excursion,124.983,0.03222,2
SYN-0097,2026-01-01 19:12:00,meal_plus_hyperglycemic_excursion,174.413,0.03222,3
SYN-0097,2026-01-02 07:17:00,meal_disturbance,67.939,0.03222,1
SYN-0097,2026-01-02 12:42:00,meal_plus_hyperglycemic_excursion,153.018,0.03222,2
SYN-0097,2026-01-02 18:30:00,meal_disturbance,48.077,0.03222,3
SYN-0097,2026-01-03 07:26:00,meal_disturbance,70.447,0.03222,1
SYN-0097,2026-01-03 13:03:00,meal_plus_hyperglycemic_excursion,165.414,0.03222,2
SYN-0097,2026-01-03 17:59:00,meal_plus_hyperglycemic_excursion,124.947,0.03222,3
SYN-0097,2026-01-04 08:01:00,meal_plus_hyperglycemic_excursion,146.191,0.03222,1
SYN-0097,2026-01-04 12:09:00,meal_disturbance,27.666,0.03222,2
SYN-0097,2026-01-04 18:59:00,meal_disturbance,60.059,0.03222,3
SYN-0097,2026-01-05 07:46:00,meal_plus_hyperglycemic_excursion,102.414,0.03222,1
SYN-0097,2026-01-05 12:33:00,meal_disturbance,41.645,0.03222,2
SYN-0097,2026-01-05 18:17:00,meal_disturbance,43.732,0.03222,3
SYN-0097,2026-01-06 08:12:00,meal_plus_hyperglycemic_excursion,182.691,0.03222,1
SYN-0097,2026-01-06 13:35:00,meal_plus_hyperglycemic_excursion,110.129,0.03222,2
SYN-0097,2026-01-06 18:44:00,meal_plus_hyperglycemic_excursion,105.995,0.03222,3
SYN-0097,2026-01-07 07:14:00,meal_disturbance,62.753,0.03222,1
SYN-0097,2026-01-07 12:38:00,meal_disturbance,57.88,0.03222,2
SYN-0097,2026-01-07 20:22:00,meal_disturbance,54.554,0.03222,3
SYN-0098,2026-01-01 07:54:00,meal_disturbance,66.233,0.04468,1
SYN-0098,2026-01-01 13:21:00,meal_disturbance,54.019,0.04468,2
SYN-0098,2026-01-01 19:39:00,meal_plus_hyperglycemic_excursion,145.371,0.04468,3
SYN-0098,2026-01-02 08:02:00,meal_disturbance,65.824,0.04468,1
SYN-0098,2026-01-02 12:55:00,meal_plus_hyperglycemic_excursion,110.468,0.04468,2
SYN-0098,2026-01-02 18:38:00,meal_plus_hyperglycemic_excursion,151.041,0.04468,3
SYN-0098,2026-01-03 07:33:00,meal_disturbance,85.834,0.04468,1
SYN-0098,2026-01-03 12:44:00,meal_disturbance,66.829,0.04468,2
SYN-0098,2026-01-03 18:30:00,meal_disturbance,81.433,0.04468,3
SYN-0098,2026-01-04 08:16:00,meal_plus_hyperglycemic_excursion,154.251,0.04468,1
SYN-0098,2026-01-04 12:13:00,meal_disturbance,61.625,0.04468,2
SYN-0098,2026-01-04 18:44:00,meal_plus_hyperglycemic_excursion,132.996,0.04468,3
SYN-0098,2026-01-05 07:35:00,meal_disturbance,53.117,0.04468,1
SYN-0098,2026-01-05 12:21:00,meal_disturbance,55.145,0.04468,2
SYN-0098,2026-01-05 18:33:00,meal_disturbance,82.695,0.04468,3
SYN-0098,2026-01-06 08:38:00,meal_disturbance,53.989,0.04468,1
SYN-0098,2026-01-06 11:36:00,meal_disturbance,79.745,0.04468,2
SYN-0098,2026-01-06 19:22:00,meal_plus_hyperglycemic_excursion,156.565,0.04468,3
SYN-0098,2026-01-07 07:20:00,meal_plus_hyperglycemic_excursion,154.662,0.04468,1
SYN-0098,2026-01-07 12:47:00,meal_disturbance,48.651,0.04468,2
SYN-0098,2026-01-07 19:15:00,meal_plus_hyperglycemic_excursion,188.947,0.04468,3
SYN-0099,2026-01-01 08:24:00,meal_plus_hyperglycemic_excursion,146.966,0.02826,1
SYN-0099,2026-01-01 12:54:00,meal_disturbance,64.216,0.02826,2
SYN-0099,2026-01-01 19:12:00,meal_plus_hyperglycemic_excursion,175.282,0.02826,3
SYN-0099,2026-01-02 07:20:00,meal_plus_hyperglycemic_excursion,182.645,0.02826,1
SYN-0099,2026-01-02 13:42:00,meal_disturbance,86.305,0.02826,2
SYN-0099,2026-01-02 19:24:00,meal_plus_hyperglycemic_excursion,190.508,0.02826,3
SYN-0099,2026-01-03 08:32:00,meal_disturbance,84.332,0.02826,1
SYN-0099,2026-01-03 12:22:00,meal_plus_hyperglycemic_excursion,145.214,0.02826,2
SYN-0099,2026-01-03 18:51:00,meal_plus_hyperglycemic_excursion,194.966,0.02826,3
SYN-0099,2026-01-04 07:13:00,meal_disturbance,123.266,0.02826,1
SYN-0099,2026-01-04 13:38:00,meal_plus_hyperglycemic_excursion,118.962,0.02826,2
SYN-0099,2026-01-04 19:02:00,meal_plus_hyperglycemic_excursion,174.415,0.02826,3
SYN-0099,2026-01-05 08:04:00,meal_disturbance,108.595,0.02826,1
SYN-0099,2026-01-05 12:35:00,meal_disturbance,102.722,0.02826,2
SYN-0099,2026-01-05 18:49:00,meal_plus_hyperglycemic_excursion,137.667,0.02826,3
SYN-0099,2026-01-06 07:29:00,meal_disturbance,92.678,0.02826,1
SYN-0099,2026-01-06 12:27:00,meal_plus_hyperglycemic_excursion,191.046,0.02826,2
SYN-0099,2026-01-06 20:22:00,meal_plus_hyperglycemic_excursion,218.648,0.02826,3
SYN-0099,2026-01-07 08:40:00,meal_disturbance,101.282,0.02826,1
SYN-0099,2026-01-07 12:19:00,meal_disturbance,111.376,0.02826,2
SYN-0099,2026-01-07 19:10:00,meal_disturbance,85.155,0.02826,3
SYN-0100,2026-01-01 07:52:00,meal_plus_hyperglycemic_excursion,169.164,0.02476,1
SYN-0100,2026-01-01 12:53:00,meal_plus_hyperglycemic_excursion,150.612,0.02476,2
SYN-0100,2026-01-01 19:08:00,meal_disturbance,108.749,0.02476,3
SYN-0100,2026-01-02 08:09:00,meal_plus_hyperglycemic_excursion,206.396,0.02476,1
SYN-0100,2026-01-02 13:03:00,meal_plus_hyperglycemic_excursion,136.991,0.02476,2
SYN-0100,2026-01-02 18:55:00,meal_disturbance,116.065,0.02476,3
SYN-0100,2026-01-03 08:35:00,meal_disturbance,80.457,0.02476,1
SYN-0100,2026-01-03 14:04:00,meal_disturbance,82.357,0.02476,2
SYN-0100,2026-01-03 19:21:00,meal_plus_hyperglycemic_excursion,182.633,0.02476,3
SYN-0100,2026-01-04 07:32:00,meal_disturbance,56.776,0.02476,1
SYN-0100,2026-01-04 12:58:00,meal_disturbance,106.707,0.02476,2
SYN-0100,2026-01-04 19:32:00,meal_disturbance,122.789,0.02476,3
SYN-0100,2026-01-05 07:45:00,meal_disturbance,89.431,0.02476,1
SYN-0100,2026-01-05 15:05:00,meal_disturbance,86.228,0.02476,2
SYN-0100,2026-01-05 19:32:00,meal_disturbance,98.7,0.02476,3
SYN-0100,2026-01-06 08:40:00,meal_disturbance,134.301,0.02476,1
SYN-0100,2026-01-06 12:43:00,meal_disturbance,81.097,0.02476,2
SYN-0100,2026-01-06 18:43:00,meal_plus_hyperglycemic_excursion,164.168,0.02476,3
SYN-0100,2026-01-07 08:34:00,meal_disturbance,87.579,0.02476,1
SYN-0100,2026-01-07 12:54:00,meal_plus_hyperglycemic_excursion,139.986,0.02476,2
SYN-0100,2026-01-07 19:21:00,meal_disturbance,97.203,0.02476,3
